word,pos_tag,level
a,JJ,1
a,DT,1
a,IN,1
a,NN,1
a,VB,1
abandon,NNP,3
abandon,VB,3
abbey,JJ,6
abbey,NNP,4.85979654784021
abbey,IN,6
abbey,VB,6
abdomen,NNP,4.46829094348128
abdomen,IN,6
abdomen,RB,6
abdomen,VB,6
ability,NN,2
able,JJ,3
abnormal,JJ,3
aboard,IN,3
aboard,RB,3
aboard,RP,3
abolish,VB,4
aboriginal,JJ,4
aboriginal,NN,4
about,IN,1
about,RB,1
about,RP,1
about,NN,1
about,VB,1
above,IN,1
above,JJ,3
above,NN,1.66666666666667
above,RB,1
abrasive,NN,6
abrasive,JJ,6
abrasive,RB,6
abrasive,VB,6
abroad,RB,2
absence,NN,3
absent,JJ,3
absent,VB,3
absolute,NN,3
absolute,JJ,3
absolutely,RB,3
absorb,VB,3
abstract,NN,3
abstract,JJ,3
absurd,JJ,4
abundance,NN,3
abundant,JJ,3
abuse,VB,4
abuse,NN,4
abusive,NN,6
abusive,JJ,6
abusive,VB,6
abusive,CD,6
academic,NNP,3
academic,JJ,3
academy,NN,3
acc,JJ,6
acc,VB,6
acc,NN,6
acc,IN,6
accelerate,VB,5.44140000723434
acceleration,NN,4.03920760098061
accelerator,NN,5.73690724824174
accelerator,JJ,6
accelerator,VB,6
accent,NN,3
accept,VB,2
acceptable,JJ,2
acceptance,NN,3
accepted,VBN,2
accepted,JJ,2
accepted,NN,2
access,NN,3
access,VB,4
access,JJ,3.5
accessible,JJ,3
accessories,NNS,3
accident,NN,2
accidental,JJ,3
accidental,NN,3
accidentally,NN,3
accidentally,RB,3
accommodate,VB,3.95077444651101
accommodation,NN,4
accommodation,VB,4
accommodation,JJ,4
accompany,VB,3
accomplish,VB,3
accomplishment,NN,3
accord,NN,4.03569119709718
accord,VB,6
accordance,NN,1.92009287269446
according,NN,3.81926920395562
according,VBG,3.81926920395562
accordion,NN,3.81926920395562
accordion,JJ,3.81926920395562
account,NN,2
account,VB,3
account,JJ,2.5
accountability,NN,2.5
accountable,NN,2.5
accountable,JJ,2.5
accountable,VB,2.5
accountant,NN,3
accounting,NN,2.5
accounting,JJ,2.5
accounting,VB,2.5
accounts,NNS,2.5
accounts,VB,2.5
accredited,JJ,6
accredited,VBN,6
accredited,NN,6
accumulate,VB,4
accumulate,NN,4
accumulate,JJ,4
accumulate,RB,4
accuracy,NN,3
accurate,JJ,3
accuse,VB,3
ache,NN,3
ache,JJ,3.5
ache,IN,3.5
ache,DT,3.5
ache,VB,4
achieve,VB,2
achievement,NN,3
acid,NN,4
acid,JJ,4
acknowledge,VB,3
acoustic,NN,6
acoustic,JJ,4.85535915767038
acoustic,VB,6
acquaint,VB,6
acquaint,NN,6
acquaint,JJ,6
acquaintance,NN,3
acquaintance,VB,3
acquaintance,JJ,3
acquire,VB,3
acquire,NNP,3
acquisition,NN,4
acquisition,JJ,4
acre,JJ,4.73439149104664
acre,NN,3.2139680329495
across,JJ,2
across,RB,2
across,IN,2
across,RP,2
across,NN,2
act,NN,2
act,VB,3
action,NN,1
action,JJ,1
actions,NNS,1
activate,VB,2.5
activate,JJ,2.5
activate,NN,2.5
activate,RB,2.5
activation,NN,2.5
activation,JJ,2.5
activation,VB,2.5
active,JJ,3
active,NN,3
actively,RB,4
activism,NN,2.5
activities,NNS,1
activity,NN,1
actor,NN,1
actress,NN,3
acts,VB,2.5
acts,NNS,2.5
actual,JJ,4
actually,RB,2
actuary,JJ,6
actuary,NN,6
actuary,RP,6
actuator,NN,6
actuator,JJ,6
actuator,VB,6
acupuncture,NN,6
acupuncture,JJ,6
acute,JJ,4
adapt,VB,3
adaptability,NN,3
adaptability,JJ,3
adaptable,JJ,4
adaptable,NN,4
adaptation,NN,3.70794208089599
adapter,NN,3
adapter,VB,3
adapter,JJ,3
add,VB,1
add,JJ,1
added,VBN,1
added,NN,1
added,JJ,1
addict,NN,4
addict,VB,4
addict,JJ,4
addiction,NN,4
addiction,JJ,4
adding,VBG,1
addition,NN,2
additional,JJ,2
address,NN,1
address,VB,3
address,JJ,2
addresses,VB,2
addresses,NNS,2
adequate,JJ,4
adequately,RB,4
adjacent,JJ,2.75994354613594
adjust,VB,2
adjustment,NN,4
admin,NN,5.63011607978361
admin,IN,6
admin,RB,6
admin,VB,6
admin,JJ,6
administer,VB,4.49180105979549
administer,NN,6
administer,JJ,6
administer,IN,6
administer,RB,6
administration,NN,3
administration,JJ,3
administrative,JJ,4
administrator,NN,2.58761917904201
admirable,JJ,4
admiral,NNP,3.6964875700222
admiral,JJ,6
admiral,VB,6
admiral,RB,6
admiration,NN,3
admiration,VB,3
admire,NNP,2
admire,VB,2
admire,RB,2
admire,JJ,2
admission,NN,3
admit,VB,2
admittedly,RB,4
admittedly,NN,4
admittedly,JJ,4
adolescent,JJ,5.41332082248183
adolescent,NN,5.50447916444803
adolescent,VB,6
adopt,VB,3
adopted,VBN,4
adopted,JJ,4
adoption,NN,4
adorable,NN,3
adorable,JJ,3
adoration,NN,6
adoration,VB,6
adore,VB,4
adore,NNP,4
adore,JJ,4
adore,RB,4
ads,NNS,3
adult,NN,2
adult,JJ,2
adults,NNS,2
advance,NNP,4
advance,VB,3
advance,JJ,3.5
advanced,JJ,2
advanced,NN,2
advanced,VB,2
advancement,NN,4
advantage,NN,2
advantage,VB,2
adventure,NN,2
adverse,JJ,4
advertise,VB,3
advertisement,NN,2
advertiser,NN,5.85920963875049
advertising,NN,2
advertising,JJ,2
advertising,VB,2
advice,NN,2
advise,VB,2
advisor,NN,3
advisor,CC,3
advisor,JJ,3
advisor,VB,3
advisory,NN,3.39505749221604
advisory,JJ,3.95634844202067
advocacy,NN,4.91776397669652
advocacy,JJ,6
advocate,VB,5.21421234330247
advocate,NN,4.47190574598863
aerial,NN,6
aerial,JJ,4.620055017458
aerial,RB,6
aerobic,JJ,6
aerobic,NN,6
aerobic,VB,6
aerospace,JJ,6
aerospace,NN,4.86108154042672
aesthetic,JJ,4.00881750568842
aesthetic,NN,6
affair,NN,2
affairs,NNS,2
affairs,JJ,2
affect,VB,3
affected,VBN,3
affected,JJ,3
affection,NN,3
affiliate,NN,5.56253703604562
affiliates,NNS,5.56253703604562
afford,VB,3
affordable,JJ,4
afghan,JJ,6
afghan,NNP,6
aforementioned,JJ,6
aforementioned,VBN,6
aforementioned,CD,6
afraid,JJ,1
african,NN,2.77102969396269
african,JJ,2.45455275913826
after,JJ,2
after,IN,1
after,RB,2
after,NN,2
after,CC,3
aftermath,NN,5.62206255317287
afternoon,NN,1
afternoon,JJ,1
afternoon,RB,1
aftertaste,NN,6
afterward,RB,3
again,NN,1
again,JJ,1
again,RB,1
against,NN,2
against,IN,2
age,JJ,1
age,NN,1
age,VB,1
aged,JJ,2
aged,VB,2
agencies,NNS,2
agency,NN,2
agency,JJ,2
agenda,NN,3
agent,NN,2
agents,NNS,2
ages,NNS,1
aggravate,VB,6
aggregate,NN,4.02878246977981
aggregate,VB,6
aggregate,JJ,3.91337247658778
aggregate,RB,6
aggression,NN,4.05827005026466
aggression,VB,6
aggression,JJ,6
aggressive,JJ,3
agile,NNP,6
agile,IN,6
agile,JJ,6
agile,VB,6
agile,RB,6
aging,NN,1
aging,JJ,1
aging,VB,1
ago,RB,1
ago,IN,1
ago,JJ,1
agony,NN,4
agree,VB,1
agreed,JJ,1
agreed,VBD,1
agreement,NN,3
agricultural,NN,3
agricultural,JJ,3
agriculture,NN,3
ahead,RB,2
ahead,RP,2
ahead,NN,2
aid,NNP,3
aid,VB,3
aide,NN,3
aids,JJ,3
aids,NNS,3
aids,VB,3
ailment,NN,6
ailment,JJ,6
aim,NN,3
aim,VB,4
air,NN,2
air,VB,2
air,JJ,2
airbag,NN,6
aircraft,NN,4
aircraft,JJ,4
airline,NN,3
airline,JJ,3
airplane,NN,1
airport,NN,1
aisle,NN,2
akin,JJ,5.46314236031784
alarm,NN,2
alarm,VB,3
albeit,IN,4.90630009612356
album,NN,1
albums,NNS,1
albums,VB,1
alcohol,NN,3
alcoholic,JJ,3
alcoholic,NN,4
alert,NN,4
alert,VB,4
alert,JJ,4
algebra,NN,4.89868569762907
algebra,DT,6
algebra,JJ,6
algebra,VB,6
algebra,IN,6
algebra,RP,6
algorithm,VB,6
algorithm,NN,3.20383421406311
algorithm,DT,6
algorithm,JJ,6
alien,NN,5.18281124994953
alien,JJ,4.18545598426094
alignment,JJ,6
alignment,NN,4.41562040057838
alignment,VB,6
alike,RB,3
alike,JJ,3
alive,JJ,2
alive,RB,2
alkali,NNP,5.48657996084946
alkali,DT,6
alkali,VB,6
alkali,JJ,6
alkali,RB,6
alkaline,JJ,5.12629008856323
alkaline,NN,6
alkaline,IN,6
alkaline,PRP,6
alkaline,VB,6
all,RB,2
all,JJ,1.33333333333333
all,NN,1.33333333333333
all,DT,1
all,PRP,1
alleged,VBN,5.87369328058351
alleged,JJ,5.87369328058351
allegedly,RB,4.8202987316764
allegiance,NN,5.11836512538498
allergic,NN,3
allergic,JJ,3
allergic,VB,3
allergy,NN,5.87233873145963
allergy,VB,6
alleviate,VB,5.65181377370024
alley,NNP,5.05760882453459
alleyway,NNP,6
alliance,NN,4
alligator,DT,6
alligator,NN,6
allocate,NN,6
allocate,VB,5.66302023980614
allocate,JJ,6
allocate,RB,6
allocation,JJ,6
allocation,NN,3.19923574001769
allotment,NN,4.98137874931088
allotment,VB,6
allotment,RB,6
allotment,JJ,6
allow,VB,2
allowance,NN,3
allowed,JJ,2
allowed,VBN,2
allows,VB,2
alloy,NN,3.7212513359737
alloy,IN,6
alloy,VB,6
alloy,JJ,6
ally,VB,4
ally,NN,4
almighty,NN,5.82371680732243
almighty,VB,6
almighty,JJ,6
almighty,CD,6
almighty,RB,6
almost,RB,1
alone,JJ,2
alone,RB,1
along,RB,1
along,RP,1.5
along,IN,2
alongside,IN,4
alongside,RB,4
aloof,NN,6
aloof,JJ,6
aloof,VB,6
aloof,DT,6
aloof,IN,6
alpha,NN,6
alpha,DT,6
alpha,JJ,6
alpha,VB,6
alpha,RP,6
alpha,IN,6
alphabet,NN,3
already,RB,1
already,JJ,1
alright,NN,2
alright,DT,2
alright,VB,2
alright,RB,2
alright,JJ,2
also,RB,1
also,NN,1
altar,NNP,4
altar,RB,4
altar,DT,4
altar,VB,4
altar,JJ,4
altar,IN,4
alter,NNP,4
alter,VB,4
alternate,VB,4
alternate,NN,4
alternate,JJ,4
alternative,JJ,3
alternative,NN,3
alternator,NN,6
alternator,VB,6
alternator,IN,6
alternator,JJ,6
although,IN,2
although,CC,2
altitude,NN,4
altitude,JJ,4
alto,NN,5.54998445455541
altogether,RB,3
altruistic,NN,6
altruistic,JJ,6
aluminium,JJ,4
aluminium,NN,4
aluminium,VB,4
aluminum,NN,4
aluminum,JJ,4
alumni,NNS,6
alumni,VB,6
alumnus,NN,6
always,RB,1
always,NN,1
am,NN,1
am,VB,1
am,RB,1
amateur,JJ,5.56457095639942
amateur,NN,5.86772719569687
amaze,NN,4
amaze,VB,4
amazement,NN,4
amazing,JJ,3
amazing,NN,3
ambassador,NNP,4
ambiguity,NN,4
ambiguous,JJ,4
ambiguously,RB,6
ambiguously,JJ,6
ambition,NN,2
ambitious,JJ,3
ambulance,NN,3
ambush,NNP,6
ambush,JJ,6
ambush,VB,6
amen,JJ,6
amend,VB,2.84134347286574
amend,NN,6
amend,IN,6
amend,CC,6
amend,JJ,6
amend,RP,6
amend,RB,6
amendment,NN,1.71555593549707
amendment,JJ,6
amenities,NNS,6
amenities,VB,6
america,NNP,1.38464447026715
american,JJ,1.31390478064251
american,NN,1.17131487569789
americans,NNPS,1
amid,IN,4.77320311994138
amino,JJ,4.11756347535315
amino,NNP,5.08488599661097
amino,VB,6
amino,DT,6
amino,RB,6
ammunition,NN,4.50916673023955
among,IN,2
amongst,NN,4
amongst,IN,4
amongst,JJ,4
amongst,VB,4
amongst,RB,4
amount,NN,3
amount,JJ,3
amount,VB,3
amounts,NNS,3
amounts,VB,3
ampere,JJ,5.60382742577208
ampere,NNP,5.60382742577208
ampere,RB,5.60382742577208
ampere,CD,5.60382742577208
ampere,IN,5.60382742577208
ampere,VB,5.60382742577208
ample,JJ,4
amplify,NN,4
amplify,VB,4
amplify,IN,4
amplify,JJ,4
amplitude,JJ,6
amplitude,VB,6
amplitude,NN,3.82748230252256
amplitude,IN,6
amputate,VB,6
amuse,VB,4
amuse,NNP,4
amuse,IN,4
amusement,VB,2
amusement,NN,2
amusement,JJ,2
an,NNP,1
an,DT,1
an,CC,1
anaemia,NN,6
analog,NNP,5.87980007014263
analog,JJ,5.77393872769426
analogy,NN,4
analogy,JJ,4
analogy,VB,4
analysis,NN,3
analyst,NN,4
analytical,NN,5.61623694582541
analytical,JJ,3.47415637298032
analyze,VB,3
anatomy,NN,4.10041067398345
ancestor,NN,2
ancestor,JJ,2
ancestor,VB,2
anchor,VB,4
anchor,NN,4
ancient,JJ,2
ancient,NN,2
and,NN,1
and,CC,1
and,JJ,1
and,CD,1
anemia,NN,5.13138044843713
angel,NNP,2
angeles,JJ,2
angeles,NNP,2
anger,NN,3
angle,NN,3
angle,VB,3
anglo,NNP,3.90012995004944
anglo,JJ,6
angry,NN,1
angry,JJ,1
anguish,NN,4
animal,JJ,1
animal,NN,1
animals,NNS,1
animate,NN,4
animate,VB,4
animate,JJ,4
animation,NN,3
anime,NNP,6
ankle,NN,2
ankle,DT,2
ankle,VB,2
ankle,JJ,2
ankle,RB,2
ann,NNP,2.36845317172602
annihilate,VB,6
annihilate,NN,6
anniversary,NN,2
annotation,NN,6
announce,VB,3
announced,JJ,3
announced,VBN,3
announcement,NN,3
announcements,NNS,3
annoy,VB,2
annoy,NNP,2
annoy,RB,2
annual,NN,3
annual,JJ,3
annually,RB,3
annuity,NN,4.28101390023403
anomaly,NN,5.47095442044733
anomaly,RB,6
anomaly,VB,6
anomaly,JJ,6
anonymous,JJ,4
another,JJ,1.5
another,NN,1.5
another,DT,1
another,PRP,2
answer,NN,1
answer,JJ,1
answer,VB,1
answers,NN,1
answers,VBZ,1
ant,NN,3
ant,JJ,3
ant,CC,3
ant,VB,3
antelope,JJ,6
antelope,NNP,6
antelope,RB,6
antelope,DT,6
antelope,VB,6
antenna,NNP,4.62609439038734
antenna,VB,6
antenna,DT,6
antenna,JJ,6
antenna,IN,6
antenna,RP,6
anthem,NN,6
anthology,NN,5.73096668837052
anti,NN,3
anti,JJ,3
antibiotic,JJ,5.70988083495285
antibiotic,NN,6
antibody,NN,1
anticipate,VB,4
anticipation,NN,4
antique,NNP,3
antique,JJ,4
antivirus,NN,4
antivirus,VB,4
antivirus,JJ,4
antivirus,CC,4
anxiety,NN,3
anxious,JJ,2
any,DT,1
any,RB,1
any,PRP,1
anybody,NN,1
anybody,PRP,1
anymore,RB,2
anyone,NN,1
anyone,PRP,1
anything,NN,1
anything,PRP,1
anytime,RB,6
anyway,RB,2
anywhere,RB,2
apart,RB,2
apart,RP,2
apartment,NN,2
apartments,NNS,2
ape,NNP,3
ape,VB,3
ape,JJ,3
ape,IN,3
apex,NNP,4.35706454239358
apex,VB,6
apex,RB,6
apex,JJ,6
apex,IN,6
apocalypse,RB,6
apocalypse,NN,6
apocalypse,JJ,6
apocalypse,VB,6
apologize,VB,2
apologize,NN,2
apology,NN,3
apology,JJ,3
app,NN,2.83686660816898
app,JJ,6
app,RP,6
app,CD,6
app,VB,6
app,RB,6
apparatus,NN,2.39372847914834
apparel,NN,4.87873791333208
apparent,JJ,3
apparently,RB,2
appeal,VB,4
appeal,NN,3
appear,VB,2
appearance,NN,2
appears,VBZ,2
appears,NN,2
appendix,NN,2.17762321169903
appendix,VB,6
appendix,DT,6
appendix,CC,6
appendix,RB,6
appendix,JJ,6
appendix,RP,6
appetiser,NN,6
appetite,NN,3
appetizer,NN,6
applause,NN,3
apple,NN,1
apple,JJ,1
appliance,NNP,2
appliances,NNS,2
applicable,JJ,1.97025424349554
application,NN,3
applications,NNS,3
applied,VBN,2
applied,NN,2
applied,JJ,2
apply,VB,2
appoint,VB,3
appointment,NN,2
appraisal,NN,4.05023734693576
appraise,VB,6
appraise,NN,6
appraise,RB,6
appraise,JJ,6
appreciate,VB,2
appreciation,JJ,3
appreciation,NN,3
apprehension,NN,5.13242353837562
apprehensive,NN,6
apprehensive,JJ,6
apprehensive,VB,6
apprentice,NNP,5.5663861488907
apprentice,RB,6
apprentice,JJ,6
apprentice,VB,6
apprenticeship,NN,5.22559040246615
apprenticeship,JJ,6
apprenticeship,VB,6
approach,NN,3
approach,VB,4
appropriate,VB,2
appropriate,JJ,2
appropriately,RB,4
appropriately,NN,4
appropriately,JJ,4
approval,NN,3
approval,JJ,3
approve,VB,3
approved,VBN,3
approved,JJ,3
approximately,RB,3
april,NNP,1
apron,NNP,1
apron,RB,1
apron,IN,1
apron,VB,1
apron,JJ,1
aptitude,NN,5.94787959145646
aptitude,JJ,6
aptitude,VB,6
aquaculture,NN,6
aquaculture,JJ,6
aquaculture,VB,6
aquaculture,IN,6
aquarium,NN,6
aquarium,VB,6
aquarium,JJ,6
aquifer,NNP,5.75444473954182
aquifer,DT,6
aquifer,VB,6
aquifer,IN,6
aquifer,RB,6
aquifer,JJ,6
arabic,NNP,3.11381219078684
arabic,JJ,3.11381219078684
arbitrary,DT,6
arbitrary,JJ,3.52389537303814
arbitrary,NN,6
arbitrary,IN,6
arbitrary,VB,6
arbitration,NN,3.22122952136698
arc,NN,3.0199867980869
arcade,NNP,6
arcade,VB,6
arcade,JJ,6
arch,NN,4
arch,JJ,4
arch,VB,4
archaeological,NN,5.83006100357297
archaeological,JJ,4.87706301259815
archaic,NN,6
archaic,JJ,6
archaic,VB,6
archbishop,NN,4.72743716093929
archbishop,IN,6
archbishop,JJ,6
archbishop,VB,6
archery,NN,6
archery,JJ,6
archery,VB,6
archipelago,NN,6
archipelago,JJ,6
architect,NN,3
architectural,JJ,3.70106940832061
architecture,NN,2
archive,JJ,4
archive,NN,4
archive,VB,4
archives,NNS,4
archives,JJ,4
archives,VB,4
archway,NN,6
arctic,NNP,4
arctic,JJ,4
are,NN,1
are,VBP,1
area,NN,2
area,JJ,2
areas,NNS,2
arena,NNP,4
arguably,RB,5.79779419803474
arguably,NN,6
arguably,JJ,6
argue,VB,2
argument,NN,2
arid,NNP,6
arid,JJ,5.24517958939839
arid,VB,6
arid,RB,6
arise,VB,3
arithmetic,NN,3
arithmetic,JJ,3
arithmetic,DT,3
arithmetic,VB,3
arm,JJ,2
arm,NN,1
arm,VB,3
armchair,NN,2
armchair,IN,2
armchair,VB,2
armchair,JJ,2
armor,NN,2
armour,NNP,5.57257710318399
armour,RB,6
armour,VB,6
armour,JJ,6
armour,DT,6
armour,RP,6
arms,NNS,2
arms,JJ,2
army,NN,3
aroma,NN,6
arose,VB,3
around,RP,1.5
around,RB,2
around,JJ,1.5
around,IN,1
arouse,IN,4
arouse,VB,4
arouse,NNP,4
arouse,RB,4
arouse,JJ,4
arrange,VB,3
arrangement,NN,3
array,NN,3.36719430595734
arrest,NN,3
arrest,VB,3
arrival,NN,3
arrive,VB,1
arrogance,NN,6
arrogance,JJ,6
arrogance,VB,6
arrogance,RB,6
arrogant,JJ,4
arrow,NN,3
arrow,JJ,3
arrow,IN,3
arrow,RB,3
arrow,VB,3
art,JJ,1
art,NN,1
art,VB,1
artery,NN,4
arthritis,NN,4.88173766406176
article,NN,1
articles,NNS,1
articulate,VB,4
articulate,NN,4
articulate,JJ,4
articulate,RB,4
artificial,NN,2
artificial,JJ,2
artillery,NN,3.8934268709755
artist,NN,3
artistic,JJ,3
artists,NNS,3
arts,NNS,1
artwork,NN,6
artwork,JJ,6
artwork,VB,6
as,RB,1.5
as,IN,1
as,NN,1.5
as,JJ,1.5
as,CC,2
ascend,NN,6
ascend,VB,6
ascend,IN,6
ascertain,VB,4.04543073367798
ascertain,NN,6
ascertain,IN,6
ascertain,RB,6
ashamed,JJ,3
ashtray,NNP,6
ashtray,JJ,6
ashtray,VB,6
asia,JJ,6
asia,NNP,2.23040662068819
asian,JJ,3.77988219760363
asian,NNP,3.88862338775226
aside,RP,3
aside,RB,3
ask,NN,1
ask,VB,1
asked,VBN,1
asked,JJ,1
asleep,RB,2
asleep,JJ,2
aspect,NN,3
aspects,NNS,3
asphalt,NN,4.77202920189734
asphalt,JJ,6
asphalt,IN,6
asphalt,DT,6
asphalt,VB,6
aspiration,NN,4
aspiration,JJ,4
aspiration,VB,4
assassination,NN,5.67473061794375
assault,NN,4
assault,JJ,4
assemble,NN,4
assemble,VB,4
assemble,JJ,4
assemble,RB,4
assemble,IN,4
assembly,NN,4
assertion,NN,4.10123062059534
assertion,IN,6
assertion,VB,6
assertion,JJ,6
assertive,JJ,4
assess,VB,4
assessment,NN,4
asset,NN,3.34554422342553
asset,JJ,6
assets,NNS,3.29830243122483
assets,JJ,3.29830243122483
assign,VB,3
assigned,VBN,3
assigned,JJ,3
assignment,NN,3
assist,VB,3
assistance,NN,3
assistant,JJ,2
assistant,NN,3
associate,JJ,3
associate,NN,3
associate,VB,3
associated,JJ,3
associated,NN,3
associated,VBN,3
associates,NNS,3
association,NN,2
assume,VB,3
assumption,NN,4
assurance,NN,4
assure,VB,4
asteroid,NNP,6
asteroid,JJ,6
asteroid,VB,6
asthma,NNP,5.10286098462508
asthma,JJ,6
astonish,VB,4
astonish,IN,4
astonish,JJ,4
astonish,NN,4
astonishing,JJ,4
astonishment,NN,4
astonishment,CC,4
astonishment,VB,4
astonishment,JJ,4
astronaut,NNP,2
astronomy,NN,4
astute,JJ,6
astute,NNP,6
asylum,NN,4.83391804535588
asylum,JJ,6
asylum,VB,6
at,JJ,1
at,NN,1
at,IN,1
ate,VB,1
athlete,NN,2
athlete,JJ,2
athletic,NN,3
athletic,JJ,3
athletics,NNS,4
atlantic,NN,3
atlantic,JJ,3
atlas,JJ,6
atlas,NNP,4.63325232988962
atm,NNP,5.81391857851468
atm,IN,6
atm,VB,6
atm,PRP,6
atm,JJ,6
atmosphere,NN,3
atmospheric,JJ,3.49715329668675
atoll,NNP,6
atoll,DT,6
atoll,VB,6
atom,NN,2
atom,IN,2
atom,RB,2
atom,JJ,2
atom,VB,2
atomic,JJ,3
attach,VB,3
attached,JJ,4
attached,VBN,4
attachment,NN,3
attachment,JJ,3
attachment,VB,3
attack,NN,2
attack,VB,2
attain,VB,3
attempt,VB,3
attempt,NN,2
attend,VB,3
attendance,NN,4
attention,NN,2
attention,VB,2
attentive,VB,4
attentive,JJ,4
attentive,NN,4
attic,NN,6
attic,JJ,6
attitude,NN,2
attorney,NN,1.9255690385788
attorney,JJ,5.98104906563163
attract,VB,3
attraction,NN,3
attractions,NNS,3
attractive,JJ,2
attribute,NN,4
attribute,VB,4
auburn,NN,5.78388801451415
auburn,JJ,6
auburn,DT,6
auburn,VB,6
auction,NN,4.55663741178446
auction,VB,6
auction,JJ,6
auctions,NNS,4.50479418061885
audacious,JJ,6
audacious,NN,6
audience,NN,2
audience,JJ,2
audio,JJ,2
audio,NNP,2
audit,NNP,4
audit,VB,4
audition,NN,4
audition,VB,4
auditor,NNP,4
auditor,VB,4
auditorium,NN,4
auditorium,JJ,4
augment,NN,3.88057962154534
augment,JJ,3.88057962154534
augment,VB,3.88057962154534
augmented,NN,3.88057962154534
augmented,VBN,3.88057962154534
augmented,JJ,3.88057962154534
august,NNP,1
august,JJ,1
aunt,NN,1
aurora,NNP,5.74032696653373
aurora,JJ,6
aurora,DT,6
australian,JJ,3.47754145711098
australian,NNP,3.72109457090721
austrian,JJ,4.88165546268026
austrian,NNP,6
authentic,JJ,4.37635834048455
authenticate,VB,5.39561043965174
authenticate,NN,5.39561043965174
authenticity,NN,5.39561043965174
author,NN,2
authorities,NNS,3
authority,NN,3
authorization,NN,2
authorize,VB,4
authorized,JJ,4
authorized,VB,4
authors,NNS,2
autism,NN,6
auto,NN,3.49792034225794
auto,JJ,6
autocracy,NN,6
automate,NN,6
automate,VB,6
automate,JJ,6
automatic,JJ,2
automatic,NN,2
automatically,RB,2
automation,NN,4.51403373139941
automation,JJ,6
automation,VB,6
automobile,NNP,2.92828924325133
automobile,JJ,6
automotive,NNP,5.68943937168041
automotive,JJ,4.96653245570075
autonomous,JJ,4.57080929904913
autonomous,NN,6
autonomy,NN,3.92968723952264
autonomy,JJ,6
autonomy,VB,6
autumn,NNP,1
auxiliary,JJ,3
auxiliary,NN,3
auxiliary,RB,3
auxiliary,VB,3
availability,NN,4
available,JJ,3
avalanche,NN,6
avalanche,JJ,6
avalanche,DT,6
avalanche,VB,6
avatar,NNP,6
avatar,DT,6
avatar,IN,6
ave,DT,6
ave,JJ,6
ave,VB,6
ave,NN,2.6371045056555
ave,IN,6
avenue,NNP,3
average,NN,2
average,JJ,2
average,VB,2
average,RB,2
avert,NNP,2.56752097006788
avert,VB,2.56752097006788
avert,JJ,2.56752097006788
avg,NNP,6
avg,IN,6
avg,JJ,6
avg,VB,6
aviation,NN,3.30782391636491
avocado,NN,6
avocado,DT,6
avocado,JJ,6
avocado,VB,6
avoid,VB,2
awake,RB,1
awake,JJ,1
awaken,VBN,6
award,NN,2
award,VB,3
awards,NNS,2.5
aware,JJ,3
awareness,NN,3
away,RP,1
away,JJ,1
away,RB,1
awe,NN,4
awe,JJ,4
awe,VB,4
awe,RP,4
awe,RB,4
awe,PRP,4
awe,IN,4
awesome,JJ,3
awesome,NN,3
awesome,DT,3
awesome,VB,3
awful,JJ,2
awful,RB,2
awhile,RB,6
awhile,NN,6
awhile,JJ,6
awhile,IN,6
awhile,VB,6
awkward,JJ,3
awning,NNP,6
awning,JJ,6
awning,VB,6
axiom,NN,6
axiom,JJ,6
axiom,VB,6
axis,NNS,4
axle,NN,5.57463090452048
axle,JJ,6
axle,DT,6
axle,IN,6
axle,RB,6
axle,VB,6
babes,NNP,6
baboon,NNP,6
baby,NN,1
baby,JJ,1
bachelor,NNP,4.57658379595638
bachelor,IN,6
bachelor,CC,6
bachelor,VB,6
bachelor,RP,6
bachelor,JJ,6
back,RP,1.75
back,NN,1
back,JJ,2
back,RB,1
back,VB,3
backbone,NN,5.81667359390521
background,NN,2
backlash,NN,6
backpack,NN,3
backpack,JJ,3
backpack,VB,3
backpack,RB,3
backpacker,NN,3
backpacking,NN,3
backpacking,VB,3
backpacking,JJ,3
backup,JJ,4
backup,NN,4
backward,RB,4
backward,JJ,4
backyard,NN,4
backyard,JJ,4
bacon,NNP,3
bacteria,JJ,6
bacteria,NNS,6
bacterial,NN,6
bacterial,JJ,3.99593339724289
bacterium,NN,6
bad,RB,1
bad,NN,1
bad,JJ,1
badge,NNP,4
badge,VB,4
badge,JJ,4
badger,NNP,4
badger,RB,4
badger,VB,4
badger,JJ,4
badminton,NN,2
badminton,JJ,2
bag,NN,1
bag,VB,1
baggage,NN,3
baggage,JJ,3
baggage,VB,3
bags,NNS,1
bail,NNP,5.28116235491589
bail,VB,6
bait,NNP,5.67930089195999
bait,VB,6
bait,JJ,6
bake,NNP,2
bake,JJ,2
bake,VB,2
baker,NNP,3
bakery,NN,3
bakery,JJ,3
balance,JJ,3.5
balance,NN,3
balance,RB,3.5
balance,VB,4
balcony,NN,2
balcony,JJ,2
bald,JJ,3
ball,NN,1
ball,JJ,1
ballad,NNP,4
ballad,JJ,4
ballad,VB,4
ballet,NN,4
ballet,JJ,4
balloon,NN,2
balloon,VB,2
ballot,JJ,4
ballot,NN,4
balmy,NN,6
balmy,RB,6
balmy,JJ,6
bamboo,NNP,5.84445118408651
bamboo,JJ,6
bamboo,RB,6
bamboo,VB,6
ban,NNP,4
ban,VB,4
banana,NNP,1
banana,JJ,1
band,VB,1
band,NN,1
bandage,NN,3
bandage,VB,3
bandana,NNP,6
bandwidth,NN,5.09618412151244
bandwidth,JJ,6
bandwidth,VB,6
bang,NN,3
bang,VB,3
banish,NNP,4
banish,VB,4
banish,JJ,4
banister,NNP,4
banjo,NNP,6
banjo,JJ,6
bank,NN,1
bank,JJ,1.5
bank,VB,2
banker,NNP,4
banking,NN,2
banking,VB,2
banking,JJ,2
banknote,NNP,6
bankrupt,VB,4
bankrupt,JJ,4
bankruptcy,NN,4
banks,NNS,1.5
banner,NNP,4
banyan,NNP,6
banyan,JJ,6
bar,VB,3
bar,NN,1
barbecue,NN,2
barbecue,VB,3
barbecue,JJ,2.5
barber,NNP,2
bare,NN,3.5
bare,JJ,3
bare,VB,4
barely,RB,3
bargain,JJ,3
bargain,NNP,2
bargain,VB,4
baritone,NN,6
baritone,VB,6
bark,JJ,3.5
bark,NNP,3
bark,VB,4
barley,NNP,4
barley,VB,4
barley,JJ,4
barn,NNP,4
barometer,NN,4
baron,NNP,4.58814141270678
barrel,JJ,3
barrel,VB,3
barrel,NN,3
barren,NNP,4
barren,JJ,4
barren,VB,4
barren,RB,4
barrier,NN,4
barrier,JJ,4
bars,NNS,2
bars,VB,2
base,VB,3
base,JJ,2.5
base,NN,2
baseball,JJ,1
baseball,NN,1
based,JJ,2.5
based,NN,2.5
based,VBN,2.5
baseline,NN,4.95490468966149
baseline,JJ,6
basement,NN,3
basement,JJ,3
bash,NNP,6
bash,JJ,6
bash,VB,6
bashful,NN,6
bashful,JJ,6
basic,JJ,2
basic,NN,2
basically,RB,2
basin,NNP,3
basis,NNS,3
basket,NN,2
basketball,NN,1
bass,NNP,4.0137214830835
bat,VB,3
bat,JJ,2
bat,NN,1
batch,NNP,2
bath,NN,1
bathe,NN,3
bathe,JJ,3
bathe,VB,3
bathe,DT,3
bathroom,NN,1
bathtub,NN,6
battalion,NN,4.39209427621433
battalion,VB,6
batter,NNP,2
batter,VB,2
batter,RB,2
batter,JJ,2
batteries,NNS,2
battery,NN,2
battery,JJ,2
battle,NN,3
battle,JJ,3
battle,VB,3
battlefield,NN,4
bay,NNP,2
bay,JJ,2
be,NN,1
be,VB,1
be,JJ,1
beach,NN,1
beacon,NNP,5.32733729402542
beak,NN,4
beak,VB,4
beak,IN,4
beak,JJ,4
beam,NN,4
bean,NN,1
beanie,NNP,6
bear,JJ,1.5
bear,NN,1
bear,VB,2
beard,NNP,3
bears,VB,1.5
bears,NNS,1.5
beast,NN,3
beat,VB,3
beat,NN,4
beat,JJ,3.5
beaten,JJ,3.5
beaten,VB,3.5
beautiful,JJ,1
beauty,NN,2
beaver,NN,3
became,VB,1
because,RB,1
because,IN,1
because,CC,1
become,VB,1
becomes,VBZ,1
bed,JJ,1
bed,NN,1
bed,VB,1
bedding,NN,1
bedding,VB,1
bedding,JJ,1
bedroom,JJ,1
bedroom,NN,1
bedsheet,NN,6
bee,NNP,1
beef,NN,1
beef,VB,1
been,VBN,2
beer,NN,2
beer,JJ,2
beetle,NN,5.7800235118055
beetle,IN,6
beetle,RB,6
beetle,JJ,6
beetle,VB,6
beetroot,NNP,6
beetroot,JJ,6
beetroot,RB,6
beetroot,VB,6
before,JJ,1.33333333333333
before,IN,1
before,RB,1
before,CC,2
beforehand,RB,6
beforehand,IN,6
beforehand,CC,6
beforehand,JJ,6
beforehand,VB,6
beforehand,NN,6
beg,NNP,2
beg,VB,2
beg,JJ,2
beg,RB,2
beg,IN,2
began,VB,1
begin,VB,1
beginning,VBG,2
beginning,NN,2
begun,VB,1
behalf,NN,3
behave,VB,3
behavior,NN,2
behavioral,NN,2
behavioral,JJ,2
behavioral,IN,2
behavioral,VB,2
behaviour,VB,2
behaviour,NN,2
behaviour,JJ,2
behaviour,IN,2
behaviour,RB,2
behaviour,PRP,2
behaviour,RP,2
behind,IN,1
behind,RB,1
behind,NN,1
behind,RP,1
behind,JJ,1
behold,NN,6
behold,RB,6
behold,IN,6
behold,VB,5.84184292238555
behold,JJ,6
behold,CC,6
beige,NNP,6
beige,JJ,6
beige,VB,6
being,VBG,1
being,JJ,1.5
being,NN,2
belgian,JJ,4.73181449279415
belief,NN,3
believe,VB,1
believe,NN,1
bell,NNP,1
belly,RB,2
belly,NN,2
belong,VB,2
beloved,JJ,3
below,RB,1
below,IN,1
below,JJ,1
belt,NN,2
bench,NN,2
benchmark,NN,6
benchmark,JJ,6
bend,NNP,4
bend,VB,2
beneath,IN,3
beneficial,JJ,4
beneficial,NN,4
beneficiary,NN,3.99204511885867
beneficiary,JJ,6
beneficiary,VB,6
benefit,VB,4
benefit,JJ,3.5
benefit,NN,3
benefits,NNS,3.5
benefits,VB,3.5
benefits,JJ,3.5
benevolent,JJ,4
benevolent,NN,4
benevolent,VB,4
bent,VB,3
bent,NNP,3
bent,JJ,3
beret,NNP,6
beret,JJ,6
berry,NNP,4
beside,IN,1
beside,RB,1
best,JJS,1
best,RB,1
best,NN,1
bet,VB,3
bet,NN,3
bet,RB,3
beta,JJ,1
beta,NN,1
betray,VB,4
betray,NNP,4
betray,IN,4
betray,JJ,4
betrayal,NN,6
betrayal,JJ,6
betrayal,VB,6
better,RBR,2
better,NN,1.5
better,JJ,1
between,IN,1
beverage,NN,5.30916635600964
beware,VB,6
beware,NN,6
beware,JJ,6
bewilder,VB,4
bewildered,VB,4
beyond,IN,2
beyond,NN,2
beyond,RB,2
beyond,JJ,2
bias,NNP,6
bias,JJ,6
bible,NN,2.49064245626835
bible,JJ,6
biblical,JJ,4.16375632048226
biblical,NN,6
bibliography,JJ,6
bibliography,NN,3.02862480544252
bibliography,VB,6
bicep,NN,6
bicycle,NN,1
bid,NN,4
bid,VB,4
bid,JJ,4
bids,VB,4
bids,NNS,4
big,JJ,1
big,NN,1
bigger,JJR,1
bigger,RB,1
biggest,JJS,1
bike,NN,1
bikini,NN,4
bilateral,JJ,4.43017693186619
bilateral,NN,6
bilateral,VB,6
bill,NNP,2
bill,VB,3
billboard,NNP,6
billiards,NNP,6
billion,CD,4
billion,JJ,4
billion,NN,4
billionaire,NN,6
bin,NNP,3
binary,NN,4.42587665838973
binary,JJ,6
binary,VB,6
bind,NN,4
bind,VB,4
binding,VBG,4
binding,NN,4
binding,JJ,4
bingo,NNP,6
bingo,RB,6
bingo,VB,6
binoculars,NNS,6
binoculars,VB,6
biodegradable,NN,6
biodegradable,JJ,6
biodegradable,VB,6
biography,NN,3
biological,JJ,4
biological,NN,4
biology,NN,3
biology,JJ,3
biology,VB,3
biometric,NN,6
biometric,JJ,6
birch,NNP,5.31216678842026
birch,JJ,6
birch,VB,6
bird,JJ,1
bird,NN,1
birth,NN,1
birth,JJ,1
birthday,NN,1
biscuit,NNP,1
biscuit,JJ,1
biscuit,VB,1
bishop,NN,3
bison,NNP,6
bit,VB,2
bit,JJ,2
bit,RB,2
bit,NN,2
bite,JJ,2.5
bite,VB,3
bite,NN,2
bitter,JJ,3
bitterness,NN,2
bizarre,JJ,4
black,JJ,1
black,NN,1
black,VB,1
blackboard,NN,2
blackboard,IN,2
blackboard,RB,2
blackboard,VB,2
blackboard,JJ,2
bladder,NN,6
bladder,JJ,6
bladder,VB,6
blade,NN,4
blah,NN,6
blah,JJ,6
blah,VB,6
blah,RP,6
blame,NN,3
blame,VB,2
blanch,NNP,6
blanch,JJ,6
blanch,VB,6
bland,NNP,6
bland,JJ,6
bland,VB,6
bland,CC,6
bland,RB,6
blank,RB,1
blank,VB,1
blank,JJ,1
blank,NN,1
blanket,NN,2
blanket,VB,2
blast,NN,4
blast,VB,4
blaze,VB,4
blaze,NN,4
blazer,NN,6
bleach,NN,6
bleach,VB,6
bleach,JJ,6
bleak,NN,6
bleak,JJ,6
bleed,NN,3
bleed,VB,3
bleed,JJ,3
blend,NN,4
blend,VB,3
blender,NN,3.5
blender,DT,3.5
blender,IN,3.5
blender,VB,3.5
bless,NNP,3
bless,VB,3
bless,JJ,3
blessing,NN,3
blessing,VBG,3
blew,VB,1.5
blind,NN,3
blind,JJ,3
blinds,NNS,3
blinds,JJ,3
blinds,VB,3
blink,NN,4
blink,VB,4
bliss,NN,6
bliss,JJ,6
bliss,VB,6
blister,NN,6
blister,VB,6
blister,JJ,6
blizzard,NN,6
blizzard,JJ,6
block,NN,1
block,VB,3
block,JJ,2
blonde,JJ,2
blonde,NN,2
blood,NN,2
blood,JJ,2
bloodstream,NNP,4
bloody,JJ,4
bloody,RB,4
bloom,NN,2
bloom,JJ,2
bloom,VB,2
blossom,NNP,4
blossom,JJ,4
blossom,VB,4
blouse,NN,6
blouse,VB,6
blow,NN,2
blow,VB,1
blown,VBN,1.5
blown,JJ,1.5
blue,JJ,1
blue,NN,1
blueprint,NN,6
blues,NNS,1
blunt,NN,6
blunt,JJ,5.84443293274969
blunt,VB,6
bluntly,RB,5.23897181964632
bluntly,JJ,5.23897181964632
blur,NNP,4
blur,IN,4
blur,JJ,4
blur,VB,4
board,NN,1
board,JJ,2
board,VB,3
boarding,NN,2
boarding,JJ,2
boarding,VB,2
boards,NNS,2
boast,VB,3
boast,NN,3
boastful,JJ,3
boastful,NN,3
boat,NN,1
bodily,RB,1
bodily,NN,1
bodily,VB,1
bodily,JJ,1
body,JJ,1
body,NN,1
boil,VB,2
boil,NNP,2
boisterous,JJ,6
bold,JJ,3
bold,NN,4
boldly,RB,3
boldly,NN,3
boldly,JJ,3
bolster,NN,6
bolster,VB,6
bolt,VB,4
bolt,NN,4
bomb,NN,3
bomb,VB,3
bomber,NNP,4
bond,NN,3
bond,JJ,3
bonding,VB,3
bonding,NN,3
bonding,JJ,3
bone,NN,1
bone,JJ,1
bongo,NNP,6
bonus,NN,2
book,NN,1
book,JJ,2
book,VB,3
bookcase,NN,2
booking,VB,3
booking,NN,3
booking,JJ,3
bookmark,NNP,4
bookmark,JJ,4
bookmark,VB,4
books,NNS,2
bookshelf,NN,2
boom,JJ,3
boom,VB,3
boom,NN,3
boost,VB,4
boost,NN,4
boot,NN,3
boot,JJ,3
boot,VB,3
booth,NN,4
boots,NNS,3
border,VB,3
border,NN,3
border,JJ,3
bore,VB,3
bored,JJ,2
bored,VBN,2
boredom,NN,3
boring,NN,1
boring,VB,1
boring,JJ,1
born,JJ,1.5
born,VBN,1.5
born,NN,1.5
borough,NNP,3.89584529265118
borrow,VB,1
boss,NN,2
both,DT,1
both,CC,1
both,RB,1
both,PRP,1
bother,VB,2
bother,NN,3
bottle,NN,1
bottle,VB,4
bottleneck,NN,6
bottleneck,VB,6
bottleneck,JJ,6
bottom,JJ,1
bottom,NN,1
bought,VBN,1
boulder,NNP,4.70210593067301
boulevard,NNP,4.95000428501913
bounce,VB,3
bounce,NN,4
bound,VBN,3
bound,JJ,3
boundary,NN,3
bounty,NN,5.89972163725585
bounty,JJ,6
bounty,VB,6
bouquet,NNP,6
bouquet,JJ,6
bout,NN,6
bout,IN,6
boutique,NNP,6
boutique,JJ,6
bow,VB,4
bow,NNP,3
bowl,NN,1
bowl,VB,3
bowling,NN,2
bowling,JJ,2
bowling,VB,2
box,NN,1
box,JJ,1
boxes,NNS,1
boxing,NN,3
boy,NN,1
boycott,NN,5.99859505518276
boycott,VB,6
boycott,JJ,6
boyfriend,NN,1
boyfriend,JJ,1
boyfriend,VB,1
boys,NNS,1
bra,NNP,2
brace,NN,5.60884749483117
brace,VB,6
bracelet,NN,3
bracelet,JJ,3
bracelet,VB,3
bracket,NN,4
brag,NN,4
brag,JJ,4
brag,VB,4
brain,JJ,1
brain,NN,1
brainstorm,NN,2
brainstorm,JJ,2
brainstorm,VB,2
braise,NN,2
braise,VB,2
brake,NN,2
brake,VB,4
bran,NNP,6
bran,JJ,6
branch,VB,3
branch,JJ,2.5
branch,NN,2
brand,NN,2
brand,JJ,2
branding,NN,2
branding,VB,2
branding,JJ,2
brands,NNS,2
brands,VB,2
brass,NN,3
brass,JJ,3
brave,JJ,2
brave,NNP,2
brave,VB,2
bravo,NNP,6
bravo,VB,6
brazilian,JJ,3.15467994158859
breach,NN,3.44829908201699
breach,VB,6
breach,JJ,6
bread,JJ,1
bread,NN,1
breadwinner,NN,6
breadwinner,JJ,6
break,JJ,1.5
break,NN,2
break,VB,1
breakdown,NN,4
breakfast,NN,1
breaking,JJ,1.5
breaking,VBG,1.5
breaking,NN,1.5
breakthrough,NN,3
breast,NN,3
breath,NN,3
breathe,VB,1
breathing,NN,3
breathing,VBG,1
bred,VBN,3.5
bred,JJ,3.5
breed,NN,4
breed,VB,3
breeze,NNP,2
breezy,JJ,4
breezy,NNP,4
brew,NN,6
brew,VB,6
bribe,VB,6
bribe,NN,6
brick,NNP,3
bride,NN,2
bridegroom,NN,6
bridge,NN,1
bridge,JJ,1
bridge,VB,1
brief,VB,3
brief,NN,3
brief,JJ,3
briefing,NN,3
briefly,NN,3
briefly,RB,3
brigade,NNP,4.29148330641809
brigade,JJ,6
brigade,VB,6
bright,JJ,1
bright,NN,1
brilliant,JJ,2
brine,NNP,5.86903643400308
brine,JJ,6
brine,VB,6
bring,VB,1
british,JJ,1.80994464083711
british,NNP,1.77765144915232
brittle,JJ,5.75262191480714
brittle,NNP,6
brittle,VB,6
broad,JJ,3
broad,NN,3
broadband,NN,4
broadband,CC,4
broadband,VB,4
broadband,RP,4
broadband,JJ,4
broadcast,VBN,4
broadcast,NN,3
broadcaster,NN,4
broadcaster,JJ,4
broadly,RB,4
broccoli,NN,3
broccoli,VB,3
broccoli,JJ,3
broil,NNP,6
broil,VB,6
broil,JJ,6
broke,VB,1.5
broke,RB,1.5
broke,JJ,1.5
broken,JJ,1
broken,VB,1
broker,NN,1.5
broker,JJ,1.5
brokerage,NN,5.76830373204401
bronze,JJ,3
bronze,NN,3
brooch,NNP,6
brooch,JJ,6
brook,VB,6
brook,NNP,4.66612663026106
brook,JJ,6
broom,NNP,6
broom,JJ,6
broom,VB,6
broth,NN,5.53945837431306
broth,VB,5.53945837431306
broth,JJ,5.53945837431306
brother,NN,1
brotherhood,NN,3
brought,VBN,1
brown,JJ,1
brown,NN,2
browse,NN,4
browse,IN,4
browse,VB,4
browse,JJ,4
browser,NN,4
browser,JJ,4
browser,VB,4
bruise,NNP,4
bruise,JJ,4
bruise,VB,4
brunch,NN,6
brunch,VB,6
brunch,RB,6
brunch,JJ,6
brush,NN,1
brush,VB,1
brush,JJ,1
brutal,JJ,5.30729018428652
bubble,NN,3
buck,NNP,4.79390570676642
buck,VB,6
bucket,NN,1
buckle,NN,6
buckle,VB,6
bud,NNP,4
buddy,NNP,3
budget,NN,2
budget,JJ,4
buffalo,NNP,3.47426334946954
buffalo,JJ,6
buffer,NN,4.03668582107279
buffer,VB,6
buffering,NN,3.97151821488514
buffering,VB,3.97151821488514
buffering,JJ,3.97151821488514
buffet,NN,6
buffet,JJ,6
buffet,VB,6
bug,NN,2
build,NN,1
build,VB,1
builder,NN,3
building,VBG,1
building,JJ,1
building,NN,1
buildings,NNS,1
built,JJ,1
built,VBN,1
built,NN,1
bulb,NN,2
bulgarian,NNP,6
bulgarian,JJ,6
bulgarian,VB,6
bulk,NNP,3.13626166656902
bulk,JJ,4.94452024847828
bulky,NN,6
bulky,JJ,6
bulky,VB,6
bull,NNP,3
bullet,NN,3
bullet,JJ,3
bulletin,NN,3
bully,NNP,4
bully,VB,4
bully,JJ,4
bump,VB,3
bump,NN,3
bumper,NN,4
bumper,JJ,4
bumpy,NNP,6
bumpy,JJ,6
bunch,NN,3
bundle,NN,4.76179046010271
bundle,VB,6
bungalow,NNP,6
bungalow,JJ,6
bungalow,VB,6
bunker,NNP,5.99310090140307
bunny,NNP,6
burden,NNP,3
burden,VB,4
bureau,NNP,3
bureau,JJ,3
bureaucracy,NN,4
burger,NNP,1
burial,NN,4
buried,VBN,2
buried,JJ,2
burly,NN,5.69417205047789
burly,JJ,5.69417205047789
burn,NNP,2
burn,VB,3
burnt,NN,2.5
burnt,VB,2.5
burnt,JJ,2.5
burst,NN,3
burst,VB,3
bury,VB,2
bury,NNP,2
bury,JJ,2
bus,NN,1
bush,NNP,2
bush,JJ,2
business,NN,1
business,JJ,1
businesses,NNS,1
businessman,NN,2
bust,JJ,3
bust,NN,3
bust,VB,3
busy,JJ,1
but,CC,1
but,JJ,2
but,NN,2
but,RB,2
but,IN,3
butcher,NNP,3
butcher,VB,4
butler,NNP,3.71906805344368
butt,NN,2
butt,VB,2
butter,NN,1
butter,JJ,1
butterfly,NNP,1
butterfly,JJ,1
butterfly,VB,1
buttermilk,NNP,6
buttermilk,VB,6
button,JJ,1
button,NN,1
buy,NN,1
buy,JJ,1
buy,VB,1
buyer,NN,3
buying,NN,1
buying,VB,1
buying,JJ,1
buzz,NNP,4
buzz,VB,4
buzz,JJ,4
by,IN,1
by,RP,1
by,RB,1
by,NN,1
by,JJ,1
bypass,NN,6
bypass,IN,6
bypass,VB,6
bypass,JJ,6
byte,NN,6
byte,IN,6
byte,JJ,6
byte,RB,6
byte,DT,6
byte,VB,6
bytes,NNS,6
bytes,VB,6
bytes,IN,6
cab,NNP,2
cabbage,NN,3
cabbage,VB,3
cabin,NNP,3
cabinet,NN,4
cable,NN,4
cable,JJ,4
cables,NNS,4
cache,NN,5.79745867396945
cache,PRP,6
cache,VB,6
cache,JJ,6
cactus,NN,6
cactus,VB,6
cactus,JJ,6
cafe,NN,1
cafeteria,NN,2
cage,NN,3
cake,NN,1
calcium,NN,3.0593313038055
calcium,JJ,6
calcium,VB,6
calculate,NN,3
calculate,VB,3
calculate,RB,3
calculate,JJ,3
calculation,NN,3
calculus,NN,5.38204053997794
calculus,JJ,6
calculus,VB,6
calendar,NN,2
calf,NNP,3
call,JJ,1.5
call,NN,1
call,VB,2
called,JJ,1.5
called,VBN,1.5
called,NN,1.5
calligraphy,NN,6
calling,NN,1.5
calling,VBG,1.5
callous,JJ,2.85534075899639
calls,NNS,1.5
calls,VB,1.5
calm,NN,3
calm,JJ,3
calm,VB,3
calmly,RB,4
calorie,NN,2.85534075899639
calorie,VB,2.85534075899639
calorie,JJ,2.85534075899639
cam,JJ,6
cam,NN,4.85647088182585
cam,VB,6
camaraderie,NN,6
camaraderie,VB,6
came,VB,1
camel,NNP,3
camel,JJ,3
camel,VB,3
camera,NN,1
cameras,NNS,1
camouflage,NN,6
camouflage,VB,6
camp,NN,1
camp,JJ,1.5
camp,VB,2
campaign,NN,4
campsite,NN,3
campsite,VB,3
campus,NN,2
camshaft,NNP,6
can,VB,1.5
can,NN,2
can,MD,1
canadian,NNP,2.81012246577797
canadian,JJ,2.88082072937182
canal,NN,3
cancel,VB,3
cancellation,NN,4.69662596071053
cancellation,JJ,6
cancellation,VB,6
cancelled,VBN,3
cancelled,NN,3
cancelled,JJ,3
cancer,NN,3
cancer,JJ,3
candid,NN,6
candid,JJ,6
candid,VB,6
candidate,NN,4
candle,NN,3
candy,NN,1
cane,NN,4
canister,NN,1.5
canister,JJ,1.5
cannon,NNP,4.4656708707458
cannon,JJ,6
cannon,RP,6
cannon,VB,6
cannot,NN,6
cannot,VB,6
cannot,RB,6
cannot,JJ,6
canoe,NNP,5.54988045405137
canoe,VB,6
canoe,JJ,6
canon,NN,4
canon,VB,4
canon,JJ,4
canon,IN,4
canvas,NN,4.50372574572154
canyon,NNP,4.07742207445845
cap,NN,1
cap,VB,1
cap,JJ,1
capability,NN,4
capable,JJ,3
capacity,NN,3
capacity,JJ,3
cape,NNP,1
capita,JJ,6
capita,NN,3.78600929800496
capital,JJ,2
capital,NN,2
capital,VB,2
capitalism,NN,3.94776516176197
capsule,NN,3
capsule,VB,3
capsule,JJ,3
captain,NN,2
captain,VB,2
caption,NN,4
caption,JJ,4
caption,CD,4
caption,VB,4
captive,NNP,4
captive,JJ,4
captive,VB,4
capture,VB,3
capture,NN,3
car,NN,1
car,JJ,1
caramel,NNP,6
caramel,JJ,6
caramel,VB,6
caramelize,VB,6
caravan,NNP,4
caravan,VB,4
caravan,JJ,4
carbohydrate,NN,5.30836712728106
carbohydrate,VB,6
carbohydrate,JJ,6
carbon,NN,4
carburetor,NN,6
card,NN,1
card,JJ,1
cardboard,NN,4
cardboard,JJ,4
cardboard,VB,4
cardiac,JJ,3.9342099592622
cardiac,NNP,6
cardigan,NNP,4
cardinal,JJ,5.95933841496187
cardinal,NN,4.82481338486867
cardiovascular,NN,6
cardiovascular,JJ,5.2604655668132
cards,NNS,1
care,NN,1
care,VB,3
care,JJ,2
career,JJ,3
career,NN,3
careers,NNS,3
careful,JJ,1
carefully,RB,1
careless,JJ,3
caress,NNP,2
caress,JJ,2
caress,VB,2
cargo,NN,3.28898305003033
carnation,NN,6
carnival,NN,4
carousel,NN,6
carpenter,NN,4.28111385645898
carpet,NN,3
carpool,NNP,4
carpool,VB,4
carriage,NN,3
carried,VBN,1
carrier,JJ,1
carrier,NN,1
carrot,NNP,2
carrot,VB,2
carry,VB,1
carry,NN,1
cars,NNS,1
cart,VB,6
cart,NN,4.97348049523995
cartilage,NN,5.58257430512175
cartilage,VB,6
cartilage,JJ,6
cartoon,NN,1
carve,NNP,4
carve,VB,4
case,JJ,1
case,NN,1
case,VB,1
cases,NNS,1
cash,JJ,2
cash,VB,2
cash,NN,2
cashier,NNP,5.3463906991117
cashier,VB,6
casino,NN,5.91851613119015
casserole,NN,6
cassette,NNP,2
cassette,VB,2
cast,JJ,4
cast,NN,4
cast,VB,4
castle,JJ,2
castle,NN,2
casual,JJ,3
casual,RB,3
casually,RB,4
casualty,NN,3
casualty,JJ,3
cat,NN,1
catalog,NN,4
catalogue,VB,4
catalogue,NN,4
catalogue,JJ,4
catalyst,NN,4
catch,VB,1
catch,NN,1
categories,NNS,3
category,NN,3
caterpillar,NN,6
cathedral,NN,4
cathedral,JJ,4
cathedral,VB,4
cattle,NNS,3
caught,VBN,1
cauldron,NN,6
cauliflower,NN,6
cauliflower,VB,6
cause,VB,2
cause,NN,4
caused,VBN,3
causes,VB,3
causes,NNS,3
caution,NN,3
caution,VB,3
cautious,JJ,3
cautiously,RB,3
cavalry,NN,4.26643276900175
cave,NN,3
caveat,VB,6
caveat,NN,6
caveat,JJ,6
cavern,JJ,6
cavern,NNP,6
cavern,VB,6
cavity,JJ,6
cavity,NN,3.70270811561985
cavity,VB,6
cease,NN,4
cease,VB,4
cease,JJ,4
ceaseless,NN,6
ceaseless,JJ,6
ceaseless,VB,6
cedar,JJ,6
cedar,NN,4.59634991802218
cedar,RB,6
cedar,VB,6
ceiling,JJ,4
ceiling,NN,4
celebrate,VB,1
celebrate,JJ,1
celebrate,NN,1
celebrate,RB,1
celebration,NN,1
celebrity,NN,3
cell,NNP,3
cell,JJ,3
cellar,NNP,4
cello,NNP,4
cello,VB,4
cello,JJ,4
cells,NNS,3
cellular,NN,5.98238414765891
cellular,JJ,4.08369938340863
celsius,NNP,6
celsius,VB,6
cement,NN,3.11641381405034
cement,JJ,6
cement,VB,6
cemetery,NN,4
censorship,NN,5.4665754196123
census,NN,2.25885051454364
cent,NN,2
cent,CD,2
cent,JJ,2
center,JJ,2
center,NN,2
center,RB,2
center,VB,2
centers,NNS,2
centers,VB,2
centimeter,NN,2
centimeter,RB,2
centimeter,JJ,2
centimeter,VB,2
centipede,NN,6
centipede,JJ,6
central,NN,3
central,JJ,3
centre,NN,2
centre,JJ,2
centre,VB,2
centre,RB,2
centre,CD,2
century,NN,2
century,JJ,2
ceo,NNP,4.93548033121536
ceramic,JJ,4.39437928595193
cereal,NNP,2
ceremony,NN,3
certain,JJ,2
certainly,RB,2
certainty,NN,3
certificate,NN,4
certificates,NNS,4
certification,JJ,4
certification,NN,4
certification,VB,4
certified,VBN,4
certified,JJ,4
certified,NN,4
certify,VB,4
certify,NN,4
certify,JJ,4
certify,IN,4
cfo,NNP,6
chain,NN,2
chain,VB,2
chain,JJ,2
chair,NN,1
chairman,NN,2
chalk,NNP,5.51702541117335
chalk,JJ,6
chalk,VB,6
chalk,RB,6
chalkboard,NN,6
chalkboard,JJ,6
challenge,VB,4
challenge,NN,2
chamber,NN,2.07411496414457
champ,NNP,6
champ,VB,6
champ,JJ,6
champagne,NNP,2
champion,NN,3
champion,JJ,3
champion,VB,3
championship,NN,2
championship,JJ,2
chance,NN,2
chance,VB,2
chancellor,NN,4
chandelier,NN,6
chandelier,JJ,6
change,VB,1
change,NN,1
changed,VBN,1
changed,JJ,1
changes,NNS,1
changes,VB,1
changing,VBG,1
changing,JJ,1
changing,NN,1
channel,NN,3
channel,VB,3
channels,NNS,3
chant,NN,6
chant,JJ,6
chant,VB,6
chaos,NN,3
chapel,NNP,3.7128245254822
chapter,NN,2
character,NN,1
characteristic,JJ,4
characteristic,NN,3
characteristics,NNS,3.5
characters,NNS,1
charcoal,NNP,5.08046479847918
charge,VB,3
charge,NN,3
charger,NN,3
charger,JJ,3
charges,NNS,3
charges,VB,3
charismatic,JJ,5.89848486470629
charismatic,NN,5.89848486470629
charitable,JJ,3.95302476323104
charity,NNP,3
charm,NNP,3
charming,JJ,4
chart,NN,2
chart,VB,2
charts,NNS,2
chase,NNP,3
chase,JJ,3.5
chase,VB,4
chassis,NN,5.50249867756302
chassis,VB,5.50249867756302
chassis,JJ,5.50249867756302
chat,NN,3
chat,VB,2
chat,JJ,2.5
chat,DT,2.5
chat,PRP,2.5
chat,RB,2.5
chat,IN,2.5
chatter,NN,2.5
chauffeur,NN,6
chauffeur,JJ,6
chauffeur,VB,6
cheap,JJ,2
cheap,NN,2
cheap,RB,2
cheat,NN,4
cheat,VB,4
cheat,JJ,4
cheats,NNS,4
cheats,VB,4
check,NN,1
check,JJ,1.5
check,VB,2
checking,JJ,1.5
checking,VBG,1.5
checking,NN,1.5
checklist,NN,5.6156813686072
checklist,VB,6
checklist,JJ,6
checkout,NN,3
checkout,VB,3
checkout,JJ,3
checkpoint,NN,4
checkpoint,JJ,4
checkpoint,VB,4
checkup,NN,6
cheek,NN,2
cheek,JJ,2
cheek,RB,2
cheer,NN,2
cheer,VB,2
cheerful,JJ,3
cheerfully,NN,4
cheerfully,RB,4
cheese,NN,1
cheetah,NN,6
chef,NN,2
chemical,NN,3
chemical,JJ,2
chemist,NN,3
chemistry,NN,3
cherry,NNP,4
cherry,JJ,4
chess,NNP,2
chessboard,NNP,6
chest,JJ,2
chest,NN,2
chestnut,NNP,5.34753307935825
chestnut,VB,6
chestnut,JJ,6
chew,VB,4
chewy,NN,6
chewy,JJ,6
chewy,VB,6
chic,NNP,6
chic,JJ,6
chic,VB,6
chick,NNP,5.70573120968952
chick,JJ,6
chick,VB,6
chicken,NNP,1
chicken,JJ,1
chief,NN,4
chief,JJ,3
child,JJ,1
child,NN,1
childhood,NN,2
childish,JJ,4
childish,NN,4
childish,VB,4
children,NNS,1
chili,NNP,2
chili,JJ,2
chili,VB,2
chill,NNP,5.72615752491056
chill,VB,6
chill,JJ,6
chilly,JJ,6
chimney,NNP,4
chimney,JJ,4
chimney,VB,4
chimpanzee,NNP,2
chimpanzee,VB,2
chimpanzee,JJ,2
chin,NNP,2
chin,VB,2
chinese,JJ,2.19217078164828
chinese,NNP,2.75234922299072
chip,JJ,4
chip,NN,4
chirp,NNP,2
chirp,JJ,2
chirp,VB,2
chisel,NNP,6
chisel,JJ,6
chisel,VB,6
chisel,RB,6
chocolate,NN,1
choice,JJ,2
choice,NN,2
choir,NN,3
choir,JJ,3
choir,VB,3
choke,VB,3
cholesterol,NN,4.64638636772858
cholesterol,JJ,6
choose,VB,1
chop,NN,4
chop,VB,4
chop,JJ,4
chopstick,NNP,6
chopsticks,NNS,6
chord,NN,5.54160482079179
chord,JJ,6
chord,VB,6
chorus,NN,4.65304526716934
chose,VB,1
chosen,VBN,1
chosen,NN,1
chosen,JJ,1
christ,NNP,1.95019300381834
christian,NNP,3
christian,JJ,3
christmas,NNP,3.03534161628717
christmas,JJ,6
chrome,NN,5.97042918721287
chrome,DT,6
chrome,VB,6
chrome,JJ,6
chromosome,NN,4.50522489704098
chronic,JJ,3.074459948747
chronic,NN,5.03485038189736
chronicle,NN,4.72613130712705
chronicle,VB,6
chronicle,RB,6
chrysanthemum,NNP,6
chrysanthemum,JJ,6
chuckle,NN,3
chuckle,VB,3
chuckle,JJ,3
chunk,NN,4
church,NN,1
church,JJ,1
churn,NNP,6
churn,VB,6
churn,JJ,6
cigarette,NN,2
cinema,NN,1
cinema,VB,1
cinema,JJ,1
cinnamon,NN,6
cinnamon,JJ,6
cinnamon,VB,6
circle,NN,1
circle,VB,3
circuit,JJ,4
circuit,NN,4
circuitry,NN,4
circuitry,JJ,4
circuitry,VB,4
circular,NN,3
circular,JJ,3
circulate,NN,5.95676250061268
circulate,VB,5.95676250061268
circulate,JJ,5.95676250061268
circulate,RB,5.95676250061268
circulation,JJ,6
circulation,NN,2.70828002245469
circumstances,NNS,4
circus,NN,3
cistern,NNP,6
cistern,JJ,6
cistern,VB,6
citation,NN,4.13210711980162
citation,JJ,6
citation,VB,6
cite,VB,4.6149651723692
cities,NNS,1
citizen,NN,2
citizens,NNS,2
citizenship,NN,3
citizenship,JJ,3
citizenship,VB,3
city,NN,1
city,JJ,1
civic,NNP,5.96207310203735
civic,JJ,4.17517297008057
civil,JJ,3
civil,NN,3
civilian,JJ,3
civilian,NNP,3
civilization,NN,3
claim,VB,2
claim,NN,3
claims,VB,2.5
claims,NNS,2.5
clam,NN,4
clam,VB,4
clam,JJ,4
clan,NNP,5.01116282466965
clan,JJ,6
clan,VB,6
clap,NN,4
clap,VB,4
clap,JJ,4
clap,RB,4
clarify,VB,4
clarinet,NN,6
clarinet,JJ,6
clarity,NN,4.48833486859754
clash,NN,5.8219630669815
clash,VB,6
class,JJ,1
class,NN,1
classes,NNS,1
classic,NN,4
classic,JJ,2
classical,JJ,3
classification,NN,4
classification,VB,4
classification,JJ,4
classified,VB,3
classified,JJ,1
classify,NN,3
classify,VB,3
classify,JJ,3
classify,RB,3
classmate,NN,1
classmate,JJ,1
classroom,NN,1
classy,NN,6
classy,JJ,6
classy,RB,6
clause,NN,4
claw,NN,6
claw,VB,6
claw,JJ,6
clay,NNP,2.29783113146324
clean,JJ,1
clean,NN,1
clean,VB,1
cleaner,NN,2
cleaner,JJR,2
cleaning,NN,1
cleaning,VB,1
cleaning,JJ,1
clear,JJ,2
clear,VB,3
clear,RB,2.5
clearance,NN,2.5
clearly,RB,2
cleaver,NNP,6
cleaver,JJ,6
clergy,NN,4.41613791006646
clergy,JJ,6
clergy,VB,6
clerk,NN,2
clerk,JJ,2
clever,JJ,1
click,NN,3
click,VB,2
click,RB,2.5
click,JJ,2.5
client,NN,4
client,JJ,4
clients,NNS,4
cliff,NNP,3
climate,NN,3
climb,VB,2
climb,NN,1
cling,VB,6
clinic,NN,3
clinical,JJ,1.91562826973083
clinical,NN,6
clip,NN,3
clip,VB,3
clipboard,NN,6
clips,NNS,3
cloak,NNP,5.54113733395516
cloak,JJ,6
cloak,VB,6
clock,NN,1
clock,JJ,1
clog,NN,4
clog,JJ,4
clog,VB,4
clone,NN,2
clone,JJ,2
clone,VB,2
close,RB,1
close,JJ,1
close,NN,1
close,VB,1
closed,NN,1
closed,VBN,1
closed,JJ,1
closer,JJ,1
closer,RBR,1
closest,JJS,1
closet,NN,5.23672195152866
closet,JJ,6
closure,NN,4
cloth,NN,1
clothes,NNS,1
clothesline,NN,6
clothing,NN,4
cloud,NN,1
cloud,VB,1
cloudy,NN,1
cloudy,JJ,1
cloudy,VB,1
cloudy,RB,1
clove,NN,6
clove,JJ,6
clove,VB,6
clown,NNP,2
clown,RB,2
clown,VB,2
clown,JJ,2
club,NN,1
club,JJ,1
clubs,NNS,1
clue,NN,2
clumsily,RB,4
clumsily,JJ,4
clumsy,JJ,4
clumsy,NN,4
cluster,NN,3.74020172510574
cluster,VB,6
clutch,VB,6
clutch,NN,5.58590614267115
coach,NN,1
coach,VB,4
coal,NN,3
coal,JJ,3
coalition,NN,4
coarse,JJ,4
coast,NN,2
coast,JJ,2.5
coast,VB,3
coastal,JJ,3
coastal,NN,3
coastline,NNP,4
coastline,JJ,4
coat,NN,1
coax,NNP,6
coax,VB,6
coax,JJ,6
cobra,NNP,6
cobweb,NNP,6
cockpit,NN,6
cockroach,NN,6
cockroach,VB,6
cockroach,JJ,6
cocktail,NN,4
cocoa,NN,4
cocoa,JJ,4
coconut,NN,4
coconut,JJ,4
coconut,VB,4
cocoon,NN,6
cocoon,VB,6
cocoon,JJ,6
code,NN,1
code,JJ,1
code,VB,1
coder,NN,3
coder,JJ,1
codes,NNS,1
coffee,NN,1
coffee,JJ,1
coffin,NNP,3
cognitive,JJ,3.38113645498948
cognitive,NN,5.23778535196174
cognitive,VB,6
coherence,NN,4
coherence,VB,4
coherence,JJ,4
coherent,NN,4
coherent,JJ,4
cohesive,NN,6
cohesive,JJ,6
cohesive,VB,6
coil,NNP,4.11819273689648
coil,JJ,6
coil,RB,6
coil,VB,6
coin,JJ,2
coin,NN,2
coincide,JJ,4
coincide,NN,4
coincide,VB,4
coincidence,NN,4
coincidentally,NN,6
coincidentally,RB,6
coincidentally,JJ,6
cola,NNP,2
colander,NNP,6
cold,NN,1
cold,JJ,1
coldly,NN,1
coldly,RB,1
coldly,JJ,1
collaboration,NN,3.69693345098034
collaborative,NN,5.50310520646025
collaborative,VB,6
collaborative,JJ,6
collage,NN,3.94219598714322
collage,VB,3.94219598714322
collage,JJ,3.94219598714322
collapse,NN,3
collapse,VB,4
collar,JJ,3
collar,NN,3
collar,VB,3
collateral,NNP,3.94219598714322
collateral,JJ,3.94219598714322
colleague,NN,4
colleague,JJ,4
colleague,VB,4
collect,VB,1
collected,VBN,1
collectibles,NNS,1
collectibles,VB,1
collection,NN,1
collection,JJ,1
collections,VB,1
collections,NNS,1
collective,NN,6
collective,JJ,2.50904615806216
collectively,RB,1
collector,NN,4
college,NN,1
college,JJ,1
collide,NN,6
collide,VB,6
collision,NN,4.0962108752246
collision,JJ,6
collision,VB,6
colonel,NN,2.83584520125363
colonial,NN,4
colonial,JJ,4
colony,NN,3.16427223368129
color,NN,1
color,JJ,1
color,VB,1
colorful,JJ,2
colors,NNS,1
colossal,NN,6
colossal,JJ,6
colour,NN,1
colour,JJ,1
colour,CD,1
colour,VB,1
colour,RB,1
column,JJ,2
column,NN,2
com,NN,2.76027189659628
coma,NN,4
coma,VB,4
coma,JJ,4
comb,NN,2
comb,VB,4
comb,RB,3
comb,JJ,3
combat,VB,5.31183088869008
combat,NN,3.86291899620498
combat,JJ,6
combination,NN,3
combine,VB,3
combine,NN,3
combined,VBN,3
combined,JJ,3
combined,NN,3
combo,NN,6
combo,JJ,6
combo,VB,6
combustion,NN,3.51207798396953
come,VB,1
come,JJ,1
comeback,NN,6
comedian,NN,3
comedy,NN,3
comes,VBZ,1
comet,NN,3
comet,JJ,3
comet,VB,3
comfort,NN,3
comfort,VB,3
comfortable,JJ,2
comfortably,RB,4
comic,JJ,2
comic,NN,2
comics,NNS,2
comics,VB,2
coming,NN,1
coming,JJ,1
coming,VBG,1
command,NN,3
command,JJ,3
command,VB,3
commander,NN,4
commence,VB,2.76027189659628
commence,NN,2.76027189659628
commence,JJ,2.76027189659628
comment,NN,3
comment,VB,4
commentary,NN,2.76027189659628
comments,NNS,3.5
comments,VB,3.5
commerce,JJ,4
commerce,NN,4
commercial,JJ,3
commercial,NN,4
commission,NN,4
commission,VB,4
commissioner,NN,4
commit,VB,3
commit,JJ,3
commitment,NN,2
committee,NN,2
commodity,NN,3.05487874480911
commodity,JJ,6
common,JJ,2
common,NN,2
commonly,RB,3
commonly,JJ,3
commonwealth,NN,4
communicate,VB,2
communication,NN,2
communications,NNS,2
communications,JJ,2
communism,NN,4.34853556844267
communist,NNP,3.54293051000297
communist,JJ,3.49908161046351
communities,NNS,4
community,NN,4
commute,NN,4
commute,VB,4
commuter,NN,6
commuter,VB,6
commuter,JJ,6
comp,JJ,6
comp,NN,4.46767023382284
comp,VB,6
compact,JJ,4.0654451982832
compact,NN,4.80180753833528
companies,NNS,2
companion,NN,3
companionship,NN,4.41338830562353
companionship,VB,4.41338830562353
companionship,JJ,4.41338830562353
company,NN,2
company,JJ,2
comparable,JJ,2.99340800653211
comparative,JJ,2
comparative,NN,2
comparative,VB,2
compare,VB,2
compare,NN,2
compared,VBN,2
comparison,NN,3
compass,NN,5.04425377490877
compassion,NN,4
compassion,VB,4
compassion,JJ,4
compassionate,NN,4
compassionate,JJ,4
compassionate,VB,4
compatible,JJ,4
compensate,VB,4
compensation,NN,4
compete,VB,3
competence,NN,4
competency,NN,5.48854386191099
competency,JJ,6
competency,VB,6
competent,JJ,4
competition,NN,2
competitive,JJ,3
competitor,NN,3
compilation,NN,4.73476962450914
compilation,VB,6
compilation,JJ,6
compile,NN,4
compile,VB,4
compile,JJ,4
compile,RB,4
compiler,NN,5.77961466640776
compiler,JJ,6
compiler,VB,6
complacent,NN,6
complacent,JJ,6
complacent,VB,6
complain,VB,2
complaint,NN,2
complement,NNP,3
complement,VB,3
complete,JJ,2
complete,VB,3
completed,VBN,2.5
completed,JJ,2.5
completely,RB,3
completion,NN,4
complex,JJ,3
complex,NN,3
complexity,NN,4
compliance,NN,2.52790547841468
compliant,NN,3.2396831912033
compliant,JJ,3.2396831912033
compliant,VB,3.2396831912033
complicate,VB,3
compliment,NN,3
compliment,VB,3
comply,VB,3.2396831912033
component,NN,4
component,JJ,4
components,NNS,4
compose,NN,3
compose,VB,3
compose,JJ,3
composer,NNP,2
composite,JJ,3.91855500333542
composite,NN,5.44146652512234
composition,NN,3
compost,NN,4.41338830562353
compost,VB,4.41338830562353
compost,JJ,4.41338830562353
compound,VB,3
compound,NN,3
compound,JJ,3
comprehend,NN,6
comprehend,VB,5.38104914161227
comprehend,JJ,6
comprehensive,JJ,4
comprehensive,NN,4
compress,NN,4
compress,VB,4
compress,JJ,4
compression,NN,4
compression,JJ,4
compression,VB,4
comprise,NN,6
comprise,VB,4.54149737188767
comprise,JJ,6
compromise,NN,3
compromise,VB,4
compulsory,JJ,4
compulsory,NN,4
compulsory,VB,4
computer,NN,1
computer,JJ,1
computers,NNS,1
computing,NN,4
computing,VB,4
computing,JJ,4
con,VB,6
con,NN,3.19427539458196
con,JJ,5.32833450779849
con,RB,6
conceal,VB,4
concede,VB,4
conceive,VB,4
concentrate,NN,2
concentrate,VB,2
concentration,NN,3
concept,NN,3
conception,NN,4
concepts,NNS,3
concern,NN,2
concern,VB,4
concerned,NN,3
concerned,JJ,3
concerned,VB,3
concerning,VBG,4
concerning,IN,4
concerns,VB,3
concerns,NNS,3
concert,NN,1
concierge,NN,6
concierge,JJ,6
concise,NN,5.27181185311462
concise,JJ,5.27181185311462
concise,VB,5.27181185311462
concise,RB,5.27181185311462
conclude,VB,3
conclusion,NN,3
concourse,NN,6
concrete,JJ,4
concrete,NN,4
concurrent,JJ,4.19955665264519
condemn,VB,4
condensation,NN,5.05213959159301
condensation,JJ,6
condensation,VB,6
condense,VB,6
condense,NN,6
condescending,VB,6
condescending,JJ,6
condescending,NN,6
condiment,NN,6
condition,NN,2
conditions,NNS,2
condominium,NN,6
conducive,JJ,5.65914959700431
conducive,NN,6
conducive,VB,6
conduct,VB,4
conduct,NN,3
conducted,VBN,3.5
conductor,NN,4
cone,NN,4
cone,JJ,4
cone,VB,4
confederate,JJ,4.22972552323871
confederate,NNP,4.22972552323871
conference,NN,4
confess,NN,4
confess,JJ,4
confess,VB,4
confession,NN,4
confidence,NN,3
confident,JJ,2
confidential,JJ,4.38213099406928
confidential,NNP,6
configuration,NN,3.30918163636492
configuration,JJ,6
configuration,VB,6
confine,NN,4
confine,VB,4
confine,JJ,4
confirm,VB,3
confirmation,NN,3
confiscate,VB,6
confiscate,RB,6
conflict,JJ,3
conflict,NN,3
conform,VB,3.89676203332309
confront,VB,4
confrontation,NN,4.93945391662686
confused,VB,2
confused,JJ,2
confusion,NN,3
congestion,NN,4.98666526632596
congestion,JJ,6
congestion,VB,6
congratulate,VB,3
congratulate,NN,3
congratulate,RB,3
congratulations,NNS,5.92219247244167
congregation,NN,4.34519257147108
congregation,JJ,6
congregation,VB,6
congress,NN,1.44078279291057
congressional,NN,1.44078279291057
congressional,JJ,1.44078279291057
congressman,NN,4.74290437599289
conical,JJ,2.85499294455773
conical,NN,2.85499294455773
conical,VB,2.85499294455773
conjecture,NN,6
conjecture,VB,6
conjecture,JJ,6
conjunction,NN,4
connect,VB,3
connect,JJ,3
connected,JJ,3
connected,VBN,3
connection,NN,3
connotation,NN,6
conquer,NN,3
conquer,VB,3
conquer,JJ,3
conquest,NN,4
conquest,JJ,4
conquest,VB,4
conscience,NN,4
conscientious,JJ,5.68533323040774
conscious,JJ,3
conscious,NN,3
consciously,RB,3
consciousness,NN,4
consecutive,JJ,4.16061429895032
consensus,NN,4
consent,NN,4
consent,JJ,4
consent,VB,4
consequence,NN,2
consequently,RB,3
conservation,NN,3
conserve,VB,5.72882479847398
consider,VB,2
considerable,JJ,3
considerably,RB,4
considerate,JJ,2
considerate,NN,2
considerate,VB,2
consideration,NN,3
considered,VBN,2
considered,JJ,2
consist,VB,2
consistency,NN,2
consistent,JJ,4
consistently,RB,2
console,NN,4
console,VB,4
console,JJ,4
consolidate,VB,5.62745974346927
consolidation,NN,3.82362054101695
conspicuous,NN,6
conspicuous,JJ,4.26101722326133
conspiracy,NN,4.20523957865752
conspire,NN,6
conspire,VB,6
constable,NN,4.91026314170685
constant,JJ,4
constantly,RB,3
constellation,NN,6
constellation,JJ,6
constituency,NN,5.33578651775697
constitute,VB,3
constitutes,VB,3
constitution,NN,3
constitutional,JJ,2.23492151678852
constrain,VB,6
constrain,NNP,6
constrain,JJ,6
constrain,RB,6
construct,VB,3
construction,NN,3
construction,JJ,3
constructive,JJ,3
constructive,NN,3
constructive,VB,3
consult,VB,4
consultant,NN,4
consultation,NN,3.42345166106802
consulting,VBG,4
consulting,NN,4
consulting,JJ,4
consume,VB,3
consumer,NN,3
consumer,JJ,3
consumption,NN,3
contact,NN,2
contact,VB,2
contacts,NNS,2
contagion,NN,5.27181185311462
contagious,NN,6
contagious,JJ,5.91977491827456
contain,VB,3
contained,VBN,3
container,NN,2
containing,JJ,3
containing,VBG,3
contains,VB,3
contaminate,VB,4
contaminate,NN,4
contamination,NN,3.99872911141937
contamination,VB,6
contamination,JJ,6
contemplate,VB,5.53668386807961
contemporary,JJ,4
contemporary,NN,4
contempt,NN,4
contend,VB,4.70359464233885
content,JJ,4
content,NN,3
content,VB,3.5
contention,NN,3.5
contentious,JJ,6
contentment,NN,3.5
contentment,JJ,3.5
contentment,VB,3.5
contents,NNS,3.5
contest,VB,1
contest,NN,1
context,NN,2
continent,NNP,2
continental,NN,3.99720774655448
continental,JJ,4.04176010158872
contingent,NN,6
contingent,JJ,4.29980118805403
continually,RB,3
continuation,NN,3.70888816594183
continuation,JJ,6
continuation,VB,6
continue,VB,2
continued,VBN,2
continued,JJ,2
continues,VBZ,2
continuing,NN,2
continuing,VBG,2
continuing,JJ,2
continuity,NN,3.74930526733336
continuous,JJ,3
continuously,RB,3
contract,NN,4
contract,JJ,4
contract,VB,4
contractor,NN,4
contractor,JJ,4
contracts,NNS,4
contracts,VB,4
contradict,NNP,4
contradict,VB,4
contradict,JJ,4
contradict,RB,4
contradiction,NN,4
contraption,NN,6
contrary,JJ,3
contrary,NN,3
contrast,NN,2
contrast,VB,2
contribute,VB,3
contribution,NN,3
contributor,NN,5.65292665124008
contributor,JJ,6
contributor,VB,6
control,NN,2
control,JJ,2.5
control,VB,3
controlled,VBN,2.5
controlled,JJ,2.5
controller,NN,2.5
controls,VB,2.5
controls,NNS,2.5
controversial,JJ,3
controversy,NN,4
convenience,NN,2
convenience,JJ,2
convenient,JJ,2
conveniently,RB,4
convention,NN,4
conventional,JJ,4
conventional,NN,4
conversation,NN,1
converse,NN,4
converse,VB,4
conversion,NN,4
convert,NN,4
convert,VB,4
convey,VB,3
conviction,NN,2.89710943529528
convince,VB,3
convoy,NN,6
convoy,JJ,6
convoy,VB,6
cook,VB,1
cook,NN,1
cookie,NN,1
cookie,JJ,1
cookie,VB,1
cooking,JJ,2
cooking,VB,2
cooking,NN,2
cookware,NN,6
cookware,VB,6
cool,VB,4
cool,JJ,1
cool,NN,2.5
coop,NN,6
coop,VB,6
coop,JJ,6
cooperate,VB,4
cooperation,NN,4
cooperative,NN,4
cooperative,JJ,4
coordinate,VB,3.78751994436986
coordination,NN,3.25267830672367
coordinator,NN,4.67422556354874
cop,NN,1
cope,VB,4
copies,NNS,1.5
copper,NN,4
copper,JJ,4
cops,NNS,1
copy,NN,1
copy,VB,2
copyright,JJ,3
copyright,NN,3
coral,JJ,4
coral,NNP,4
coral,VB,4
cord,NN,3.61696450512111
core,NN,4
core,JJ,4
coriander,NNP,6
coriander,JJ,6
cork,NNP,5.06894645584071
corkscrew,NN,6
corkscrew,VB,6
corkscrew,JJ,6
corn,NN,1
corn,JJ,1
corner,NN,1
corner,JJ,1
corner,VB,1
cornerstone,NNP,4
cornerstone,JJ,4
cornmeal,NN,6
cornmeal,JJ,6
corporate,NN,4
corporate,JJ,4
corporation,NN,4
corporation,JJ,4
corpse,NN,2.48628515462924
correct,VB,4
correct,JJ,1
correction,NN,3
correctly,RB,2
correctly,NN,2
correctly,JJ,2
correctly,VB,2
correlation,NN,2.74659001884107
correlation,JJ,6
correlation,VB,6
correspond,NN,4
correspond,VB,4
correspond,JJ,4
correspondence,NN,4
correspondent,NN,4
corridor,NN,4
corroborate,VB,6
corroborate,NNP,6
corrupt,NN,4
corrupt,JJ,4
corruption,NN,4
corsage,NN,6
cosmetic,JJ,6
cosmetic,NN,6
cosmetics,NNS,5.9091017071778
cosmic,JJ,4.64491877088895
cost,JJ,2
cost,VB,2
cost,NN,2
costa,NNP,2
costa,JJ,2
costs,NNS,2
costs,VB,2
costume,NN,4
costume,JJ,4
cottage,NN,4
cotton,NN,3
cotton,JJ,3
couch,NN,1
cough,NN,4
cough,VB,3
could,VB,1
could,MD,1
council,NN,3
councillor,NN,3
counsel,NN,1.96142618946409
counselor,NN,1.96142618946409
counselor,JJ,1.96142618946409
counselor,VB,1.96142618946409
count,NN,3
count,VB,2
count,JJ,2.5
counter,JJ,3.5
counter,RB,3.5
counter,NN,4
counter,VB,3
counterpart,NN,5.02063227302148
countless,JJ,3
countries,NNS,2
country,NN,2
country,JJ,2
countryside,NN,2
county,NN,3
county,JJ,3
coup,NN,5.32421386000753
couple,JJ,2
couple,NN,2
coupon,NN,4.98382536633418
coupon,JJ,6
courage,NN,3
courageous,NN,3
courageous,JJ,3
courageously,RB,6
courier,NNP,5.85377655794134
courier,JJ,6
courier,VB,6
course,NN,1
course,JJ,1
courses,NNS,1
court,JJ,2
court,NN,2
court,VB,2
courteous,JJ,2
courteous,NN,2
courtesy,NN,4
courtesy,VB,4
courtesy,JJ,4
courtesy,RB,4
courtyard,NN,5.36272032046345
cousin,NNP,1
cove,NN,5.62195723467311
cove,JJ,6
cove,VB,6
covenant,NN,3.92804448154361
covenant,JJ,6
covenant,VB,6
cover,NN,1
cover,VB,2
coverage,NN,2.43542096916532
covered,JJ,1.5
covered,VBN,1.5
covers,VB,1.5
covers,NNS,1.5
cow,NNP,1
cowardly,JJ,4
cowardly,NN,4
cowardly,RB,4
cowboy,NNP,5.97756266755152
coworker,NNP,6
coyote,NN,6
coyote,JJ,6
coyote,VB,6
cpu,JJ,6
cpu,NN,6
crab,NN,4
crab,JJ,4
crab,VB,4
crack,VB,4
crack,JJ,4
crack,NN,4
cracker,NN,4
cracker,JJ,4
cradle,NN,5.85825507221624
craft,NN,3
craft,VB,3
crafts,NNS,3
crafts,VB,3
crafts,JJ,3
cramp,NN,6
cramp,VB,6
cramp,JJ,6
cramped,VBN,6
cramped,NN,6
cramped,JJ,6
crane,NN,4.24844324441684
crane,VB,6
crankshaft,NN,6
crankshaft,JJ,6
crankshaft,VB,6
crash,NN,3
crash,JJ,3
crash,VB,3
crate,NN,6
crate,VB,6
crate,JJ,6
crater,NN,4
crater,VB,4
crater,JJ,4
crave,NNP,6
crave,VB,6
crave,JJ,6
crawl,NN,4
crawl,VB,4
crayon,NN,6
crayon,VB,6
crayon,JJ,6
crazy,NN,2
crazy,JJ,2
cream,NN,1
cream,JJ,2
create,VB,2
created,VBN,2
created,JJ,2
creating,NN,2
creating,VBG,2
creation,NN,4
creative,JJ,2
creative,NN,2
creativity,NN,2
creator,NN,3
creature,NN,2
credential,NN,6
credential,JJ,6
credential,VB,6
credibility,NN,4.62481246903807
credible,JJ,5.44366455109107
credit,NN,2
credit,VB,2
credit,JJ,2
credits,NNS,2
credits,VB,2
creek,NNP,4
creep,NN,5.90041985015625
creep,VB,5.73430533917212
creepy,NN,4
creepy,JJ,4
crescent,NNP,5.60310138582552
crescent,JJ,6
crescent,VB,6
crestfallen,NNP,6
crestfallen,VB,6
crestfallen,JJ,6
crestfallen,RB,6
crevice,NN,6
crevice,VB,6
crew,NN,4
crib,NN,6
cricket,NN,2
cricket,JJ,2
cricket,VB,2
crime,NN,2
crime,JJ,2
criminal,JJ,4
criminal,NN,3
cripple,NNP,4
cripple,VB,4
crisis,NN,3
crisp,NNP,2
crisp,JJ,2
crispy,NNP,6
crispy,VB,6
crispy,JJ,6
criteria,NN,3.53485294849905
criterion,NN,3.57532531643269
criterion,VB,6
criterion,JJ,6
critic,NN,3
critical,JJ,3
critical,NN,3
criticism,NN,4
criticize,VB,2
criticize,NN,2
critique,NN,4.2478577517474
critique,JJ,6
critique,VB,6
crochet,NN,6
crochet,JJ,6
crochet,VB,6
crocodile,NN,4
crocodile,JJ,4
crocodile,VB,4
cronyism,NN,6
crooked,JJ,5.93120980742839
crop,NN,3
crop,JJ,3
crop,VB,3
cross,JJ,2
cross,VB,2
cross,NN,2
crossing,NN,3
crossing,VBG,3
crosswalk,NN,6
crow,NN,3
crow,JJ,3
crow,VB,3
crowbar,NNP,6
crowbar,JJ,6
crowbar,VB,6
crowd,NN,2
crowd,VB,2
crowded,VB,2
crowded,JJ,2
crown,NN,2
crucial,JJ,4
crude,JJ,3.96301825202637
crude,NN,4.08373095683217
cruel,JJ,3
cruelty,NN,4
cruise,NN,2
cruise,VB,4
crumb,NN,6
crumb,JJ,6
crumb,VB,6
crumble,VB,6
crunchy,JJ,6
crunchy,NN,6
crush,VB,3
crush,NN,3
crust,NN,4.92167695095684
crust,VB,6
crust,JJ,6
crutch,NN,6
crutch,JJ,6
crutch,VB,6
crutches,NNS,6
crutches,VB,6
crux,NN,6
crux,JJ,6
cry,VB,2
cry,NN,1
crystal,JJ,4.83963458692366
crystal,NNP,3.28466625493793
crystallization,NN,2.92873264936514
crystallization,VB,2.92873264936514
crystallization,JJ,2.92873264936514
cuban,JJ,5.17042209238479
cuban,NNP,6
cube,NN,4
cube,JJ,4
cube,VB,4
cubic,JJ,3.43776254280768
cubicle,NN,3.43776254280768
cubs,NNS,6
cucumber,NNP,3
cucumber,JJ,3
cucumber,VB,3
cuddle,NN,6
cuddle,VB,6
cuff,NN,4
cuff,JJ,4
cuff,VB,4
cuisine,NN,6
cuisine,JJ,6
cuisine,VB,6
culminate,VB,6
culminate,NN,6
cult,NN,4.58718470237188
cultural,NN,3
cultural,JJ,3
culture,NN,1
cumin,NN,6
cumin,VB,6
cumulative,JJ,3.70173982938536
cunning,JJ,5.86546457820612
cunningly,RB,6
cup,NN,1
cup,VB,1
cupboard,NN,2
cupboard,JJ,2
cupboard,VB,2
curb,VB,6
curb,NN,5.7922929364801
curdle,NNP,6
curdle,VB,6
cure,NN,3
cure,JJ,3.5
cure,VB,4
curfew,NN,6
curfew,JJ,6
curfew,VB,6
curiosity,NN,3
curious,JJ,3
curl,NN,4
curl,VB,4
curl,JJ,4
currency,NN,3
currency,JJ,3
current,NN,3
current,JJ,3
currently,NN,3
currently,RB,3
curriculum,NN,3
curriculum,JJ,3
curriculum,VB,3
curry,NNP,2
curry,VB,2
curry,JJ,2
curse,NN,2
curse,VB,2
cursor,NN,4
cursor,VB,4
cursor,JJ,4
cursory,NN,6
cursory,JJ,6
curtain,NN,3
curve,NN,3
curved,NN,3
curved,JJ,3
curved,VB,3
cushion,NN,3
cushion,VB,3
custody,NN,3.55160798739449
custom,NN,2
custom,JJ,2
customer,NN,2
customer,JJ,2
customers,NNS,2
customs,NNS,3
cut,JJ,2
cut,VB,1
cut,NN,3
cute,JJ,1
cutlery,NN,6
cutter,NN,2
cutter,RB,2
cutter,JJ,2
cutter,VB,2
cycle,NN,3
cycle,VB,3
cycling,NN,2
cycling,VB,2
cyclist,NN,4
cylinder,JJ,5.63114399025014
cylinder,NN,3.45696409502572
cylinder,VB,6
cylinder,RB,6
cymbal,NNP,6
cymbal,JJ,6
cynical,JJ,6
czech,NNP,5.38140814306944
czech,JJ,6
czech,RB,6
dad,NN,1
daddy,NNP,1
daddy,JJ,1
dagger,NNP,6
dagger,JJ,6
daily,RB,2
daily,NN,2
daily,JJ,2
dairy,NN,3.08768074478031
daisy,NNP,3
daisy,JJ,3
dale,NNP,4.69688104279652
dam,NN,2
dam,JJ,2
damage,VB,3
damage,NN,3
dame,JJ,2
dame,NNP,2
dame,VB,2
damned,RB,4
damned,VB,4
damned,JJ,4
damp,JJ,3
damp,VB,3
damp,NNP,3
dan,NNP,3.75582148032573
dance,NN,1
dance,VB,1
dancer,NN,2
danger,NN,2
dangerous,JJ,2
dangle,NN,6
dangle,JJ,6
dangle,VB,6
danish,NNP,3.75582148032573
danish,VB,3.75582148032573
danish,JJ,3.75582148032573
dare,NNP,3
dare,VB,3
daring,VBG,3
daring,JJ,3
dark,JJ,1
dark,NN,1
dark,RB,1
darkness,NN,3
darling,NNP,4
darling,JJ,4
darts,NNS,6
darts,JJ,6
darts,VB,6
dash,NN,4
dash,VB,4
dashboard,NN,6
dashboard,JJ,6
dashboard,VB,6
data,NNS,4
data,JJ,4
database,NN,4
date,NN,1
date,VB,3
date,JJ,2
dates,VB,2
dates,NNS,2
dating,VBG,3
dating,NN,3
daughter,NN,1
dawn,NNP,4
dawn,VB,4
day,CD,1
day,NN,1
day,JJ,1
daybreak,NN,6
daybreak,JJ,6
daybreak,VB,6
daylight,NN,2
days,NNS,1
days,JJ,1
dazzle,VB,3
dazzle,NN,3
dazzle,JJ,3
dazzling,VBG,3
dazzling,JJ,3
dead,NN,2
dead,JJ,2
dead,RB,2
dead,RP,2
dead,VB,2
deadline,NN,3
deaf,JJ,3
deal,VB,3
deal,NN,2
dealer,NN,3
dealer,JJ,3
dealers,NNS,3
deals,VB,2.5
deals,NNS,2.5
dealt,VB,2.5
dean,NNP,3.09486238059326
dear,NNP,4
dear,JJ,1
dear,RB,2.5
death,NN,2
death,JJ,2
debate,NN,2
debate,VB,2
debrief,NN,3
debrief,VB,3
debris,NN,3
debt,JJ,3
debt,NN,3
debug,NN,2
debug,VB,2
debugger,NN,2
debut,NN,2
debut,VB,2
decade,NN,4
decade,JJ,4
decathlon,NN,6
decay,NNP,4
decay,VB,4
deceased,VBN,6
deceased,JJ,6
deceive,NN,4
deceive,VB,4
deceive,JJ,4
december,NNP,1
decent,JJ,4
decibel,NN,6
decibel,VB,6
decibel,DT,6
decibel,JJ,6
decide,VB,2
decided,VBN,2
decimal,JJ,6
decimal,NN,6
decimal,VB,6
decision,NN,3
decision,JJ,3
decisions,NNS,3
decisive,JJ,4
deck,NN,4
deck,JJ,4
declaration,NN,3
declare,VB,3
decline,NN,3
decline,VB,4
decode,NN,3
decode,JJ,3
decode,VB,3
decode,IN,3
decompose,VB,6
decompose,NN,6
decorate,VB,4
decorate,NN,4
decorate,JJ,4
decorate,RB,4
decoration,NN,4
decoration,JJ,4
decoration,VB,4
decorative,NN,4
decorative,JJ,4
decorative,VB,4
decoy,NN,6
decoy,VB,6
decoy,JJ,6
decrease,NN,3
decrease,VB,3
decree,VB,6
decree,JJ,6
decree,NN,3.06708962132105
decree,RB,6
decrypt,NN,6
decrypt,VB,6
dedicate,VB,3
dedicate,NN,3
dedicate,RB,3
dedicate,JJ,3
dedicated,VBN,3
dedicated,JJ,3
dedication,NN,4
deduce,NN,4
deduce,VB,4
deductible,JJ,4.58000599146174
deduction,NN,4
deed,JJ,3
deed,NN,3
deed,VB,3
deep,NN,3
deep,JJ,4
deep,RB,2
deeply,RB,2
deer,NN,4
default,NN,2
default,VB,2
defeat,NN,4
defeat,VB,3
defence,VB,3
defence,NN,3
defence,JJ,3
defence,RB,3
defend,VB,3
defendant,NN,1.54729102902923
defender,NN,3
defense,NN,3
defense,JJ,3
defensive,JJ,3
defensive,NN,3
deficient,NN,6
deficient,JJ,4.8100450721977
deficient,VB,6
deficient,RB,6
deficit,JJ,4
deficit,NN,4
define,VB,3
defined,JJ,3
defined,VBN,3
definite,JJ,3
definitely,RB,3
definition,NN,3
definition,JJ,3
definitive,JJ,4.81640842764787
deforestation,NN,4
deforestation,JJ,4
deforestation,VB,4
defy,NN,4
defy,VB,4
defy,JJ,4
defy,RB,4
defy,RP,4
degrade,NN,6
degrade,VB,6
degrade,JJ,6
degree,JJ,2
degree,NN,2
degrees,CD,2
degrees,NNS,2
dehydrated,NN,6
dehydrated,JJ,6
dehydrated,VBN,6
dehydration,NN,6
dehydration,JJ,6
deity,NN,5.26147154432323
deity,VB,6
del,NNP,3.98470615320723
del,DT,6
delay,NN,2
delay,VB,3
delegate,NN,4
delegate,VB,4
delegation,NN,1
delete,JJ,3
delete,NN,3
delete,VB,3
delete,RP,3
delete,IN,3
delete,RB,3
deliberate,JJ,4
deliberate,VB,4
deliberately,RB,4
delicacy,NN,4
delicacy,JJ,4
delicacy,VB,4
delicate,JJ,3
delicious,JJ,1
delicious,NN,1
delight,NN,3
delight,VB,4
delightful,NN,3
delightful,JJ,3
delightful,VB,3
delineate,VB,4.73419195581936
delineate,NN,4.73419195581936
deliver,VB,3
deliverable,JJ,3
deliverable,NN,3
deliverable,VB,3
deliverable,RB,3
delivered,JJ,3
delivered,VBN,3
delivery,NN,3
delta,NN,3.74049384959837
delta,JJ,6
deluxe,NN,6
deluxe,JJ,6
deluxe,VB,6
demand,JJ,3
demand,VB,3
demand,NN,3
dementia,NN,5.54435190995503
dementia,JJ,6
demo,NNP,6
demo,JJ,6
demo,VB,6
democracy,NN,3
democracy,JJ,3
demographic,JJ,4.51913679512041
demographic,NN,6
demolish,VB,4
demolish,JJ,4
demolish,NN,4
demolition,NN,6
demolition,JJ,6
demon,NNP,5.07752102433542
demonstrate,VB,3
demonstration,NN,3
demotion,NN,6
demotion,VB,6
denial,NN,3.59984107260948
denied,VBN,3
denim,NNP,4
denim,JJ,4
denim,VB,4
denote,NN,1
denote,VB,1
denounce,NN,6
denounce,VB,6
denounce,RB,6
dense,JJ,4
density,NN,1.98507626436553
density,JJ,6
density,VB,6
dent,NN,5.26660267534768
dent,VB,6
dent,JJ,6
dental,NN,4
dental,JJ,4
dentist,NN,2
deny,VB,3
depart,VB,3
depart,NN,3
depart,RB,3
depart,JJ,3
depart,RP,3
department,NN,3
department,JJ,3
departments,NNS,3
departure,NN,3
depend,VB,2
dependable,NN,4
dependable,JJ,4
dependable,VB,4
dependent,JJ,3
depict,VB,5.07700565367715
depict,NN,5.07700565367715
depict,RP,5.07700565367715
depict,RB,5.07700565367715
deploy,NN,6
deploy,VB,6
deploy,RB,6
deploy,JJ,6
deployment,NN,4.87936179132584
deployment,VB,6
deployment,JJ,6
deposit,NN,3
deposit,VB,4
depot,NN,3
depression,NN,3
depression,JJ,3
deprive,VB,3
deprive,JJ,3
depth,JJ,3
depth,NN,3
deputy,JJ,4
deputy,NN,4
der,JJ,6
der,NNP,4.06580986274201
der,IN,6
der,RP,6
der,VB,6
der,RB,6
derby,NNP,5.58303641668041
derive,VB,3
derive,JJ,3
derive,NN,3
derive,RB,3
derive,RP,3
des,NNP,1.35908818455994
descend,VB,4
descend,NN,4
descendant,NN,4
descendant,VB,4
descendant,JJ,4
descent,NN,4.11663834894019
describe,VB,1
described,VBN,1
description,NN,2
description,JJ,2
desert,NN,2
desert,JJ,2
desert,VB,2
desertification,NN,2
deserve,VB,3
design,JJ,2
design,NN,1
design,VB,3
designate,JJ,2
designate,VB,2
designate,NN,2
designated,VBN,2
designation,NN,2
designation,VB,2
designed,JJ,2
designed,VBN,2
designer,NN,3
designer,JJ,4
designs,VB,2
designs,NNS,2
desirable,JJ,4
desire,NN,3
desire,VB,4
desk,JJ,1
desk,NN,1
desktop,JJ,4
desktop,NN,4
desolate,JJ,5.30989047101271
despair,NN,3
desperate,JJ,3
desperately,RB,4
despicable,JJ,6
despicable,NN,6
despise,NN,4
despise,VB,4
despise,JJ,4
despise,RB,4
despite,IN,3
despondent,JJ,6
despondent,VB,6
despondent,NN,6
dessert,NN,2
destination,NN,3
destiny,NN,4
destroy,VB,2
destruction,NN,3
destructive,JJ,3
detail,NN,2
detailed,JJ,4
detailed,VBN,4
details,NNS,2
detain,NN,6
detain,VB,6
detain,IN,6
detain,RB,6
detect,VB,4
detection,NN,2.96100464912034
detection,JJ,6
detection,VB,6
detective,NN,3
detector,NN,4
detector,VB,4
detector,JJ,4
detention,NN,3
detention,VB,3
detention,JJ,3
deter,VB,5.62949420218065
detergent,NN,6
deteriorate,VB,6
determination,NN,3
determination,JJ,3
determine,VB,3
determined,JJ,4
determined,VB,4
detour,NN,2.5
detour,JJ,2.5
detour,VB,2.5
dev,NN,5.60877166793262
dev,VB,6
dev,IN,6
dev,JJ,6
devastate,VB,3
devel,NNP,6
devel,JJ,6
devel,VB,6
develop,VB,2
developed,VBN,2
developed,JJ,2
developer,NN,2
developers,NNS,2
developing,JJ,4
developing,VBG,4
development,NN,3
development,JJ,3
developmental,JJ,3
developmental,NN,3
developmental,VB,3
device,NN,3
devices,NNS,3
devil,NNP,4
devise,VB,4.71140694274002
devote,VB,4
devoted,VBN,4
devoted,JJ,4
devotion,NN,3
dew,JJ,6
dew,NNP,5.85054247863325
diabetes,NN,3.87608146960869
diabetes,VB,6
diagnose,NN,6
diagnose,VB,6
diagnose,JJ,6
diagnosis,NN,2.49593779828013
diagnostic,NN,5.84243411360619
diagnostic,JJ,3.74558197252746
diagonal,NN,6
diagonal,JJ,6
diagonal,VB,6
diagram,NNP,3
diagram,VB,3
diagram,JJ,3
dial,NN,3
dial,VB,3
dialogue,NN,3
diameter,NN,3
diameter,VB,3
diameter,RB,3
diameter,JJ,3
diamond,NNP,2
diaper,NN,3
diaper,VB,3
diaper,JJ,3
diarrhea,NN,4
diarrhea,JJ,4
diarrhea,VB,4
diary,NN,2
diary,JJ,2
diary,VB,2
dice,NN,2
dichotomy,NN,6
dichotomy,JJ,6
dictate,NN,6
dictate,VB,5.71897559023199
dictate,JJ,6
dictate,RB,6
dictatorship,NN,5.58608999520585
dictionary,JJ,1
dictionary,NN,1
dictionary,VB,1
did,VBD,1
die,JJ,2
die,NN,2
die,VB,2
died,VBN,2
diesel,JJ,6
diesel,NNP,4.15041739807069
diet,NN,2
dietary,JJ,2
dietary,NN,2
dietary,VB,2
diff,NN,6
diff,JJ,6
diff,VB,6
differ,VB,3
difference,NN,1
differences,NNS,1
different,JJ,1
differential,JJ,6
differential,NN,2.86903541207911
differential,VB,6
differently,RB,2
difficult,JJ,1
difficulty,NN,2
diffraction,NN,4.61212830853038
diffuse,VB,6
diffuse,NN,5.25880329998638
diffuse,RB,6
diffuse,JJ,6
dig,VB,3
dig,NN,1
digest,NN,4
digest,VB,4
digestion,NN,4
digestion,VB,4
digit,JJ,5.03369102171372
digital,NN,3
digital,JJ,3
dignity,NN,4
dilemma,NN,4
diligent,NN,3
diligent,VB,3
diligent,JJ,3
diligently,RB,6
dill,NNP,6
dim,JJ,4
dimension,NN,4
dimensional,JJ,3.05550380685047
diminish,NN,6
diminish,VB,5.08528156699771
diminish,RP,6
diminish,JJ,6
dine,NN,5.57535318695384
dine,JJ,5.57535318695384
dine,VB,5.57535318695384
diner,NN,5.57535318695384
diner,VB,5.57535318695384
dining,NN,5.57535318695384
dining,VB,5.57535318695384
dinner,NN,1
dinosaur,NN,2
dinosaur,VB,2
dinosaur,JJ,2
dioxide,NN,3
dip,VB,4
dip,NN,4
diploma,NN,4
diploma,VB,4
diploma,JJ,4
diplomacy,NN,4.91123139479981
diplomat,NN,4
diplomatic,JJ,3.69122986964337
direct,JJ,2
direct,NN,2.5
direct,RB,2.5
direct,VB,3
directed,VBN,2.5
directed,NN,2.5
directed,JJ,2.5
direction,NN,2
directions,NNS,2
directive,VB,2.5
directive,NN,2.5
directive,JJ,2.5
directly,RB,3
director,NN,2
directors,NNS,2
directory,NN,2.5
dirt,NN,3
dirty,JJ,1
disability,NN,3
disability,VB,3
disability,JJ,3
disable,VB,3
disable,NN,3
disable,JJ,3
disabled,VB,3
disabled,JJ,3
disabled,NN,3
disadvantage,NN,2
disagree,VB,2
disappear,VB,2
disappearance,NN,4
disappointed,VB,2
disappointed,JJ,2
disappointment,NN,3
disapprove,VB,4
disapprove,NN,4
disapprove,JJ,4
disaster,JJ,3
disaster,NN,3
disc,NN,3
disc,RB,3
disc,VB,3
disc,JJ,3
discard,RB,1
discard,VB,1
discard,NN,1
discard,JJ,1
discern,VB,5.80554285443264
discern,NN,6
discern,JJ,6
discern,RP,6
discern,RB,6
discernible,JJ,5.75913929202205
discharge,NN,4
discharge,VB,4
disciple,NN,4
disciple,JJ,4
disciple,VB,4
disciplinary,NN,6
disciplinary,JJ,4.60305876024335
discipline,NN,4
discipline,VB,4
disclaimer,NN,2.5
disclaimer,VB,2.5
disclose,VB,4.4431012894456
disclosure,NN,3.34815115479447
disco,NNP,2
disco,VB,2
disco,JJ,2
discount,NN,3
discount,VB,3
discount,JJ,3
discourage,VB,3
discourse,JJ,6
discourse,VB,6
discourse,NN,3.241308026703
discover,NN,2
discover,VB,2
discovery,NN,3
discreet,JJ,6
discreet,NN,6
discreet,VB,6
discreetly,RB,6
discreetly,JJ,6
discreetly,NN,6
discreetly,VB,6
discretion,NN,2.95269698106149
discriminate,NN,4
discriminate,VB,4
discriminate,JJ,4
discrimination,NN,3
discrimination,JJ,3
discus,NN,3
discus,JJ,3
discus,VB,3
discuss,VB,1
discussed,VBN,1
discussion,NN,2
discussions,NNS,2
disease,JJ,3
disease,NN,3
diseases,NNS,3
disgrace,NN,4
disgrace,JJ,4
disgrace,VB,4
disgraceful,JJ,6
disgraceful,NN,6
disguise,NN,4
disguise,VB,4
disgust,NN,5.71108289677154
disgust,VB,6
disgust,JJ,6
disgust,RB,6
disgusting,JJ,3
disgusting,NN,3
disgusting,VB,3
dish,NN,1
dish,VB,1
disheartened,VB,1
disheartened,JJ,1
dishonest,NN,2
dishonest,JJ,2
dishonest,RB,2
dishonest,VB,2
dishwasher,NN,3
dishwasher,JJ,3
disinfect,NN,4
disinfect,VB,4
disinfect,JJ,4
disinfectant,NN,4
disinfectant,JJ,4
disk,NN,3
disk,JJ,3
dislike,VB,3
dislike,NN,2
disloyal,NN,6
disloyal,JJ,6
disloyal,VB,6
dismiss,VB,4
dismissal,NN,1
disobedient,JJ,6
disobedient,NN,6
disobedient,VB,6
disorder,NN,4
disorder,VB,4
disorganized,JJ,4
disorganized,NN,4
disorganized,VB,4
disparate,JJ,2.88716323093868
disparate,NN,2.88716323093868
disparate,VB,2.88716323093868
dispatch,NN,4
dispatch,VB,4
dispatch,JJ,4
dispatch,RB,4
disperse,NN,6
disperse,VB,6
disperse,JJ,6
displace,VB,4
displace,NN,4
displace,RB,4
displace,JJ,4
displacement,JJ,6
displacement,NN,3.56860823304257
displacement,VB,6
display,NN,2
display,VB,3
displayed,VBN,2.5
disposal,NN,4
dispose,VB,4.54198215095693
dispute,VB,4
dispute,NN,4
disregard,NN,4
disregard,VB,4
disregard,JJ,4
disregard,RB,4
disrespectful,JJ,3
disrespectful,NN,3
disruption,NN,4.96435178978154
disseminate,VB,6
disseminate,NN,6
disseminate,JJ,6
disseminate,RB,6
dissertation,NN,4.3156201617115
dissertation,VB,6
dissolve,VB,3
distance,NN,3
distance,VB,3
distance,JJ,3
distant,JJ,3
distillation,NN,5.22634030040911
distillation,VB,6
distillation,JJ,6
distinct,JJ,2.19534747227303
distinction,NN,3
distinctive,JJ,2.19534747227303
distinctly,RB,3
distinctly,JJ,3
distinguish,VB,3
distort,NN,4.77061204438879
distort,VB,4.77061204438879
distort,JJ,4.77061204438879
distract,VB,4
distract,RB,4
distract,NN,4
distract,JJ,4
distraction,NN,4
distraction,VB,4
distress,NN,3.75836384273446
distribute,VB,3
distributed,JJ,3
distributed,VBN,3
distribution,NN,3
distribution,JJ,3
district,NN,3
district,JJ,3
disturb,VB,2
ditch,NN,4.95219217067768
ditch,JJ,6
dive,NN,3
dive,VB,3
diverge,NN,6
diverge,VB,6
diverge,JJ,6
diverse,JJ,3
diversely,RB,3
diversify,VB,3
diversity,NN,3.05203593918276
divert,VB,4
divert,NN,4
divert,RB,4
divert,JJ,4
divert,RP,4
divide,VB,2
divide,NN,3
dividend,NN,3.65467370917539
dividend,JJ,6
divine,NNP,3
divine,JJ,3
diving,NN,3
diving,JJ,3
diving,VBG,3
division,NN,4
divorce,NN,4
divorce,VB,4
divorced,JJ,3
divorced,VBN,3
divulge,VB,6
dizziness,NN,6
dizzy,NNP,2
dizzy,JJ,2
dizzy,RB,2
dizzy,VB,2
dj,NNP,3
dj,JJ,3
dj,VB,3
dj,IN,3
dna,NNP,4
do,NN,1
do,VB,1
do,JJ,1
doc,NN,3
docile,JJ,6
docile,NNP,6
docile,VB,6
docile,RB,6
dock,NN,4
doctor,VB,1
doctor,NN,1
doctorate,NN,1
doctorate,JJ,1
doctorate,VB,1
doctrine,NN,2.5143663126861
document,NN,3
document,VB,3
documentary,JJ,3
documentary,NN,3
documentation,NN,3
documentation,JJ,3
documentation,VB,3
documents,VB,3
documents,NNS,3
dodge,NNP,5.1643289647871
dodge,VB,6
does,NN,1
does,VBZ,1
dog,NN,1
dog,JJ,1
dogs,NNS,1
dogs,VB,1
doing,VBG,1
doll,JJ,1
doll,NNP,1
dollar,JJ,1
dollar,NN,1
dollars,NNS,1
dolphin,NNP,3
domain,NN,2.72102629392478
dome,NNP,4.82884704628002
domestic,JJ,4
domestic,NN,4
dominance,NN,4.59825387188889
dominant,JJ,2.95460143149361
dominant,NN,6
dominate,VB,4
domination,NN,4.69343619009523
don,NNP,3.2265785022249
don,VB,5.43007345716615
donate,NN,4
donate,VB,4
donation,NN,4
donation,VB,4
done,VBN,2
done,JJ,2
done,RB,2
dong,NNP,6
dong,JJ,6
dong,VB,6
donkey,NNP,4
donkey,JJ,4
donkey,VB,4
donkey,IN,4
donor,NN,2.98830624606202
donor,JJ,2.98830624606202
donor,VB,2.98830624606202
doodle,NN,6
doodle,JJ,6
doodle,VB,6
doom,NN,4
doom,VB,4
doom,IN,4
door,NN,1
door,JJ,1
door,RB,1
doorbell,NN,6
doorknob,NNP,6
doorstep,NN,6
dope,NN,6
dope,VB,6
dope,JJ,6
dormitory,JJ,4
dormitory,NN,4
dosage,NN,4.55052648813423
dosage,JJ,6
dosage,RB,6
dosage,VB,6
dose,NN,4
dot,NN,3
dot,VB,3
double,JJ,2
double,NN,4
double,VB,4
double,RB,3.33333333333333
doubt,VB,4
doubt,NN,2
doubt,RB,3
dough,NN,5.42514290608041
dove,VB,4
dove,JJ,4
dove,NNP,4
down,NN,2.33333333333333
down,IN,2
down,RP,2.33333333333333
down,RB,1
down,JJ,4
down,VB,2.33333333333333
download,NN,4
download,IN,3
download,VB,2
download,JJ,3
download,RB,3
download,RP,3
downloads,NNS,3
downloads,VB,3
downpour,NN,2
downsizing,VB,4
downsizing,NN,2.33333333333333
downsizing,JJ,4
downstairs,NN,2.5
downstairs,RB,2
downstairs,JJ,3
downtown,NN,2
downtown,RB,2
downtown,JJ,2
downward,JJ,3
downward,RB,3
doze,NN,3
doze,VB,3
dozen,NN,3
dozen,CD,3
dozen,JJ,3
dozen,DT,3
draft,NN,4
draft,VB,4
drag,NN,3
drag,VB,3
dragon,NN,4.81039286428559
dragon,JJ,6
dragon,VB,6
dragonfly,NNP,6
dragonfly,RB,6
drain,NN,4
drain,VB,4
drainage,NN,3.03556664555447
drainage,VB,6
drainage,JJ,6
drama,NN,1
dramatic,JJ,3
dramatically,RB,4
drank,VBN,1
drapery,NNP,4
drapery,JJ,4
drastic,JJ,5.13692188854597
drastic,RB,6
drastically,RB,5.12447622424635
draw,VB,1
draw,NN,2
drawer,NN,2
drawing,JJ,2
drawing,NN,2
drawing,VBG,2
drawn,JJ,1.5
drawn,VBN,1.5
dread,JJ,4
dread,NN,4
dread,VB,4
dreadfully,RB,4
dream,NN,1
dream,VB,2
dress,VB,2
dress,NN,1
dress,JJ,1.5
dresser,NN,1.5
dresser,JJ,1.5
dresser,VB,1.5
dresser,RB,1.5
dressing,VBG,1.5
dressing,NN,1.5
dressing,JJ,1.5
drew,NNP,1.5
drew,VB,1.5
dribble,NN,6
dribble,JJ,6
dribble,VB,6
dried,VBN,1.5
dried,JJ,1.5
drift,VB,5.96602313556155
drift,NN,4.24215924968307
driftwood,NNP,6
driftwood,VB,6
drill,NN,2
drill,VB,2
drink,VB,1
drink,NN,1
drink,JJ,1
drip,NN,6
drip,VB,6
drip,JJ,6
drive,VB,2
drive,NN,1
driven,VBN,1.5
driven,JJ,1.5
driver,NN,1
drivers,NNS,1
drives,NN,1.5
drives,VBZ,1.5
driveway,NN,5.90179423896071
driving,NN,1.5
driving,JJ,1.5
driving,VB,1.5
drizzle,NN,6
drizzly,NN,6
drizzly,JJ,6
drizzly,RB,6
drone,NN,6
drone,VB,6
drone,JJ,6
drop,NN,2
drop,JJ,1.5
drop,VB,1
droplet,NN,6
droplet,VB,6
droplet,JJ,6
dropout,NN,4
dropout,JJ,4
dropout,VB,4
drought,NN,4
drought,JJ,4
drove,VBN,1.5
drown,NN,3
drown,JJ,3
drown,IN,3
drown,VBN,3
drowsy,JJ,6
drowsy,NN,6
drowsy,RB,6
drowsy,VB,6
drug,NN,2
drug,JJ,2
drugs,NNS,2
drum,NNP,1
drum,VB,1
drummer,NNP,1
drummer,JJ,1
drummer,VB,1
drumstick,NNP,6
drunk,JJ,3
drunk,NN,3
drunk,VB,3
dry,NN,1.5
dry,JJ,1
dry,VB,2
drywall,NNP,6
drywall,VB,6
dual,NN,6
dual,JJ,3.5204581164329
dubbed,VBN,6
dubious,JJ,5.8557765006268
duchess,NNP,5.60062581063256
duchess,JJ,6
duck,NN,2
duck,VB,2
duck,JJ,2
duckling,NN,6
duckling,VBG,6
due,JJ,1
due,RB,1
due,NN,1
duet,NN,6
duet,JJ,6
duet,VB,6
duke,NNP,3.02838562719611
dull,JJ,3
dully,NNP,6
dully,RB,6
dumb,JJ,4
dumbfounded,JJ,6
dumbfounded,VB,6
dump,NN,3
dump,JJ,3
dump,VB,3
dumpling,NN,6
dumpling,VBG,6
dune,NNP,6
dune,JJ,6
dune,VB,6
duplex,JJ,6
duplex,NN,6
duplex,VB,6
duplicate,NN,4
duplicate,VB,4
duplicate,JJ,4
durable,NN,6
durable,JJ,4.73314174718628
duration,NN,2.67129951641794
during,IN,2
dusk,NN,5.84110110349491
dust,JJ,2
dust,NN,2
dust,VB,2
dustbin,NNP,3
dustbin,VB,3
dustpan,NN,6
dutch,NNP,3.75987620465565
dutch,JJ,4.11287905759209
duty,JJ,3
duty,NN,3
duvet,NNP,3
dwarf,NNP,4
dwarf,VB,4
dwell,NN,6
dwell,DT,6
dwell,RB,6
dwell,IN,6
dwell,VB,5.40465339990674
dwell,JJ,6
dying,NN,2
dying,VBG,2
dynamic,NN,4
dynamic,JJ,4
dynasty,NNP,3
dynasty,VB,3
dynasty,RB,3
dynasty,JJ,3
dynasty,CD,3
each,DT,1
each,PRP,1
eager,JJ,3
eagerly,RB,4
eagerness,NN,3
eagle,NN,4
ear,NN,1
earl,NNP,3.24639610324856
earlier,JJ,1.5
earlier,RBR,1.5
earlier,NN,1.5
earliest,JJS,1.5
earlobe,NNP,6
early,NN,1.5
early,JJ,2
early,RB,1
earn,VB,2
earnings,NNS,4
earnings,JJ,4
earphones,NNS,6
earphones,VB,6
earring,NN,2
earring,VBG,2
earth,NN,2
earth,JJ,2
earthquake,NN,2
earthquake,JJ,2
earthworm,NN,6
earthworm,DT,6
earthworm,JJ,6
ease,VB,4
ease,NN,4
easier,RB,1
easier,JJR,1
easiest,NN,1
easiest,JJS,1
easily,RB,2
east,NN,2
east,JJ,2
east,RB,2
eastern,NNP,3
eastern,JJ,3
easy,JJ,1
easy,NN,1
easy,RB,1
easygoing,JJ,3
easygoing,VB,3
eat,VB,1
eat,JJ,1
eaten,VBN,1
eatery,NN,6
eccentric,JJ,5.70026963779328
echo,NNP,4.77788350794157
echo,VB,6
eclipse,VB,6
eclipse,NNP,5.93907253548987
ecological,JJ,3
ecological,NN,3
ecology,JJ,3
ecology,NN,3
ecology,VB,3
economic,NN,3
economic,JJ,3
economically,RB,3.730792291781
economics,NNS,3
economist,NN,4
economy,NN,3
ecosystem,NN,3
ecosystem,JJ,3
ecosystem,PRP,3
ecosystem,VB,3
ecstasy,NN,3
ecstasy,JJ,3
eczema,NNP,6
edge,NN,3
edge,JJ,3
edge,VB,3
edible,JJ,5.53536222855029
edit,NN,4
edit,VB,4
edit,PRP,4
edit,CC,4
edit,RB,4
edited,VBN,4
edited,NN,4
edited,JJ,4
edition,JJ,3
edition,NN,3
editor,NN,2
editorial,JJ,4
editorial,NN,4
educate,VB,3
educated,VBN,4
educated,JJ,4
education,NN,2
educational,JJ,2
educational,NN,2
eel,NNP,6
eel,RB,6
eel,VB,6
eel,JJ,6
eerie,NN,6
eerie,RB,6
eerie,VB,6
eerie,JJ,6
effect,VB,2
effect,NN,2
effective,NN,3
effective,JJ,3
effectively,RB,4
effectiveness,NN,4
effects,NNS,2
effects,VB,2
efficiency,NN,3
efficient,NN,3
efficient,JJ,3
efficiently,RB,4.19653295875414
effort,NN,2
efforts,NNS,2
egg,NN,1
egg,JJ,1
eggplant,NN,6
eggplant,JJ,6
eggplant,VB,6
ego,NNP,4.22171510732207
egyptian,JJ,2.89460894874042
egyptian,NNP,2.89460894874042
eight,CD,1
eight,JJ,1
eight,NN,1
eighteen,JJ,1
eighteen,CD,1
eighth,JJ,4.14803639547627
eighth,NN,4.6286562223035
eighty,CD,1
eighty,JJ,1
either,RB,1
either,CC,2
either,DT,3
either,NN,2.25
either,PRP,3
elaborate,JJ,3.98048894505121
elaborate,VB,6
elated,NN,6
elated,VB,6
elated,JJ,6
elbow,NNP,3
elder,NNP,1
elder,JJ,1
eldest,JJS,1
eldest,NN,1
eldest,RB,1
elect,VB,4
elect,NN,4
election,NN,3
election,JJ,3
electoral,JJ,4
electoral,NN,4
electorate,NN,4
electorate,JJ,4
electorate,VB,4
electorate,RB,4
electric,NN,2
electric,JJ,2
electrical,NN,3
electrical,JJ,3
electrician,NNP,4
electrician,JJ,4
electrician,VB,4
electricity,NN,3
electromagnetic,JJ,5.00534383610355
electromagnetic,NN,6
electron,NN,3
electronic,JJ,3
electronic,NN,3
electronics,NNS,4
electronics,JJ,4
elegant,JJ,4
elegantly,RB,4
element,JJ,3
element,NN,3
elementary,JJ,1
elements,NNS,3
elephant,NN,2
elevate,VB,6
elevate,JJ,6
elevate,NN,6
elevate,RB,6
elevation,NN,3.53030253658632
elevation,JJ,6
elevation,CD,6
elevation,VB,6
elevator,NN,2
eleven,CD,1
eleven,NN,1
elicit,VB,5.89156427516354
elicit,NN,6
elicit,RB,6
eligibility,NN,3.87790220441812
eligible,NN,4
eligible,JJ,4
eliminate,VB,3
elimination,NN,3.54541699592631
elite,JJ,4
elite,NN,4
eloquent,JJ,4
else,RB,1
else,JJ,1
else,NN,1
elsewhere,RB,2
elsewhere,NN,2
elucidate,NNP,6
elucidate,VB,6
email,NN,1
email,VB,2
email,JJ,1.5
email,RB,1.5
embargo,NNP,5.91545916376464
embark,NN,6
embark,VB,6
embarrass,NN,3
embarrass,JJ,3
embarrass,VB,3
embarrassed,VB,3
embarrassed,JJ,3
embarrassment,NN,3
embassy,NNP,4
embed,VB,6
embed,NN,6
embed,JJ,6
ember,NNP,6
ember,JJ,6
ember,VB,6
ember,RB,6
embrace,NN,4
embrace,VB,4
embroidery,NN,6
embroidery,JJ,6
embroidery,RB,6
embroidery,VB,6
embryo,NNP,4.87112682554778
emerald,NNP,6
emerald,VB,6
emerald,JJ,6
emerge,VB,3
emergence,NN,4
emergency,NN,2
emergency,JJ,2
eminent,JJ,4.28482184326207
emission,NN,3.2822783642644
emission,JJ,6
emission,VB,6
emit,NNP,6
emit,PRP,6
emit,VB,6
emit,JJ,6
emotion,NN,3
emotional,JJ,3
empathetic,JJ,6
empathetic,NN,6
empathetically,RB,6
empathy,NN,6
empathy,JJ,6
empathy,VB,6
empathy,PRP,6
emperor,NNP,3
emphasis,NN,3
emphasize,VB,3
emphasize,NN,3
emphasize,JJ,3
empire,NNP,3
empirical,NN,6
empirical,JJ,3.28691270288566
empirical,VB,6
employ,NN,4
employ,VB,4
employee,JJ,4
employee,NN,4
employees,NNS,4
employees,VB,4
employer,NN,4
employer,JJ,4
employment,JJ,3
employment,NN,3
empower,NN,6
empower,DT,6
empower,VB,6
empower,RB,6
empower,IN,6
empty,JJ,2
empty,VB,2
emulate,NN,6
emulate,VB,6
enable,VB,3
enamel,NNP,5.61344521625423
enamel,JJ,6
enamel,VB,6
enamel,RB,6
enclose,NN,3
enclose,VB,3
enclose,CD,3
enclose,JJ,3
enclosure,NN,4.95336043083795
enclosure,VB,6
enclosure,JJ,6
encompass,NN,6
encompass,JJ,6
encompass,VB,5.91802510843193
encounter,NN,3
encounter,VB,4
encourage,VB,2
encouragement,NN,3
encrypt,NN,6
encrypt,IN,6
encrypt,JJ,6
encrypt,VB,6
encryption,NN,6
encryption,JJ,6
encryption,VB,6
encyclopedia,NN,3
encyclopedia,VB,3
encyclopedia,JJ,3
end,VB,2
end,JJ,1.5
end,NN,1
end,RB,1.5
endanger,VB,3
endangered,VB,2
endangered,NN,2
endangered,JJ,2
ended,JJ,1.5
ended,VBN,1.5
ending,VBG,2
ending,NN,2
endless,JJ,3
endlessly,NN,4
endlessly,RB,4
endorse,VB,4
endorse,NN,4
endorse,JJ,4
endorsement,NN,5.07703493806056
ends,NNS,1.5
ends,VB,1.5
endurance,JJ,4
endurance,NN,4
endurance,VB,4
endurance,RB,4
endure,VB,3
enemy,NN,3
enemy,JJ,3
energetic,JJ,2
energy,JJ,4
energy,NN,4
enforce,VB,4
enforcement,NN,2.24668114018529
enforcement,JJ,6
engage,VB,3
engagement,NN,4
engine,NN,3
engine,JJ,3
engineer,NN,1
engineer,VB,1
engineering,NN,3
engineering,VB,3
engines,NNS,3
english,JJ,2.01128522809046
english,NNP,1.51081253603646
engrave,VB,6
enhance,VB,4
enjoy,VB,1
enjoyable,JJ,3
enjoyable,NN,3
enjoyable,VB,3
enjoyable,RB,3
enjoyment,NN,3
enjoyment,VB,3
enjoyment,JJ,3
enlarge,VB,5.51899402654683
enlist,NN,6
enlist,VB,6
enlist,JJ,6
enlist,RB,6
enormous,JJ,2
enormously,RB,5.63881915277898
enough,NN,2
enough,RB,2
enough,JJ,2
enough,DT,2
enough,PRP,2
enrich,NNP,3
enrich,VB,3
enrich,JJ,3
enroll,NNP,4
enroll,VB,4
enroll,RB,4
enrollment,NN,3.91115956851839
enrollment,VB,6
enrollment,JJ,6
ensemble,NN,5.66615690303384
ensemble,JJ,6
ensemble,VB,6
ensure,VB,3
entail,NNP,6
entail,VB,5.88770991818243
entail,RB,6
entail,JJ,6
enter,VB,2
entered,VBN,2
enterprise,NN,4
enterprise,JJ,4
enterprises,NNS,4
entertain,VB,3
entertain,NN,3
entertain,JJ,3
entertain,IN,3
entertain,RB,3
entertainment,NN,2
enthusiasm,NN,3
enthusiastic,JJ,3
enthusiastically,RB,4
entire,NN,3
entire,JJ,3
entirety,NN,5.43517691652902
entirety,JJ,6
entitle,VB,4
entity,NN,3.12436590281133
entrance,NN,2
entree,NNP,5.0571237383754
entree,VB,5.0571237383754
entree,JJ,5.0571237383754
entrepreneur,NNP,4
entries,VB,3
entries,NNS,3
entries,JJ,3
entries,CD,3
entry,JJ,3
entry,NN,3
enumerate,NN,6
enumerate,JJ,6
enumerate,VB,6
envelope,NN,2
envious,JJ,3
envious,NN,3
environment,NN,4
environmental,NN,3
environmental,JJ,3
envision,NNP,6
envision,JJ,6
envision,VB,6
envy,NNP,2
envy,VB,4
enzyme,JJ,6
enzyme,NN,3.56379409140393
enzyme,VB,6
enzyme,DT,6
epic,JJ,6
epic,NN,5.56284695200672
epidemic,NN,4.87447242340192
epidemic,JJ,6
epidemic,VB,6
episode,NN,2
epistemology,NN,6
epitomize,VB,6
equal,NN,4
equal,JJ,3
equal,VB,4
equality,NN,3
equally,RB,3
equation,NN,4
equator,NN,5.99877780767609
equator,JJ,6
equator,VB,6
equip,NN,4
equip,VB,4
equip,RB,4
equip,CD,4
equip,JJ,4
equipment,JJ,3
equipment,NN,3
equity,JJ,4
equity,NN,4
equivalent,NN,3.49348972986743
equivalent,JJ,2.42039850379606
era,NN,3
era,JJ,3
erase,NNP,6
erase,JJ,6
erase,VB,6
eraser,NNP,3
eraser,JJ,3
erosion,NN,3.472749419708
erotic,JJ,5.74582764056144
erratic,JJ,6
erratic,NN,6
error,NN,2
errors,NNS,2
erupt,VB,4
eruption,NN,4
escalator,NN,2
escalator,JJ,2
escalator,VB,2
escape,NN,2
escape,VB,3
escort,NN,5.92541671491764
escort,VB,6
esophagus,NN,6
esophagus,JJ,6
esophagus,VB,6
especially,RB,2
essay,NN,2
essence,NN,3
essential,JJ,3
essentially,RB,4
est,NN,1.1838298607339
est,RB,1.1838298607339
establish,VB,2
established,JJ,2
established,VBN,2
establishment,NN,3
estate,NN,4
estate,JJ,4
esteem,NN,4.53721518749232
esteem,PRP,6
esteem,JJ,6
esteem,VB,6
esteem,RB,6
estimate,NN,4
estimate,VB,3
estimated,VBN,4
estimated,JJ,4
estimates,NNS,3.5
estimates,VB,3.5
estuary,NNP,5.93042099091295
estuary,JJ,6
estuary,VB,6
etc,JJ,5.67939119394139
etc,NN,4.9512715886291
etc,VB,6
etc,CD,6
etc,RB,5.4959315395431
etc,PRP,6
eternal,JJ,3
eternally,RB,4
eternally,NN,4
eternally,JJ,4
eternity,NN,3
ethernet,NN,6
ethernet,JJ,6
ethernet,VB,6
ethical,JJ,3.30173772767137
ethnic,JJ,4
ethnicity,NN,4
ethnicity,JJ,4
euphoria,NN,6
eur,NN,5.59304955606487
eur,JJ,6
eur,CD,6
eur,VB,6
eur,RB,6
euro,NNP,2
european,JJ,1.87236063336176
european,NNP,2.22860434528668
evacuate,NN,4
evacuate,VB,4
evacuate,RB,4
evacuation,NN,4
evaluate,VB,4
evaluation,NN,4
evaporation,NN,4.44229048159125
evaporation,VB,6
evaporation,JJ,6
evasive,NN,6
evasive,JJ,6
evasive,VB,6
eve,NN,3.93790502139379
even,JJ,3
even,RB,2
even,NN,2.5
even,VB,2.5
evening,NN,1
event,NN,1
event,JJ,1
events,NNS,1
eventual,JJ,5.05169804635877
eventually,RB,3
ever,JJ,2
ever,NN,2
ever,RB,2
every,DT,1
everybody,NN,1
everybody,PRP,1
everyday,JJ,1
everyone,NN,1
everyone,PRP,1
everything,NN,1
everything,JJ,1
everything,PRP,1
everywhere,RB,1
evidence,VB,2
evidence,NN,2
evident,JJ,3
evidently,RB,4
evil,NN,4
evil,JJ,4
evoke,NNP,6
evoke,IN,6
evoke,JJ,6
evoke,VB,6
evoke,PRP,6
evolution,NN,4
evolutionary,JJ,4.41762323063599
evolutionary,NN,6
evolutionary,VB,6
evolve,NN,4
evolve,VB,4
evolve,JJ,4
evolve,PRP,4
evolve,CD,4
evolve,RB,4
exacerbate,RB,6
exacerbate,VB,6
exacerbate,JJ,6
exact,JJ,3
exactly,RB,2
exaggerate,VB,4
exaggerate,NN,4
exam,NN,2
exam,JJ,2
exam,VB,2
examination,NN,3
examination,JJ,3
examine,VB,3
example,NN,1
examples,NNS,1
exasperated,VB,6
exasperated,NN,6
exasperated,JJ,6
excavate,NNP,6
excavate,VB,6
excavate,JJ,6
excavate,RB,6
excavation,NN,4.69222998706856
excavation,VB,6
excavation,JJ,6
exceed,VB,4
exceedingly,RB,3
excel,NN,4
excel,DT,4
excel,VB,4
excel,RB,4
excel,JJ,4
excellence,NN,3
excellence,VB,3
excellent,JJ,1
except,IN,2
except,VB,2
except,CC,2
exception,NN,4
exceptional,JJ,4
exceptionally,RB,4
excerpt,NN,6
excerpt,JJ,6
excerpt,VB,6
excess,NN,3
excess,JJ,3
excessive,JJ,4
excessively,RB,3
excessively,NN,3
excessively,JJ,3
exchange,NN,2
exchange,VB,3
exchange,JJ,2.5
excited,VB,1
excited,JJ,1
excitement,NN,3
exciting,JJ,1
exclaim,VB,4
exclaim,RB,4
exclaim,NN,4
exclaim,JJ,4
exclude,VB,4
exclusive,JJ,3
exclusively,RB,4
excursion,NN,4
excursion,JJ,4
excuse,VB,3
excuse,NN,1
execute,VB,4
execution,NN,4
executive,NN,4
executive,JJ,4
exemplify,VB,6
exemplify,JJ,6
exempt,VB,6
exempt,JJ,3.49732884187857
exercise,NN,2
exercise,VB,1
exert,NN,6
exert,VB,4.87989616685289
exert,JJ,6
exhaust,NN,4
exhaust,JJ,4
exhaust,VB,4
exhaustive,NN,4
exhaustive,JJ,4
exhaustive,RB,4
exhaustive,CD,4
exhaustive,VB,4
exhibit,VB,4
exhibit,NN,4
exhibition,NN,2
exile,NN,4
exist,VB,2
existence,NN,3
existing,VBG,4
existing,JJ,4
exit,VB,3
exit,NN,3
exit,JJ,3
exodus,NNP,5.57902064790177
exotic,JJ,4
expand,VB,3
expansion,NN,4
expansion,JJ,4
expansive,NN,3
expansive,JJ,3
expansive,VB,3
expect,VB,2
expectation,NN,4
expectations,NNS,4
expectations,JJ,4
expected,JJ,4
expected,VBN,4
expedite,NN,6
expedite,VB,6
expedite,JJ,6
expedition,NN,4
expel,NN,6
expel,VB,6
expenditure,NN,2.17564910171227
expenditure,JJ,6
expense,JJ,3
expense,NN,3
expenses,NNS,3
expensive,JJ,1
expensive,RB,1
experience,NN,2
experience,VB,3
experienced,JJ,3
experienced,VBN,3
experiences,VB,2.5
experiences,NNS,2.5
experiment,NN,3
experiment,VB,4
experimental,JJ,1.86324591486226
expert,JJ,4
expert,NN,2
expertise,NN,3
experts,NNS,3
expire,VB,5.73704568585745
explain,VB,2
explanation,NN,2
explicit,JJ,3.53943028191585
explode,VB,4
exploit,VB,4
exploitation,NN,3.92259358526558
exploitation,VB,6
exploitation,JJ,6
exploration,NN,3
explore,VB,2
explorer,NN,4
explorer,JJ,4
explosion,NN,3
explosive,NN,4
explosive,JJ,4
exponent,NN,6
exponent,JJ,6
exponent,VB,6
export,JJ,4
export,VB,4
export,NN,4
expose,VB,3
exposed,JJ,3
exposed,VBN,3
exposure,NN,2.12294262479597
express,NN,2
express,VB,3
express,JJ,2.5
expressed,VBN,2.5
expressed,JJ,2.5
expression,NN,2
expressway,NN,6
expressway,VB,6
expulsion,NN,5.67774399979831
expulsion,VB,6
expulsion,JJ,6
exquisite,NN,4
exquisite,JJ,4
exquisite,RB,4
exquisite,PRP,4
exquisite,VB,4
extend,VB,3
extended,JJ,3
extended,VB,3
extension,NN,4
extensive,JJ,4
extensively,RB,3
extensively,NN,3
extensively,JJ,3
extent,NN,3
exterior,NN,4.27787443936166
external,JJ,4
external,NN,4
extinction,NN,3
extinction,VB,3
extinction,JJ,3
extra,JJ,2
extra,RB,2
extra,NN,3
extract,VB,4
extract,NN,4
extraction,NN,4
extraction,JJ,4
extraction,VB,4
extracurricular,NN,6
extracurricular,JJ,6
extracurricular,VB,6
extraordinary,JJ,3
extrapolate,RB,5.51860072372265
extrapolate,VB,5.51860072372265
extrapolate,JJ,5.51860072372265
extravagant,NN,6
extravagant,JJ,5.94372738054749
extravagant,VB,6
extreme,JJ,3
extreme,NN,3
extremely,RB,2
extrovert,NN,6
extrovert,VB,6
extrovert,JJ,6
extroverted,JJ,6
extroverted,VB,6
eye,NN,1
eye,JJ,1
eyebrow,NNP,4
eyelash,NNP,4
eyelid,NNP,4
eyelid,JJ,4
eyelid,VB,4
eyes,NNS,1
fabric,NN,4
fabricate,VB,4
fabricate,NN,4
fabricate,RB,4
fabulous,NN,4
fabulous,JJ,4
facade,NN,6
face,RB,1.5
face,JJ,1.5
face,NN,1
face,VB,2
facial,JJ,4.53663365080896
facilitate,VB,4
facilities,NNS,4
facility,NN,3
fact,JJ,2
fact,NN,2
faction,NN,2
faction,JJ,2
faction,VB,2
factor,VB,4
factor,NN,4
factors,NNS,4
factory,NN,1
facts,NNS,2
faculty,NN,4
fade,NN,3
fade,VB,3
fade,JJ,3
fahrenheit,VB,6
fahrenheit,RB,6
fahrenheit,JJ,6
fahrenheit,NNP,6
fahrenheit,CC,6
fail,VB,2
failed,VBN,2
failed,JJ,2
failure,NN,3
faint,JJ,3
faint,VB,4
fair,JJ,1
fair,NN,3
fairly,RB,2
fairness,NN,2
fairy,NN,1
fairy,JJ,1
fairy,VB,1
faith,NN,4
faithful,NN,3
faithful,JJ,3
faithful,RB,3
faithful,VB,3
faithfully,NN,4
faithfully,RB,4
faithfully,JJ,4
fake,JJ,3
fake,NN,3
falcon,NNP,6
fall,NN,3
fall,VB,2
fallacy,NN,6
fallacy,JJ,6
fallen,JJ,3
fallen,VB,3
fallout,NN,6
falls,VB,2.5
falls,NNS,2.5
falsify,VB,6
falter,NNP,4
falter,VB,4
falter,JJ,4
falter,RB,4
fame,NN,4
fame,VB,4
familiar,JJ,2
families,NNS,1
family,NN,1
family,JJ,1
famine,NN,5.07136618852754
famous,JJ,1
famous,NN,1
fan,NN,1
fan,VB,1
fancy,NN,3
fancy,JJ,2
fancy,VB,3
fans,NNS,1
fantastic,JJ,2
fantasy,JJ,3
fantasy,NN,3
far,JJ,4
far,NN,3
far,RB,2
fare,VB,2
fare,NN,2
farewell,NNP,3
farm,NN,1
farm,VB,1
farm,JJ,1
farmer,JJ,1
farmer,NNP,1
farther,RB,3
fascinate,VB,3
fascinate,NN,3
fascist,JJ,6
fascist,NN,6
fascist,VB,6
fashion,NN,2
fashion,VB,2
fashion,JJ,2
fast,NN,1
fast,JJ,1
fast,RB,1
fasten,RB,3
fasten,VB,3
fasten,NN,3
faster,JJ,1
faster,RBR,1
fasting,NN,1
fasting,JJ,1
fasting,VBG,1
fat,NN,4
fat,JJ,1
fatal,JJ,4
fate,NN,4
father,NN,1
father,VB,1
father,JJ,1
fatigue,JJ,6
fatigue,NN,3.7258035142326
fatigue,VB,6
fatty,JJ,5.16530096493365
fatty,NN,5.3063137797343
fatty,RB,6
fatty,VB,6
fatty,CD,6
faucet,NN,6
faucet,VB,6
faucet,JJ,6
fault,NN,2
fault,JJ,2
favor,VB,2
favor,NN,2
favorable,JJ,3
favorite,NN,1
favorite,JJ,1
favorites,NNS,1
favour,NN,2
favour,IN,2
favour,DT,2
favour,RP,2
favour,VB,2
favour,RB,2
favour,CD,2
favour,JJ,2
favourite,JJ,1
favourite,NN,1
favourite,VB,1
favourite,RB,1
fawn,NNP,6
fawn,JJ,6
fawn,VB,6
fax,NNP,3
fax,VB,3
fear,VB,4
fear,NN,2
fear,JJ,3
fearfully,RB,3
fearfully,NN,3
fearfully,JJ,3
feasibility,NN,4.20892085724297
feasibility,JJ,6
feasible,NN,6
feasible,JJ,3.8012878318056
feasible,VB,6
feast,JJ,3
feast,NN,3
feast,VB,3
feat,NN,4
feather,NNP,2
feather,JJ,2
feather,VB,2
feature,NN,2
feature,VB,4
featured,VBN,3
featured,JJ,3
features,NNS,3
features,VB,3
february,NNP,1
federal,NN,4
federal,JJ,4
federation,NN,2
fee,NN,2
fee,JJ,2
feeble,NN,6
feeble,JJ,5.1842171033126
feeble,VB,6
feed,VB,3
feed,NN,1
feedback,NN,4
feedback,VB,4
feedback,JJ,4
feeds,VB,2
feel,JJ,1.5
feel,NN,2
feel,VB,1
feeling,NN,1
feeling,VBG,1
fees,NNS,2
feet,NNS,3
fell,JJ,2.5
fell,VB,2.5
fell,NNP,2.5
fellow,NNP,3
fellow,JJ,4
fellowship,NN,3.5
fellowship,VB,3.5
fellowship,JJ,3.5
felony,NN,4.93253691862978
felt,VBN,1.5
female,JJ,2
female,NN,4
feminine,JJ,4.90838071789314
feminine,NN,6
fence,NN,2
fencing,VB,2
fencing,NN,2
fencing,JJ,2
fender,NNP,6
fender,JJ,6
fennel,NNP,6
ferment,NN,6
ferment,VB,6
ferment,JJ,6
fermented,JJ,6
fermented,VBN,6
fermented,NN,6
fern,NNP,6
fern,JJ,6
fern,IN,6
fern,VB,6
fern,RP,6
fern,CD,6
ferocious,JJ,6
ferocious,NN,6
ferociously,JJ,6
ferociously,RB,6
ferret,NNP,6
ferret,JJ,6
ferret,VB,6
ferry,NNP,3
ferry,VB,3
fertile,JJ,4.58145397426688
fertility,JJ,6
fertility,NN,3.86372756984258
fertilizer,NN,3.77072602116908
fest,JJ,3.45434964618549
fest,NN,3.45434964618549
festival,NN,1
fetch,VB,3
fever,NN,1
few,JJ,2.5
few,RB,2.5
few,DT,2
few,PRP,3
fiance,NNP,6
fiancee,NNP,6
fiber,NN,4
fiber,JJ,4
fiberglass,NNP,6
fiberglass,VB,6
fiberglass,JJ,6
fickle,JJ,6
fickle,NN,6
fickle,VB,6
fiction,NN,2
fiction,JJ,2
fictional,JJ,4
fiddle,NN,6
fiddle,JJ,6
fiddle,VB,6
fidget,NNP,6
fidget,VB,6
field,JJ,1
field,NN,1
field,VB,1
fields,NNS,1
fields,VB,1
fieldwork,NN,6
fieldwork,CD,6
fieldwork,JJ,6
fieldwork,VB,6
fieldwork,RB,6
fierce,JJ,4
fiercely,RB,6
fifteen,CD,1
fifteen,JJ,1
fifth,RB,3
fifth,JJ,3
fifth,NN,3
fifth,CD,3
fifty,JJ,1
fifty,CD,1
fight,JJ,2
fight,VB,3
fight,NN,1
fighter,NN,2
figure,JJ,2
figure,NN,2
figure,VB,2
figures,VB,2
figures,NNS,2
filament,NN,5.63789448504531
filament,VB,6
filament,JJ,6
file,NN,1
file,JJ,2.5
file,VB,4
filed,VBN,2.5
files,VB,2.5
files,NNS,2.5
filet,NN,6
filet,VB,6
filet,CD,6
fill,NN,1
fill,VB,1
fill,JJ,1
filled,VBN,1
filled,JJ,1
fillet,NN,1
fillet,JJ,1
fillet,VB,1
film,NN,2
film,VB,3
films,NNS,2.5
filter,NN,3
filter,RB,3
filter,IN,3
filter,VB,3
filter,JJ,3
filthy,JJ,6
filthy,NN,6
filthy,VB,6
filtration,NN,4.92892263599614
filtration,JJ,6
fin,NNP,5.38663201432098
fin,JJ,6
fin,IN,6
fin,VB,6
fin,RB,6
fin,CD,6
fin,RP,6
final,JJ,2
final,NN,2
finale,NN,2
finale,VB,2
finale,JJ,2
finally,RB,2
finance,NN,4
finance,JJ,3.5
finance,VB,3
financial,JJ,3
financial,NN,3
financing,NN,3.5
financing,VB,3.5
finch,JJ,6
finch,NNP,6
finch,VB,6
find,VB,1
finding,NN,3
finding,JJ,3
finding,VBG,3
fine,VB,4
fine,JJ,1
fine,NN,3
fine,RB,4
finger,NN,3
finger,VB,3
finger,JJ,3
fingerprint,NN,6
finish,NN,1
finish,VB,1
finished,JJ,1
finished,VBN,1
finite,NN,5.95279401846673
finite,VB,6
finite,JJ,3.49369148974062
finite,PRP,6
finite,RB,6
fir,JJ,6
fir,NN,5.2432647729433
fir,VB,6
fir,RB,6
fir,CD,6
fir,IN,6
fire,NN,1
fire,JJ,2.5
fire,VB,4
firearm,JJ,4
firearm,NN,4
firearm,VB,4
firefighter,NN,3
firefighter,JJ,3
firefly,NNP,6
firefly,RB,6
firefly,JJ,6
fireplace,NN,4
firewall,NNP,6
firewall,VB,6
firewall,JJ,6
fireworks,NN,3
fireworks,VB,3
firm,NN,3
firm,JJ,3
firm,VB,3
firmly,RB,3
firms,NNS,3
firmware,NN,6
firmware,VB,6
firmware,JJ,6
first,NN,1
first,JJ,1
first,RB,1
first,CD,1
fiscal,NN,4
fiscal,JJ,4
fish,NN,1
fish,RB,2
fish,VB,3
fisherman,NNP,2
fisherman,JJ,2
fishing,NN,1
fishing,JJ,1
fishing,VB,1
fist,NN,5.30756545676485
fist,RB,6
fit,VB,3
fit,JJ,2
fit,RB,3
fit,NN,4
fitness,JJ,3
fitness,NN,3
five,CD,1
five,NN,1
five,JJ,1
fix,NN,2
fix,JJ,2.5
fix,VB,3
fixed,NN,4
fixed,JJ,4
fixed,VBN,4
fizzy,NN,6
fizzy,JJ,6
fjord,NNP,6
fjord,JJ,6
flag,VB,1
flag,NN,1
flag,JJ,1
flagship,JJ,1
flagship,NN,1
flame,NN,4
flamingo,NNP,6
flamingo,JJ,6
flannel,NN,6
flash,VB,4
flash,NN,4
flash,JJ,3
flask,NN,5.27560045224537
flask,JJ,6
flask,VB,6
flat,RB,4
flat,JJ,3
flat,NN,1
flatly,RB,2.66666666666667
flatter,NN,2.66666666666667
flatter,VB,2.66666666666667
flatter,RB,2.66666666666667
flatter,JJR,2.66666666666667
flavor,NN,3
flavour,NN,3
flavour,CD,3
flavour,JJ,3
flavour,VB,3
flea,NNP,2
flea,JJ,2
fled,VBN,4
flee,NN,4
flee,VB,4
flee,JJ,4
flee,RB,4
fleece,NN,6
fleece,JJ,6
fleece,VB,6
fleet,NN,4
fleet,JJ,4
flesh,NN,4
flesh,JJ,4
flew,VB,1
flex,JJ,6
flex,NN,6
flex,VB,6
flexibility,NN,4
flexible,NN,4
flexible,JJ,4
flicker,NN,6
flicker,VB,6
flicker,JJ,6
flight,JJ,2
flight,NN,2
flights,NNS,2
flimsy,JJ,6
flimsy,NN,6
flimsy,RB,6
flimsy,VB,6
flinch,NN,6
flinch,RB,6
flinch,VB,6
flinch,JJ,6
fling,VB,1
fling,NNP,1
fling,JJ,1
flint,NN,4.871614356003
flip,VB,4
flip,JJ,4
flip,NN,4
float,VB,3
float,NN,2
flock,NN,3
flood,JJ,2.5
flood,NN,2
flood,VB,3
flooding,NN,2.5
flooding,VB,2.5
floodplain,NNP,6
floodplain,JJ,6
floodplain,VB,6
floor,JJ,1
floor,NN,1
flora,NNP,4.37802699483244
flora,VB,6
floral,JJ,5.95936869243369
floral,NN,6
floral,VB,6
flour,NN,2
flourish,VB,5.73558286270357
flow,NN,3
flow,VB,3
flower,NN,1
flower,JJ,1
flowers,NNS,1
flown,VBN,1
flu,NN,3
flu,JJ,3
flu,VB,3
fluency,NN,4
fluency,JJ,4
fluency,VB,4
fluent,JJ,3
fluent,NN,3
fluent,VB,3
fluently,RB,3
fluid,JJ,4
fluid,NN,4
flush,NN,6
flush,JJ,6
flush,VB,6
flustered,VB,6
flustered,NN,6
flustered,JJ,6
flute,JJ,3
flute,NN,3
flute,VB,3
fly,JJ,1
fly,NN,1
fly,VB,1
flyer,NN,1
flyer,VB,1
flyer,JJ,1
foam,NN,4.9297751905478
focus,VB,1
focus,NN,4
fodder,NN,5.99240974875721
fodder,IN,6
fodder,JJ,6
fodder,RB,6
fodder,VB,6
fog,VB,2
fog,NN,2
foggy,JJ,1
foggy,NN,1
foil,NNP,5.29156536138791
foil,VB,6
fold,RB,3
fold,VB,3
fold,NN,3
fold,JJ,3
folder,VB,2
folder,NN,2
folder,JJ,2
folder,IN,2
folk,NN,3
folk,JJ,3
folklore,NN,5.34124043115507
follow,JJ,2
follow,VB,2
followed,VBN,2
followed,JJ,2
follower,NN,4
follower,JJ,4
follower,VB,4
following,JJ,1
following,VBG,2.5
following,NN,2.5
following,IN,4
follows,NN,2
follows,VBZ,2
fond,JJ,3
fond,NNP,3
fond,VB,3
fondness,NN,3
fondness,JJ,3
font,NN,5.96930953357167
font,JJ,6
font,VB,6
food,NN,1
food,JJ,1
fool,JJ,2.5
fool,VB,3
fool,NN,2
foolish,JJ,3
foot,JJ,3
foot,NN,3
foot,VB,3
foot,CD,3
footage,NN,3
footage,JJ,3
football,NN,1
foothill,NNP,6
foothold,NNP,6
foothold,VB,6
footnote,VB,4
footnote,NN,4
footnote,JJ,4
for,NN,1.5
for,IN,1
for,RP,1.5
for,JJ,1.5
for,RB,1.5
for,CC,2
forbid,NN,2
forbid,VBN,2
forbid,IN,2
forbid,CD,2
forbid,JJ,2
forbidden,VBN,3
forbidden,JJ,3
force,VB,4
force,NN,2
force,JJ,3
forced,JJ,3
forced,VBN,3
forcefully,RB,4
forces,NNS,3
forces,VB,3
ford,NNP,3.03369934842944
forecast,JJ,3
forecast,VB,3
forecast,NN,3
forehead,NN,3
foreign,NN,1
foreign,JJ,1
foreigner,NN,1
foremost,RB,5.66229703300007
foremost,JJ,5.77190945209938
forensic,NN,6
forensic,JJ,6
forensic,VB,6
foresee,VB,4
forest,NN,2
forest,JJ,2
forestry,JJ,4
forestry,VB,4
forestry,NN,4
forestry,IN,4
forever,RB,2
forever,NN,2
foreword,RB,6
foreword,NN,6
foreword,VB,6
foreword,JJ,6
foreword,IN,6
forfeit,VB,6
forfeit,NN,6
forfeit,RB,6
forge,VB,6
forge,NN,6
forget,VB,1
forgetful,JJ,1
forgetful,NN,1
forgetful,RB,1
forgive,VB,3
forgiveness,JJ,3
forgiveness,NN,3
forgiveness,VB,3
forgiveness,RB,3
forgiveness,IN,3
forgiveness,CC,3
forgot,VBN,1
forgotten,JJ,1
forgotten,VBN,1
fork,VB,2
fork,NN,2
form,NN,1
form,VB,3
formal,JJ,3
formally,RB,3
format,NN,3
format,VB,3
formation,NN,4
former,NN,3
former,JJ,3
formidable,JJ,4
forms,NNS,2
forms,VB,2
formula,NN,3
formulate,VB,2
fort,NNP,2.33774672992249
fort,VB,6
forth,RB,3
forth,RP,3
forthcoming,JJ,4
fortnight,NN,3
fortnight,VB,3
fortnight,JJ,3
fortnight,RB,3
fortnight,CD,3
fortress,JJ,1
fortress,NN,1
fortress,VB,1
fortunate,JJ,3
fortunately,RB,2
fortunately,NN,2
fortune,NN,2
fortune,JJ,2
forty,CD,1
forty,JJ,1
forum,NN,1.5
forums,NNS,1.5
forums,VB,1.5
forward,RB,2
forward,RP,2
forward,JJ,2
forward,NN,2
fossil,NN,5.4243026029446
fossil,JJ,5.35487887530317
foster,NN,3.91803063514453
foster,VB,5.16086497472903
foster,JJ,5.22589004916761
fought,VBN,2
fought,JJ,2
foul,JJ,4
foul,VB,4
foul,NN,4
found,VBN,4
found,JJ,4
foundation,NN,3
founder,NN,4
fountain,NNP,3
four,JJ,1
four,CD,1
four,RB,1
four,NN,1
four,IN,1
fourteen,JJ,1
fourteen,CD,1
fourth,JJ,1
fourth,NN,1
fourth,RB,1
fox,NNP,4
fraction,NN,3.02062635388795
fracture,RB,6
fracture,VB,6
fracture,NN,4.02706486527349
fracture,JJ,5.62820923685367
fracture,IN,6
fragile,JJ,5.18951675381387
fragrant,NN,6
fragrant,JJ,6
fragrant,VB,6
frail,JJ,6
frame,NN,2
frame,VB,4
frames,NNS,3
frames,JJ,3
frames,VB,3
frames,RB,3
framework,NN,2.31801059335375
franchise,NNP,4.09003485319589
franchise,VB,6
francisco,NNP,2.23240549464991
francisco,JJ,6
frank,NNP,2
frank,JJ,2
frankly,NN,4
frankly,RB,4
frantic,JJ,6
fraud,JJ,4
fraud,NN,4
freak,NN,4
freak,JJ,4
freak,VB,4
freckle,NN,6
freckle,JJ,6
free,RB,2
free,NN,2.33333333333333
free,JJ,1
free,VB,4
freedom,NN,2
freedom,JJ,2
freelance,NNP,6
freelance,JJ,6
freelance,VB,6
freelancer,NN,6
freelancing,NN,6
freelancing,JJ,6
freelancing,VB,6
freestyle,NN,6
freestyle,CD,6
freestyle,JJ,6
freestyle,VB,6
freeway,NN,6
freeze,NN,2
freeze,VB,2
freezer,NNP,3
freezer,VB,3
freezer,JJ,3
freight,VB,6
freight,JJ,6
freight,NN,2.75121576608942
french,JJ,1.94919586185808
french,NNP,1.88123965995622
frequency,NN,3
frequent,JJ,3
frequent,VB,3
frequently,RB,3
fresh,JJ,2
freshman,NN,3
friction,NN,3.70639524975296
friction,VB,6
friction,JJ,6
friday,NNP,1
friday,JJ,1
fridge,NNP,2
fridge,JJ,2
fried,NNP,2
fried,JJ,2
fried,VB,2
friend,JJ,1
friend,NN,1
friendly,JJ,4
friendly,NN,4
friends,NNS,1
friendship,NN,2
fringe,JJ,5.74998439887044
fringe,NN,5.7782696511966
fritter,NN,6
fritter,JJ,6
fritter,VB,6
frog,NN,1
frog,JJ,1
frog,VB,1
from,IN,1
from,JJ,1
front,NN,2
front,JJ,1
front,RB,1.5
frontier,NNP,4
frost,NNP,3
frost,JJ,3
frostbite,NNP,6
frostbite,VB,6
frostbite,JJ,6
frosting,VBG,3
frosting,NN,3
frosting,JJ,3
frosty,NNP,6
frosty,JJ,6
frown,IN,6
frown,NN,6
frown,JJ,6
frown,RB,6
frown,VB,6
frozen,JJ,3
frozen,VB,3
frugal,JJ,4
frugal,NN,4
frugality,NN,4
fruit,NN,1
frustration,NNP,3
fry,NN,2
fry,JJ,2.5
fry,VB,3
fry,RB,2.5
fuel,NN,3
fuel,VB,3
fuel,JJ,3
fulfill,VB,4
full,RB,1
full,JJ,1
fully,RB,2
fully,JJ,2
fumble,NN,6
fumble,VB,6
fumble,JJ,6
fume,NN,4
fume,VB,4
fume,JJ,4
fun,JJ,1
fun,NN,1
function,VB,2
function,NN,3
functional,NN,4
functional,JJ,4
functional,VB,4
functionality,NN,4
functions,NNS,2.5
functions,VB,2.5
fund,VB,3
fund,NN,3
fund,JJ,3
fundamental,JJ,4
funding,JJ,3
funding,VB,3
funding,NN,3
funds,JJ,3
funds,NNS,3
funds,VB,3
funeral,NN,3
funeral,JJ,3
funk,NN,4
funk,VB,4
funk,JJ,4
funnel,NNP,6
funnel,VB,6
funny,NN,1
funny,JJ,1
furious,NN,4
furious,JJ,4
furiously,RB,4
furnace,NN,3.40868973924483
furnished,JJ,3
furnished,VBN,3
furnishing,NN,3
furnishing,JJ,3
furnishing,VB,3
furniture,NN,2
further,RB,3
further,JJ,2
further,VB,2.5
furthermore,RB,3
fury,NN,5.13657298902603
fusion,NN,3.83235056912203
futile,JJ,5.62676482602028
futile,NNP,6
futile,IN,6
futile,VB,6
futile,RB,6
future,JJ,3
future,NN,1
gadget,NNP,6
gain,VB,3
gain,NN,3
galaxy,NN,5.76393577669913
galaxy,JJ,6
gale,NNP,5.00489963787551
gale,VB,5.00489963787551
gale,JJ,5.00489963787551
galleries,NNS,2
galleries,VB,2
gallery,NN,2
gallon,NNP,3
gallon,JJ,3
gallop,NNP,6
gallop,VB,6
gallop,JJ,6
gallows,NNS,6
gallows,VB,6
gallows,JJ,6
gamble,NN,5.89722536070739
gamble,VB,6
gambling,NN,4
gambling,VB,4
game,NN,1
game,JJ,1
games,NNS,1
gaming,NN,1
gamma,NN,4.15349449787837
gamma,JJ,6
gamma,VB,6
gang,VB,4
gang,NN,4
gangway,NNP,6
gap,NN,3
gap,JJ,3
garage,NN,2
garbage,NN,1
garden,VB,1
garden,NNP,1
garlic,NN,2
garlic,JJ,2
garlic,VB,2
garlic,DT,2
garment,NN,3
garnish,NNP,6
garnish,VB,6
garnish,JJ,6
gas,NN,2
gas,VB,2
gas,JJ,2
gasket,NN,6
gasoline,NN,3.49651110478639
gasp,NN,4
gasp,VB,4
gasp,JJ,4
gate,NN,2
gateway,NN,4
gateway,VB,4
gateway,JJ,4
gather,VB,2
gathering,VBG,2
gathering,NN,2
gathering,JJ,2
gauge,NNP,4.26584850476183
gauge,VB,5.77623269320489
gaunt,NNP,6
gaunt,VB,6
gaunt,JJ,6
gauze,JJ,6
gauze,NNP,6
gauze,VB,6
gave,VB,1
gay,JJ,3
gay,NN,3
gaze,NN,4
gaze,VB,4
gazebo,NNP,6
gazelle,NNP,6
gazelle,JJ,6
gdp,NNP,3.93337747375624
gdp,VB,6
gdp,JJ,6
gear,NN,4
gear,JJ,4
gear,VB,4
gearbox,NN,6
gem,NNP,5.82912208008275
gender,NN,2
gender,VB,2
gene,NNP,3
gene,JJ,3
general,NN,3
general,JJ,3
generally,RB,3
generate,VB,3
generated,JJ,3
generated,VBN,3
generation,JJ,2
generation,NN,2
generator,NN,3.74183079120398
generic,JJ,4.04271126312294
generic,NN,4.04271126312294
generosity,NN,4
generosity,VB,4
generosity,JJ,4
generous,JJ,3
genesis,NN,3
genesis,JJ,3
genesis,VB,3
genetic,JJ,3
genetic,NN,3
genetics,NNS,3
genius,NN,4
genome,NN,5.38092831150283
genome,JJ,6
genome,VB,6
genre,VB,4
genre,JJ,4
genre,NN,4
gentle,JJ,2
gentle,VB,2
gentleman,NNP,3
gentlemen,NNP,3
gently,RB,4
gentrification,NN,6
gentrification,JJ,6
gentrification,VB,6
genuine,JJ,4
genuinely,RB,4
genuinely,JJ,4
genus,NN,6
genus,JJ,6
genus,VB,6
genus,CC,6
genus,IN,6
genus,RB,6
geographic,NN,4
geographic,JJ,4
geographical,NN,3
geographical,JJ,3
geography,VB,3
geography,JJ,3
geography,NN,3
geological,NN,3.67869731163577
geological,JJ,4.39557795347229
geological,VB,6
geology,JJ,3
geology,NN,3
geology,VB,3
geometry,NN,3.7130551464345
geometry,JJ,6
geometry,VB,6
geothermal,JJ,6
geothermal,NN,6
geothermal,VB,6
german,JJ,1.88451231706273
german,NNP,2.45802476332128
gesture,NN,3
get,NN,1
get,VB,1
get,JJ,1
gets,VBZ,1
getting,VBG,1
geyser,NNP,6
geyser,JJ,6
ghetto,NNP,4
ghost,NN,1
giant,NNP,3
giant,JJ,3
giddy,JJ,6
giddy,NN,6
giddy,VB,6
gift,NN,1
gifts,NNS,1
gigabyte,NNP,6
gigabyte,JJ,6
gigantic,JJ,5.60464400340243
gigantic,NNP,6
giggle,NN,3
giggle,VB,3
giggle,RB,3
giggle,JJ,3
ginger,NNP,3
ginger,VB,3
giraffe,NNP,3
girder,NNP,6
girder,VB,6
girl,NN,1
girl,JJ,1
girlfriend,NN,1
girls,NNS,1
girth,NNP,6
girth,JJ,6
give,VB,1
give,JJ,1
given,VBN,2
given,JJ,2
gives,VBZ,1
giving,NN,1
giving,VB,1
glacier,NNP,5.46005087725614
glacier,JJ,6
glad,JJ,1
glamorous,JJ,4
glance,NN,3
glance,VB,3
gland,NNP,4.33595674635524
gland,CC,6
gland,VB,6
gland,JJ,6
glass,NN,1
glass,JJ,1
glasses,NNS,1
glassware,NN,6
glassware,JJ,6
glassware,VB,6
glimpse,NN,3
glitch,NN,6
glitter,NN,6
glitter,VB,6
global,JJ,3
global,NN,3
globe,NN,2
gloom,NN,5.82044620960127
gloomy,JJ,4
glorious,JJ,3
glory,NN,3
glossary,NN,5.43715515117399
glossary,JJ,6
glossary,VB,6
glossy,JJ,6
glove,NN,2
glove,JJ,2
glow,NN,4
glucose,JJ,6
glucose,VB,6
glucose,NN,3.80139130007876
glue,VB,6
glue,NN,5.57520858381264
glue,JJ,6
gluten,NNP,6
gluten,VB,6
gluten,JJ,6
gnaw,VB,6
gnaw,NN,6
gnu,NNP,6
go,JJ,2
go,VB,1
go,NN,3
goal,NN,1
goalkeeper,NN,3
goalkeeper,IN,3
goalkeeper,JJ,3
goals,NNS,1
goat,NN,4
goblet,NNP,6
goblet,JJ,6
goblet,VB,6
god,NN,4
god,JJ,4
goddess,NN,3
goes,VBZ,2
going,VBG,2
going,JJ,2
going,NN,2
gold,JJ,1
gold,NNP,2
golden,NN,2
golden,JJ,2
golf,NN,2
gondola,NNP,6
gone,VBN,2
good,NN,4
good,RB,2.5
good,JJ,1
goodbye,NN,6
goodbye,VB,6
goodbye,JJ,6
goodness,NN,3
goodness,UH,3
goods,JJ,3
goods,NNS,3
goose,NNP,5.42588670510649
gore,NNP,5.62135618367249
gore,VB,6
gore,JJ,6
gorge,NNP,4
gorge,JJ,4
gorge,VB,4
gorgeous,JJ,3
gorilla,NNP,3
gorilla,JJ,3
gosh,NN,6
gosh,JJ,6
gossip,NN,3
gossip,VB,4
got,VB,1
got,NN,1
gotten,VBN,1
gotten,JJ,1
gourd,NNP,6
gourd,JJ,6
gourmet,NN,6
governance,NN,3.92665953310907
governance,VB,6
governance,JJ,6
government,NN,2
government,JJ,2
government,VB,2
governmental,NN,4
governmental,JJ,4
governor,NN,3
gown,NN,3
gps,NNS,6
grab,NN,3
grab,VB,3
graceful,JJ,3
gracefully,RB,2
gracious,NN,6
gracious,JJ,5.50490351717041
gracious,VB,6
grade,JJ,2.5
grade,NN,1
grade,VB,4
gradually,RB,2
graduate,NN,3
graduate,JJ,2.5
graduate,VB,2
graduation,NN,3
graft,JJ,6
graft,NN,5.35045933232596
graft,VB,6
grain,JJ,4
grain,NN,4
gram,NN,2
gram,JJ,2
gram,CD,2
gram,VB,2
grammar,NN,1
grammar,RB,1
grammar,VB,1
grammar,JJ,1
grand,NN,4
grand,JJ,4
grandchild,NN,2
grandchild,VB,2
grandchild,JJ,2
grandchildren,NNS,2
granddaughter,NN,2
granddaughter,JJ,2
grandfather,JJ,1
grandfather,NN,1
grandma,NN,1
grandmother,NN,1
grandpa,DT,1
grandpa,NN,1
grandpa,VB,1
grandparent,NN,1
grandparent,JJ,1
grandson,NN,2
grandson,VB,2
grandson,JJ,2
grandson,CC,2
granite,NN,4.04570476477705
grant,VB,3
grant,NN,3
grants,NNS,3
grants,VB,3
grape,NN,1
grape,JJ,1
grape,VB,1
graph,VB,3
graph,NN,3
graph,JJ,3
graphic,JJ,3
graphic,NNP,3
graphic,VB,3
graphics,NNS,3
graphics,JJ,3
graphite,JJ,6
graphite,NN,5.02122837194609
graphite,VB,6
grasp,NN,4
grasp,VB,4
grass,NN,1
grass,JJ,1
grasshopper,NNP,6
grasshopper,JJ,6
grasshopper,VB,6
grassland,NNP,6
grassland,CC,6
grassland,VB,6
grassland,JJ,6
grassroots,NNP,6
grassroots,JJ,6
grassroots,VB,6
grate,VB,6
grate,NN,6
grate,JJ,6
grateful,JJ,2
grateful,NN,2
gratefully,RB,6
grater,NN,6
grater,JJ,6
grater,RB,6
gratitude,NN,3
gratitude,VB,3
gratitude,JJ,3
grave,JJ,3
grave,NNP,3
gravel,JJ,6
gravel,NN,3.72431730812674
gravel,VB,6
gravity,NN,3.22478100843677
gravity,JJ,6
gravity,VB,6
gravy,NNP,3
gravy,VB,3
gravy,JJ,3
gray,JJ,1
gray,NN,1
graze,VB,6
graze,NNP,6
grease,NNP,5.16768591478479
greasy,JJ,6
greasy,NN,6
greasy,VB,6
great,NN,1
great,JJ,1
great,RB,1
greater,NN,1
greater,JJR,1
greater,RB,1
greatest,NN,1
greatest,JJS,1
greatness,NN,4
greed,NN,6
greed,VB,6
greed,JJ,6
greedily,RB,2
greedy,JJ,2
greek,NNP,2.95727524814042
greek,JJ,3.49192547695034
green,NN,2
green,JJ,1
greenhouse,JJ,3
greenhouse,NNP,3
greet,NN,1
greet,VB,1
greet,JJ,1
gregarious,NNP,5.58018210251815
gregarious,JJ,5.58018210251815
grenade,NN,6
grenade,JJ,6
grew,VB,1
grey,NN,1
grey,JJ,1
grid,NN,3.67573123175264
griddle,NN,6
griddle,JJ,6
griddle,VB,6
gridlock,NN,6
grief,NN,4
grieve,NNP,4
grieve,VB,4
grieve,JJ,4
grill,NNP,3
grill,VB,3
grill,JJ,3
grille,NNP,3
grille,JJ,3
grilled,NN,2
grilled,VBN,2
grilled,JJ,2
grim,JJ,4
grin,NN,4
grin,VB,4
grind,NN,6
grind,VB,6
grind,JJ,6
grip,NN,4
grip,VB,4
gritty,JJ,6
gritty,NNP,6
gritty,CD,6
groan,NNP,6
groan,JJ,6
groan,VB,6
grocer,NN,6
grocer,JJ,6
grocery,NN,5.02215147489531
groom,NN,3
groom,VB,3
groom,JJ,3
groove,JJ,6
groove,NN,5.17463256595368
groove,VB,6
gross,NN,4
gross,JJ,4
gross,VB,4
ground,NN,1
ground,VB,1
ground,JJ,1
group,NN,1
group,JJ,2
group,VB,3
groups,NNS,2
grove,NNP,4.00524884158334
grow,VB,1
growing,VBG,4
growing,JJ,4
growing,NN,4
grown,JJ,1
grown,VBN,1
growth,NN,3
growth,JJ,3
growth,VB,3
gruel,NNP,6
gruel,JJ,6
gruel,VB,6
gruesome,NN,6
gruesome,JJ,6
gruesome,VB,6
grumpy,NN,6
grumpy,JJ,6
guarantee,VB,4
guarantee,NN,3
guaranteed,JJ,3.5
guaranteed,VBN,3.5
guard,JJ,3
guard,VB,4
guard,NN,2
guardian,NNP,3
guess,NN,3
guess,VB,1
guest,NN,1
guest,JJ,1
guesthouse,NN,6
guests,NNS,1
guidance,JJ,3
guidance,NN,3
guide,NN,3
guide,VB,3
guidelines,NNS,4
guides,NNS,3
guild,VB,6
guild,NNP,5.06799158021733
guild,JJ,6
guilt,NN,3
guilty,JJ,3
guilty,RB,3
guitar,NN,1
guitar,VB,1
guitarist,NN,3
guitarist,VB,3
guitarist,JJ,3
gulf,NNP,2.98773400709992
gull,NN,6
gull,JJ,6
gull,VB,6
gullible,NNP,6
gullible,JJ,6
gullible,VB,6
gully,NNP,6
gully,RB,6
gully,JJ,6
gully,VB,6
gum,JJ,4
gum,NN,4
gun,NN,2
gun,JJ,2
guru,NNP,5.89766960284559
guru,JJ,6
guru,VB,6
gusty,JJ,6
gusty,NN,6
gut,VB,6
gut,JJ,6
gut,NNP,5.1514785531209
gutter,NN,4.9784547672473
gutter,JJ,4.9784547672473
gutter,VB,4.9784547672473
guy,NN,1
guys,NNS,1
gym,NN,3
gym,VB,3
gym,JJ,3
gymnastics,NNS,3
gymnastics,VB,3
habit,NN,1
habitat,NN,3
habitually,RB,1
habitually,VB,1
hack,NNP,6
hack,VB,6
hack,RB,6
hack,JJ,6
hack,RP,6
hacker,NNP,6
had,VBD,1
hail,NNP,4
hail,VB,4
hair,NN,1
hair,JJ,1
haircut,NN,1
haircut,JJ,1
hairdresser,NN,3
hairpin,NN,6
hairpin,JJ,6
hairy,JJ,4
half,RB,3
half,JJ,2
half,DT,2
half,NN,1
half,VB,2
half,PRP,2
halfway,RB,5.36001981291229
halfway,JJ,6
hall,NN,1
halloween,NNP,6
halloween,JJ,6
hallway,NN,5.51555398978017
halo,NNP,6
halo,DT,6
halo,IN,6
halo,VB,6
halt,VB,6
halt,NNP,5.51393387948114
ham,NN,2
ham,JJ,2
hammer,NN,3
hammer,VB,4
hammock,NN,6
hammock,JJ,6
hand,NN,1
hand,VB,2
hand,JJ,1.5
hand,RB,1.5
handbag,NN,2
handbook,NN,3.38186560773405
handbook,VB,6
handbook,JJ,6
handcuff,NN,6
handcuff,VB,6
handful,NN,1.5
handkerchief,NN,3
handkerchief,JJ,3
handle,VB,3
handle,NN,2
handlebar,NN,6
handlebar,JJ,6
handling,NN,2.5
handling,VB,2.5
hands,JJ,1.5
hands,VB,1.5
hands,NNS,1.5
handsome,JJ,1
handy,NN,3
handy,JJ,3
hang,VB,3
hang,NN,4
hang,JJ,3.5
hangar,NNP,3.5
hangar,JJ,3.5
hangar,VB,3.5
hanger,NN,3.5
hanger,VB,3.5
hanging,NN,3
hanging,VBG,3
hanging,JJ,3
happen,VB,1
happened,VBD,1
happier,JJR,1
happily,RB,2
happiness,NN,2
happy,JJ,1
happy,NN,1
haptic,NN,6
haptic,JJ,6
harass,VB,6
harass,NNP,6
harassment,NN,5.23313653384693
harassment,JJ,6
harassment,VB,6
harbor,NNP,3
harbor,VB,3
harbour,NN,3
harbour,JJ,3
harbour,DT,3
harbour,PRP,3
harbour,VB,3
harbour,RB,3
hard,RB,1
hard,JJ,1
hard,NN,1
hardcore,NN,6
hardcore,JJ,6
hardcore,VB,6
hardcover,NN,6
hardcover,JJ,6
hardcover,RB,6
hardcover,VB,6
hardware,NN,4
hardworking,VB,6
hardworking,NN,6
hardworking,JJ,6
hardy,JJ,4.20233627083204
hare,NN,5.57843403114531
hare,JJ,6
hare,VB,6
harm,VB,2
harm,NN,4
harmful,JJ,2
harmless,NN,4
harmless,JJ,4
harmless,VB,4
harmonica,NNP,4.81602572639412
harmony,NN,2
harness,NN,3
harp,NN,6
harp,JJ,6
harp,VB,6
harsh,JJ,4.34831227876221
harshly,RB,4.34831227876221
harvest,NNP,2
harvest,VB,2
has,VBZ,1
hastily,RB,4
hastily,JJ,4
hasty,JJ,3
hat,NNP,1
hatch,NN,3
hatchet,NNP,6
hatchet,JJ,6
hate,VB,2
hate,NN,3
hatred,NN,3
haul,JJ,6
haul,NN,6
haul,VB,6
haunt,NNP,3
haunt,VB,4
haunt,JJ,3.5
have,NN,1
have,VB,1
have,JJ,1
haven,NN,3
having,NN,1
having,VBG,1
hawk,NN,5.23688697512474
hawk,JJ,6
hawker,NN,5.20826675247035
hay,NN,4
haystack,NNP,6
haystack,JJ,6
hazard,NN,3
hazard,VB,3
hazardous,NN,4
hazardous,JJ,4
hazel,NNP,5.97858274726614
hazel,JJ,6
hazel,VB,6
he,PRP,1
head,JJ,1.5
head,NN,1
head,VB,2
head,RB,1.5
headache,NN,1
header,NN,1.5
header,JJ,1.5
header,VB,1.5
headhunter,NNP,6
headlight,NN,6
headlight,JJ,6
headline,NN,3
headline,JJ,3
headlines,NNS,3
headmaster,NN,6
headphone,NN,2
headphones,NNS,2
headquarters,NNS,4
heal,NN,3
heal,VB,3
heal,JJ,3
heal,RB,3
healing,VBG,3
healing,NN,3
healing,JJ,3
health,JJ,1
health,NN,1
healthcare,NN,4.80810241176075
healthier,NN,1
healthier,JJR,1
healthier,RB,1
healthy,JJ,1
hear,VB,1
heard,VBN,1
heard,NN,1
hearing,VBG,3
hearing,NN,3
heart,NN,1
heart,JJ,1
heart,RB,1
heart,VB,1
heat,NN,2
heat,JJ,2.5
heat,VB,3
heater,NN,3
heaven,NNP,3
heavier,JJR,1
heavier,RB,1
heavily,RB,2
heavily,JJ,2
heavy,NN,1
heavy,JJ,1
heavy,RB,1
hebrew,NNP,3.76950513723338
heck,NN,6
heck,VB,6
hectare,NNP,6
hectare,JJ,6
hectare,CD,6
hectare,RB,6
hectare,VB,6
hectic,JJ,6
hedge,NN,4
hedge,VB,4
hedge,JJ,4
hedgehog,NNP,6
hedgehog,JJ,6
heel,NN,3
height,NN,3
heir,NN,4.52094505575842
held,NN,1.5
held,VBN,1.5
held,JJ,1.5
helicopter,NN,4
helium,NN,5.02132980461469
helium,VB,6
helium,JJ,6
hell,NN,4
hell,JJ,4
helmet,NNP,3
helmet,JJ,3
helmet,RB,3
helmet,VB,3
help,VB,1
help,NN,2
helpful,JJ,2
helping,VBG,1.5
helpless,NN,3
helpless,JJ,3
helplessly,RB,3
helps,VBZ,1.5
hem,NN,6
hemisphere,NN,4.42902416304351
hence,RB,1.92739139098469
henceforth,RB,5.78054804093128
henceforth,NN,6
henceforth,JJ,6
henceforth,VB,6
her,PRP,1
herald,NNP,4.5827597918468
herald,VB,6
herb,NNP,4
herbal,NNP,4
herbal,JJ,4
herbal,RB,4
herbicide,NN,6
herd,NNP,3
here,RB,1
here,NN,1
heritage,NN,4
hero,NN,2
heroic,NN,2
heroic,JJ,2
heron,NNP,6
heron,JJ,6
heron,RB,6
herself,PRP,2
hertz,NNP,6
hertz,RB,6
hertz,JJ,6
hesitant,JJ,6
hesitant,NN,6
hesitant,VB,6
hesitantly,RB,6
hesitate,VB,3
heuristic,JJ,6
heuristic,NN,6
hexagon,NN,6
hexagon,JJ,6
hexagon,IN,6
hey,NN,2
hey,UH,2
hi,JJ,1
hi,NN,1
hi,UH,1
hibiscus,NNP,6
hibiscus,JJ,6
hidden,VB,3
hidden,JJ,3
hide,NN,1
hide,VB,1
hideous,JJ,1
hierarchy,NN,4.05183106944627
hierarchy,VB,6
hierarchy,JJ,6
high,NN,1.5
high,JJ,1
high,RB,2
high,CD,1.5
high,VB,1.5
higher,JJR,1.5
higher,NN,1.5
higher,RB,1.5
highest,JJS,1.5
highest,RB,1.5
highland,NNP,5.17328764429883
highlight,NN,4
highlight,VB,3
highly,RB,3
highly,NN,3
highly,JJ,3
highway,NN,2
highway,JJ,2
hike,NN,2
hike,VB,2
hike,JJ,2
hilarious,JJ,4
hilarious,NN,4
hill,NNP,1
hill,JJ,1
hills,NNP,1
hillside,NN,5.95659169203094
him,NN,1
him,PRP,1
himself,PRP,2
hinder,VB,4.88089550161401
hindi,NNP,4.88089550161401
hindi,JJ,4.88089550161401
hinge,NNP,6
hinge,JJ,6
hinge,VB,6
hinge,CD,6
hint,NN,4
hint,VB,4
hip,NN,3
hippo,NNP,6
hippo,JJ,6
hire,VB,3
hire,NN,3
his,PRP,1
his,NN,1
his,PRP$,1
hispanic,NNP,5.95932279566457
hispanic,JJ,5.09808532523207
historian,NN,3
historic,JJ,3
historical,JJ,3
historical,NN,3
history,NN,1
hit,NN,3
hit,JJ,2.5
hit,VB,2
hitchhike,VB,6
hits,VB,2.5
hits,NNS,2.5
hiv,NNP,3
hiv,VB,3
hiv,JJ,3
hive,NNP,3
hive,JJ,3
hive,VB,3
hoard,NN,6
hoard,JJ,6
hoard,VB,6
hobby,NNP,1
hockey,NN,2
hockey,JJ,2
hockey,VB,2
hoe,VB,6
hoe,NN,6
hoe,JJ,6
hoe,DT,6
hold,VB,2
hold,NN,1
hold,JJ,1.5
hold,CD,1.5
holder,NN,4
holding,VB,1.5
holding,NN,1.5
holding,JJ,1.5
hole,NN,1
hole,JJ,1
hole,VB,1
holiday,NN,1
holiday,JJ,1
holidays,NNS,1
hollow,NNP,4
hollow,JJ,4
holly,NNP,5.71988760926886
holly,RB,6
holly,JJ,6
holy,JJ,3
holy,NN,3
home,NN,1
home,JJ,1.5
home,RB,2
homeland,NN,5.02625266109505
homeless,JJ,3
homeless,NN,3
homemade,NN,6
homemade,VB,6
homemade,JJ,6
homemade,RB,6
homes,NNS,1.5
hometown,NN,1
hometown,JJ,1
hometown,VB,1
homework,NN,1
homework,VB,1
homicide,NN,5.42858727579228
honest,JJ,3
honest,RB,3
honestly,RB,3
honesty,NN,3
honey,JJ,2
honey,NN,2
hong,NNP,3.42016991370387
honor,NN,2
honor,VB,4
honorable,NN,4
honorable,JJ,4
honorable,VB,4
honour,NN,2
honour,PRP,3
honour,VB,4
honour,JJ,3
honour,RB,3
honour,CD,3
honour,RP,3
hood,NN,4
hood,JJ,4
hood,VB,4
hood,RB,4
hoodie,NN,6
hoof,NN,6
hoof,JJ,6
hoof,VB,6
hook,NN,4
hook,VB,4
hop,NN,3
hop,JJ,3
hop,RP,3
hop,VB,3
hope,VB,3
hope,NN,1
hopeful,JJ,3
hopeful,NN,3
hopefully,RB,3
hopefully,NN,3
hopeless,JJ,3
hopelessly,RB,3
horizon,NNP,3
horizontal,NN,3.00185954633249
horizontal,JJ,5.67372839260059
horizontal,VB,6
horizontal,RP,6
hormone,NN,4.09650011922957
hormone,JJ,6
horn,NNP,3
horn,JJ,3
horn,VB,3
hornet,NNP,6
horrible,JJ,3
horrible,NN,3
horrific,NN,6
horrific,JJ,6
horrific,VB,6
horror,NN,2
horse,NN,1
horse,JJ,1
horseshoe,NN,6
horseshoe,JJ,6
horseshoe,VB,6
hose,JJ,6
hose,NN,4.77686460957346
hose,VB,6
hospitable,NN,4
hospitable,JJ,4
hospital,NN,1
hospitality,NN,4
host,NN,2
host,VB,2
hostage,NN,2
hostage,VB,2
hostage,JJ,2
hosted,NN,2
hosted,VBN,2
hosted,JJ,2
hostel,NNP,3
hostel,JJ,3
hostel,VB,3
hostile,JJ,3.97318741812627
hostile,NN,6
hosting,NN,2
hosting,VB,2
hosting,JJ,2
hot,NN,1
hot,JJ,1
hotel,NN,1
hotels,NNS,1
hottest,JJS,1
hour,JJ,1
hour,CD,1
hour,NN,1
hourly,JJ,4
hours,NNS,1
hours,JJ,1
house,NN,1
house,JJ,1
house,RB,1
house,VB,1
houseboat,NN,6
household,NN,3
household,JJ,3
housemate,NN,6
houses,NNS,1
houses,VB,1
housing,NN,1
housing,VB,1
hover,NN,4
hover,VB,4
hover,JJ,4
hover,RP,4
how,NN,1
how,WRB,1
how,JJ,1
however,RB,2
hub,NN,5.33671345150927
hubcap,NNP,6
hug,NN,4
hug,VB,2
hug,JJ,3
hug,RB,3
huge,JJ,3
hull,NN,3.98643653176844
hull,RB,6
human,NN,3
human,JJ,2
humanitarian,JJ,4.95502583325784
humanitarian,NNP,6
humanity,NN,3
humble,JJ,4
humbly,NN,6
humbly,RB,6
humbly,JJ,6
humid,NN,3
humid,JJ,3
humid,VB,3
humid,CD,3
humid,RB,3
humidity,NN,4.50600572962981
humidity,JJ,6
humiliate,RB,4
humiliate,VB,4
humiliation,NN,4
humiliation,VB,4
humiliation,JJ,4
humility,NN,5.65295199420852
humility,JJ,6
humility,VB,6
hummingbird,NNP,6
hummingbird,JJ,6
hummus,NNP,6
humor,NN,3
humor,VB,3
humorous,JJ,3
humour,NN,3
humour,RB,3
humour,VB,3
humour,JJ,3
humour,CC,3
humour,CD,3
humour,PRP,3
humour,DT,3
hump,NN,6
hump,VB,6
hump,JJ,6
hundred,CD,2
hundred,NN,2
hundred,JJ,2
hung,NN,3.5
hung,JJ,3.5
hung,VB,3.5
hungarian,JJ,3.5
hungarian,NNP,3.5
hungry,JJ,1
hunt,NN,3
hunt,VB,3
hunter,NNP,2
hurdle,NN,6
hurdle,VB,6
hurl,NNP,6
hurl,VB,6
hurl,JJ,6
hurricane,NN,5.35428529205357
hurricane,JJ,6
hurry,NN,1
hurry,VB,2
hurt,NNP,2
hurt,VB,1
hurt,JJ,3
husband,NN,1
husk,NNP,6
husk,JJ,6
husk,VB,6
hustle,VB,6
hustle,NNP,6
hustle,JJ,6
hut,NNP,3
hybrid,JJ,4
hybrid,NN,4
hydrant,NN,6
hydrant,JJ,6
hydraulic,JJ,3.9244050800119
hydraulic,NN,6
hydroelectric,NN,6
hydroelectric,JJ,6
hydrogen,NN,2.66073391860145
hydropower,NN,6
hydropower,DT,6
hydropower,VB,6
hydropower,JJ,6
hyena,NNP,6
hyena,DT,6
hygiene,NN,4
hygienic,NN,6
hygienic,JJ,6
hymn,NN,5.46090848368449
hymn,JJ,6
hymn,VB,6
hype,NN,6
hype,VB,6
hype,JJ,6
hyper,NN,6
hyper,JJ,6
hyper,VB,6
hypertension,NN,3
hypocritical,JJ,6
hypocritical,NN,6
hypothesis,VB,6
hypothesis,NN,6
hypothesis,JJ,6
hypothesize,VB,6
hysteria,NN,6
hysterically,RB,6
i,CD,1
i,NN,1
i,PRP,1
ice,NN,1
ice,JJ,1
iceberg,NNP,6
iceberg,IN,6
iceberg,JJ,6
iceberg,VB,6
icicle,NN,6
icon,NN,4
icon,RB,4
icon,IN,4
icon,VB,4
icon,JJ,4
iconic,JJ,4
iconic,NN,4
idea,NN,1
ideal,JJ,1
ideal,NN,1
idealistic,JJ,6
idealistic,NN,6
ideally,RB,4
ideas,NNS,1
identical,JJ,4
identically,RB,6
identically,JJ,6
identification,NN,4
identified,VBN,4
identify,VB,4
identity,NN,3
ideological,JJ,3.97917836034712
ideology,NN,4
idiot,NN,4
idiot,JJ,4
idiot,VB,4
idiot,RB,4
idle,JJ,4
idle,VB,4
idol,JJ,3
idol,NNP,3
idol,VB,3
idol,IN,3
if,NN,1
if,IN,1
if,CC,1
ignite,NN,6
ignite,VB,6
ignite,JJ,6
ignite,RB,6
ignite,IN,6
ignition,NN,4.91555527329851
ignition,VB,6
ignition,JJ,6
ignition,IN,6
ignorance,NN,4
ignorant,JJ,4
ignorantly,RB,6
ignore,VB,3
iguana,NNP,6
iguana,JJ,6
iii,NN,1.57597883492685
illegal,JJ,2
illegible,NN,1
illegible,JJ,1
illness,JJ,3
illness,NN,3
illusion,NN,2
illustrate,VB,4
illustration,NN,4
image,NN,2
image,JJ,2
imagery,NN,4
images,NNS,2
imaginary,JJ,3
imaginary,NN,3
imagination,NN,2
imaginative,JJ,5.04494473147385
imagine,NN,1
imagine,VB,1
immature,JJ,5.43066449674979
immature,NN,6
immature,VB,6
immediate,NN,3
immediate,JJ,3
immediately,RB,3
immense,JJ,4.03520597032226
immense,NN,6
immensely,RB,5.94065069123341
immerse,IN,4
immerse,NN,4
immerse,JJ,4
immerse,VB,4
immersive,JJ,6
immersive,NN,6
immigrant,NN,4
immigrant,JJ,4
immigrant,VB,4
immigration,NN,3
imminent,JJ,2.3964152517283
immortal,NN,4
immortal,JJ,4
immortal,VB,4
immune,JJ,3.85343327588365
immune,NN,6
immunity,NN,3.91636472705478
immunize,VB,6
impact,NN,2
impact,JJ,2
impact,VB,2
impartial,JJ,4
impartial,NN,4
impartial,VB,4
impatient,NN,2
impatient,JJ,2
impatiently,RB,4
impede,NN,6
impede,VB,6
impede,JJ,6
impede,IN,6
impede,RB,6
imperative,JJ,4
imperative,NN,4
imperial,JJ,3.77161482790474
imperial,NNP,3.86773794331094
impetus,NNP,1
implausible,VB,6
implausible,RB,6
implausible,NN,6
implausible,JJ,6
implement,VB,4
implement,NN,4
implementation,NN,2.18063668529883
implementation,VB,6
implementation,JJ,6
implicate,NN,4
implicate,JJ,4
implicate,VB,4
implicate,RB,4
implication,NN,4
implicit,JJ,4.13381915165031
implied,VBN,4
implied,JJ,4
imply,VB,4
import,JJ,4
import,VB,4
import,NN,4
importance,NN,2
important,JJ,1
impose,VB,4
impossible,JJ,2
impress,VB,2
impression,NN,3
impressive,JJ,3
impressively,RB,3
impressively,JJ,3
imprisonment,NN,4
imprisonment,JJ,4
imprisonment,VB,4
improve,VB,2
improved,VBN,4
improved,JJ,4
improvement,NN,3
impulse,NN,4
impulsive,NN,4
impulsive,JJ,4
impulsive,PRP,4
impulsive,VB,4
in,RB,2
in,RP,1.5
in,IN,1
in,JJ,1.5
in,NN,1.5
inability,NN,3.8166701609984
inadequate,JJ,4
inappropriate,JJ,4.53594040276373
inc,VB,6
inc,JJ,6
inc,NN,2.78860324065901
inc,RP,6
inc,IN,6
incapable,JJ,1
incense,NN,4
incense,VB,4
incentive,NN,4
incentive,JJ,4
inch,NN,2
inch,JJ,3
inch,VB,4
inches,NNS,3
incident,NN,3
incidentally,NN,3
incidentally,RB,3
incidentally,JJ,3
include,VB,2
included,VBN,2
included,JJ,2
includes,VB,2
including,VBG,3
including,NN,3
including,IN,3
inclusion,NN,3.45590534771255
inclusive,NN,5.54319555984928
inclusive,JJ,4.15008044057337
inclusive,VB,6
inclusive,IN,6
income,NN,3
income,JJ,3
incomplete,JJ,3.85232053593183
inconsistent,JJ,2
inconsistent,NN,2
inconsistent,VB,2
inconvenience,NN,5.69800465581061
inconvenience,RB,6
inconvenience,VB,6
inconvenience,JJ,6
inconvenience,IN,6
incorporate,NN,3.94437184074034
incorporate,VB,3.94437184074034
incorporate,JJ,3.94437184074034
incorrect,JJ,3
increase,VB,2
increase,NN,3
increased,JJ,2.5
increased,VBN,2.5
increasing,VBG,2.5
increasing,JJ,2.5
increasingly,RB,3
incredible,JJ,3
incredibly,RB,3
incumbent,JJ,6
incumbent,NN,5.68620330753793
incur,VB,4
indeed,RB,2
indefinitely,RB,5.14291517978429
independence,NN,2
independent,NN,3
independent,JJ,3
index,NN,4
index,JJ,4
indian,JJ,2.09749050258173
indian,NNP,1.93574843981145
indicate,VB,2
indication,NN,3.19944819796341
indicator,NN,3.7532766350306
indictment,NN,4.20390261448279
indie,NNP,6
indie,VB,6
indie,IN,6
indie,JJ,6
indifference,NN,3
indifferent,JJ,4
indigenous,NN,6
indigenous,JJ,3.86604977511258
indigenous,IN,6
indigenous,VB,6
indigo,NNP,6
indigo,IN,6
indigo,JJ,6
indigo,VB,6
indigo,RB,6
indirect,JJ,3
indirectly,RB,3
indispensable,NN,4
indispensable,JJ,4
indispensable,VB,4
individual,JJ,3
individual,NN,4
individually,RB,3.96494655818523
individuals,NNS,3.5
indonesian,JJ,6
indonesian,VB,6
indonesian,NN,6
indoor,JJ,2
indoor,NN,2
indoor,IN,2
indoor,VB,2
induce,VB,3.95142721609711
induction,NN,3.72682083575811
induction,VB,6
induction,JJ,6
industrial,NN,3
industrial,JJ,3
industries,NNS,3
industry,JJ,3
industry,NN,3
inequality,NN,4.15619306635803
inequality,JJ,6
inequality,VB,6
inertia,NN,5.2595981725456
inertia,VB,6
inertia,JJ,6
inevitable,JJ,3
inevitably,RB,3.86393899372677
infamous,JJ,6
infant,NN,4
infant,JJ,4
infantry,NN,3.75953234792547
infect,NN,4
infect,VB,4
infect,JJ,4
infection,NN,3
infectious,JJ,4
infer,NNP,4
infer,VB,4
infer,IN,4
infer,JJ,4
inference,NN,4
inference,VB,4
inference,JJ,4
inferior,JJ,3.62039098804684
inferior,NN,6
inferior,IN,6
inferior,CC,6
inferior,VB,6
infinite,JJ,3.51728706714707
infinitely,RB,5.21134030858998
infinitely,NN,6
infinitely,JJ,6
infinity,NN,4.62030013249779
infinity,VB,4.62030013249779
infinity,JJ,4.62030013249779
infinity,IN,4.62030013249779
inflammation,NN,4
inflammation,VB,4
inflammation,JJ,4
inflammatory,NN,4
inflammatory,JJ,4
inflate,VB,4
inflation,NN,4
inflation,CD,4
inflation,JJ,4
inflation,VB,4
inflict,VB,6
influence,VB,4
influence,NN,2
influencer,NN,3
influential,JJ,4
info,JJ,6
info,VB,6
info,NN,5.37513387942004
info,IN,6
info,RP,6
info,RB,6
inform,VB,3
informal,JJ,4
informally,NN,2
informally,RB,2
informally,JJ,2
information,NN,1
information,JJ,1
informed,JJ,2
informed,VBN,3
infrared,NN,6
infrared,VB,6
infrared,JJ,4.98754189961371
infrastructure,NN,3.46854749940865
infuse,IN,6
infuse,NN,6
infuse,VB,6
ingenious,JJ,5.59285005422947
ingeniously,RB,6
ingredient,NN,3
ingredient,JJ,3
ingredient,VB,3
inhabit,NNP,4
inhabit,VB,4
inhabit,JJ,4
inhaler,NNP,6
inherent,JJ,1
inherit,NNP,4
inherit,VB,4
inherit,IN,4
inherit,PRP,4
inherit,RB,4
inherit,JJ,4
inheritance,NN,3.9052193528764
inhibit,VB,5.09995996842738
inhospitable,JJ,6
initial,JJ,4
initial,NN,3
initiate,VB,4.39977021769303
initiative,NN,4
inject,NN,3
inject,RB,3
inject,JJ,3
inject,IN,3
inject,VB,3
inject,RP,3
injection,NN,4
injured,VBN,4
injured,JJ,4
injury,JJ,3
injury,NN,3
injustice,NN,1
injustice,VB,1
ink,NN,3
ink,JJ,3
inkwell,NNP,6
inland,RB,2.5
inland,NNP,2.5
inn,NNP,4.0264256029067
innings,NNS,6
innings,JJ,6
innocence,NN,4.9195958087509
innocent,JJ,3
innocently,RB,4
innovate,NN,3.68845233536207
innovate,VB,3.68845233536207
innovate,JJ,3.68845233536207
innovation,NN,4
innovative,JJ,4
input,NN,4
inquiry,NN,3
insane,JJ,3
insanity,NN,1.70558465349732
insect,NN,2
insecure,NNP,1.73120881864533
insecure,JJ,1.73120881864533
insecure,RB,1.73120881864533
insecure,VB,1.73120881864533
insecure,IN,1.73120881864533
insecurity,NNP,1.73120881864533
insensitive,NN,6
insensitive,JJ,6
insensitive,VB,6
insert,NN,5.59645723332695
insert,VB,3.69591462144362
insert,JJ,6
insert,RB,6
insert,RP,6
insert,PRP,6
insert,IN,6
inside,IN,1
inside,NN,4
inside,RB,2
inside,JJ,4
insight,NN,3
insist,VB,3
insolent,JJ,5.30989047101271
insolent,NN,5.30989047101271
insomnia,NN,6
insomnia,VB,6
insomnia,JJ,6
insomnia,IN,6
inspect,VB,4
inspection,JJ,3
inspection,NN,3
inspector,NN,4
inspiration,NN,2
inspiration,JJ,2
inspiration,VB,2
inspirational,NN,4
inspirational,JJ,4
inspire,VB,3
inspire,NNP,3
inspired,JJ,3
inspired,VBN,3
instability,NN,3.31597395816845
instability,JJ,3.31597395816845
instability,IN,3.31597395816845
install,VB,3
installation,NN,2.8905666305551
installed,VBN,3
installed,JJ,3
installment,JJ,6
installment,NN,5.51684730975204
instance,NN,3
instant,NN,2
instant,JJ,2
instead,RB,2
instigate,VB,6
instigate,NN,6
instigate,RB,6
instigate,JJ,6
instinct,NN,4
instinctively,RB,4
institute,NN,3
institute,VB,3
institution,NN,4
institutional,NN,5.73325970412439
institutional,JJ,3.04482836692953
institutions,NNS,4
instruction,JJ,3
instruction,NN,3
instructions,NNS,3
instructor,NN,3
instructor,JJ,3
instructor,RB,3
instructor,VB,3
instructor,IN,3
instrument,NN,2
instrument,JJ,2
instrumental,JJ,2
instruments,NNS,2
instruments,JJ,2
insufficient,JJ,4
insulate,NN,1.5
insulate,JJ,1.5
insulate,VB,1.5
insulation,NN,1.5
insulation,JJ,1.5
insulation,IN,1.5
insulation,VB,1.5
insulin,NNP,4.13440646457951
insult,NN,4
insult,VB,4
insurance,JJ,3
insurance,NN,3
int,VB,6
int,JJ,6
int,NN,3.10548317311759
int,RB,6
int,IN,6
intact,JJ,4.04512030818392
intake,NN,3.68314176807078
intake,JJ,6
intake,VB,6
integer,NN,5.12365679423131
integer,IN,6
integer,RB,6
integer,JJ,6
integer,VB,6
integral,JJ,3.42321713373126
integral,NN,5.73810352275556
integrate,VB,4
integrated,VBN,4
integrated,NN,4
integrated,JJ,4
integration,NN,2.60717397147586
integrity,NN,3.40526981725311
intellectual,JJ,4
intellectual,NN,4
intelligence,NN,2
intelligence,JJ,2
intelligent,JJ,2
intend,VB,3
intended,JJ,3
intended,VBN,3
intense,JJ,3
intensely,RB,5.33247598052693
intensity,NN,2.44747229720182
intensive,JJ,3
intent,JJ,4
intent,NN,4
intention,NN,3
intentional,NN,4
intentional,JJ,4
intentional,VB,4
intentionally,RB,3
interact,NN,3
interact,VB,3
interact,IN,3
interact,JJ,3
interact,RB,3
interact,PRP,3
interaction,NN,3
interaction,JJ,3
interaction,VB,3
interactive,NN,4
interactive,JJ,4
intercept,IN,6
intercept,NN,6
intercept,JJ,6
intercept,RB,6
intercept,VB,6
interest,VB,3
interest,JJ,2.5
interest,NN,2
interested,JJ,1
interested,VB,1
interesting,JJ,1
interests,NNS,2.5
interests,VB,2.5
interface,NN,3.15150320596913
interface,JJ,6
interface,VB,6
interfere,VB,4
interference,NN,3.12900640416639
interference,JJ,6
interference,VB,6
interim,JJ,3.87478493315531
interim,NN,6
interior,JJ,4
interior,NN,4
intermediate,JJ,3
intermediate,NN,3
intermittent,NN,4.56407783494948
intermittent,JJ,4.56407783494948
intermittent,RP,4.56407783494948
intermittent,VB,4.56407783494948
intermittently,RB,4.56407783494948
intermittently,JJ,4.56407783494948
intern,NN,5.76162127328336
intern,JJ,6
intern,VB,6
intern,IN,6
intern,RB,6
internal,JJ,3
internal,NN,3
internally,RB,5.12236956071924
internally,NN,6
internally,JJ,6
international,NN,2
international,JJ,2
internet,NN,1
internship,NN,5.69078597955984
internship,JJ,5.69078597955984
interpret,VB,4
interpretation,NN,4
interpreter,NN,4
interracial,JJ,6
interracial,NN,6
interrogate,VB,6
interrogate,RB,6
interrogate,JJ,6
interrogate,NN,6
interrupt,NN,3
interrupt,JJ,3
interrupt,VB,3
interrupt,IN,3
interrupt,PRP,3
interrupt,RB,3
intersection,NN,4
interstate,JJ,3.93947882076311
interstate,NN,3.61448075303485
interval,JJ,3
interval,NN,3
interval,IN,3
interval,RB,3
interval,VB,3
intervene,VB,4.90313909465148
intervention,NN,2.77905232293065
interview,VB,3
interview,NN,1
interviews,NNS,2
intestine,NNP,5.01634223290315
intestine,JJ,6
intestine,VB,6
intimacy,NN,5.25149851342006
intimacy,JJ,6
intimacy,IN,6
intimacy,VB,6
intimate,VB,4
intimate,JJ,4
intimidate,JJ,6
intimidate,VB,6
intimidate,NN,6
intimidate,RB,6
into,IN,1
into,NN,1
intricate,JJ,2.96367439134824
intrigue,NN,6
intrigue,JJ,6
intrigue,IN,6
intrigue,VB,6
intrinsic,JJ,4.24507468997496
intrinsic,NN,6
intrinsic,VB,6
intro,NN,6
intro,JJ,6
intro,VB,6
introduce,VB,1
introduced,VBN,1
introduction,NN,3
introvert,NN,6
introvert,JJ,6
introverted,JJ,6
introverted,NN,6
introverted,VB,6
intuitive,NN,6
intuitive,JJ,5.56827015210611
intuitive,VB,6
invade,VB,2
invalid,JJ,4
invalid,NN,4
invalid,VB,4
invalid,RP,4
invasion,NN,3
invasive,JJ,5.81493336817901
invasive,NN,6
invasive,VB,6
invention,NN,2
inventory,NN,2.8763894300065
invest,NN,3
invest,VB,3
investigate,VB,4
investigation,NN,3
investigator,NN,4
investment,NN,4
investment,JJ,4
investor,NN,4
investor,JJ,4
invigorated,JJ,4
invigorated,VBN,4
invincible,JJ,6
invincible,NNP,6
invisible,JJ,4
invisible,NN,4
invitation,NN,3
invite,VB,2
invite,NN,2
invited,VBN,2
invoice,JJ,6
invoice,NN,5.71979139157586
invoice,VB,6
invoke,VB,4
involve,VB,3
involved,VBN,3
involved,JJ,3
involvement,NN,4
involving,VB,3
inwardly,RB,3
inwardly,NN,3
inwardly,JJ,3
ios,NN,4.33575736797218
ios,IN,4.33575736797218
ipo,NNP,6
ipo,JJ,6
iranian,JJ,5.73267571454766
iranian,NNP,6
iraqi,JJ,3.71593262545145
iraqi,NNP,3.71593262545145
iraqi,VB,3.71593262545145
irate,JJ,6
irate,NNP,6
iris,VB,6
iris,NNP,6
iris,JJ,6
irish,JJ,3.34710808347018
irish,NN,3.84987609831271
iron,NN,3
iron,JJ,3
iron,VB,3
ironic,JJ,3
ironically,NN,4
ironically,RB,4
irony,NN,5.07875711780686
irrational,NN,4
irrational,JJ,4
irregular,NN,3
irregular,JJ,3
irregular,IN,3
irregular,PRP,3
irregular,VB,3
irregular,RB,3
irregular,RP,3
irrelevant,JJ,4.54371011151497
irrigation,NN,2.9458413242058
irrigation,JJ,6
irrigation,VB,6
irritable,JJ,6
irritable,NN,6
irritate,JJ,3
irritate,VB,3
irritate,RB,3
irritation,NN,4
is,NN,1
is,VBZ,1
isbn,IN,6
isbn,VB,6
isbn,JJ,6
isbn,NNP,3.25667819645617
island,NN,1
island,JJ,1
islands,NNS,1
islands,VB,1
isle,NNP,3
isolate,RB,6
isolate,NN,6
isolate,VB,5.604808107833
isolate,JJ,6
isolation,NN,3
isotope,NN,5.38792320461986
isotope,JJ,6
isotope,VB,6
isotope,IN,6
issue,NN,2
issue,JJ,3
issue,VB,4
issued,JJ,3
issued,VBN,3
issues,VB,3
issues,NNS,3
isthmus,NNP,6
isthmus,JJ,6
it,JJ,1.5
it,NN,2
it,PRP,1
italian,NNP,3.6289218251932
italian,JJ,3.12824778322469
itch,NN,4
itch,VB,4
itch,JJ,4
item,JJ,1
item,NN,1
items,NNS,1
itinerary,NN,6
itinerary,JJ,6
its,PRP,1
its,PRP$,1
itself,PRP,2
itself,JJ,2
ivory,JJ,3
ivory,NNP,3
ivy,NNP,5.84563857339679
ivy,JJ,6
jack,NNP,2.41292390014345
jack,VB,6
jacket,NNP,1
jade,NNP,3
jade,JJ,3
jade,VB,3
jagged,NNP,6
jagged,JJ,6
jagged,VB,6
jaguar,NNP,6
jaguar,JJ,6
jail,NNP,3
jam,VB,4
jam,NNP,2
jam,RB,3
jam,JJ,3
janitor,NNP,6
janitor,JJ,6
janitor,VB,6
january,NNP,1
january,JJ,1
japanese,JJ,2.3451120662071
japanese,NNP,2.9670823136085
jar,NNP,3
jasmine,NNP,6
jasmine,JJ,6
java,NNP,4.70667614303166
java,JJ,6
java,DT,6
javelin,NNP,6
javelin,IN,6
javelin,JJ,6
javelin,VB,6
jaw,NN,4
jazz,NN,3
jazz,JJ,3
jealous,JJ,3
jealous,NN,3
jealously,RB,4
jealously,JJ,4
jealousy,NN,5.30769221233196
jeans,NNP,1
jeep,JJ,6
jeep,NN,6
jelly,NNP,2
jelly,JJ,2
jelly,RB,2
jellyfish,NNP,6
jellyfish,JJ,6
jeopardize,VB,4
jerk,NNP,6
jerk,VB,6
jerk,JJ,6
jersey,NNP,2.49253107695754
jesus,NNP,1.95359985368767
jet,NN,1
jewellery,NN,1
jewellery,RB,1
jewellery,JJ,1
jewelry,NN,1
jewish,JJ,2.69629401291888
jewish,NN,3.78378168183642
jittery,JJ,6
job,NN,1
job,JJ,1
jobs,NNS,1
jog,NNP,4
jog,RB,3.5
jog,JJ,3.5
jog,VB,3
join,VB,1
joined,VBN,1
joint,JJ,3
joint,NNP,4
jointly,RB,3.5
joke,NN,2
joke,VB,3
journal,NN,3
journalism,NN,4
journalist,NN,3
journey,NNP,2
journey,VB,2
jovial,JJ,6
jovial,NNP,6
joy,NN,2
joyfully,RB,2
jubilant,JJ,6
jubilant,NN,6
judge,JJ,2
judge,NN,3
judge,VB,1
judgement,NN,3
judgement,JJ,3
judgement,VB,3
judgment,NN,3
judicial,NN,4.08341861087078
judicial,JJ,2.68448647922922
judiciary,NN,3.76527647863176
judo,NNP,4
judo,VB,4
jug,NNP,3
jug,VB,3
jug,JJ,3
juice,NN,1
juicy,NN,3
juicy,JJ,3
july,NNP,1
jump,VB,1
jump,NN,4
junction,NN,3.59864387728128
junction,VB,6
junction,JJ,6
june,NNP,1
june,JJ,1
jungle,NNP,3
junior,JJ,2
junior,NNP,2
junk,NN,2
junk,VB,2
jurisdiction,NN,1.92217450142592
jury,NN,4
jury,JJ,4
jury,VB,4
just,RB,1
just,JJ,1
justice,NN,3
justification,NN,1
justified,VBN,4
justified,JJ,1
justify,VB,4
justly,RB,1
juvenile,JJ,3.88836188664739
juvenile,NN,5.06324123542901
juvenile,IN,6
juvenile,RB,6
juvenile,VB,6
juxtaposition,NN,6
kangaroo,NNP,4
kangaroo,DT,4
kangaroo,VB,4
kangaroo,IN,4
karate,NN,6
karate,VB,6
karate,JJ,6
karma,NNP,6
karma,JJ,6
karma,VB,6
kayak,NNP,6
kayak,VB,6
kayaking,NN,6
kayaking,VBG,6
keen,VB,4
keen,JJ,4
keen,NNP,4
keenly,RB,4
keenly,NN,4
keenly,JJ,4
keep,NN,1
keep,VB,1
keeping,VBG,1
keeping,NN,1
keeping,JJ,1
kennel,NNP,6
kennel,VB,6
kennel,JJ,6
kept,VBN,1
kept,JJ,1
kerosene,VB,4
kerosene,NNP,4
kerosene,JJ,4
kettle,NNP,3
kettle,JJ,3
key,JJ,1
key,NN,1
key,VB,1
keyboard,NN,3
keypad,NN,6
keypad,VB,6
keypad,JJ,6
keys,NNS,1
keystroke,NN,4
keystroke,JJ,4
keyword,IN,6
keyword,NN,6
keyword,JJ,6
keyword,VB,6
keywords,NNS,6
keywords,VB,6
kick,NN,1
kick,VB,1
kickoff,NN,6
kid,NN,1
kid,VB,3
kidney,NNP,3.79323211793024
kids,NNS,2
kill,NN,1
kill,VB,1
kill,JJ,1
killed,VBN,1
killers,NNS,2
killing,NN,3
killing,VBG,3
killing,JJ,3
kiln,NN,5.8838033281317
kiln,VB,6
kiln,JJ,6
kilogram,NN,2
kilogram,JJ,2
kilogram,VB,2
kilometer,NN,2
kilometer,JJ,2
kilometer,VB,2
kilowatt,NN,6
kilowatt,JJ,6
kilowatt,VB,6
kin,NNP,5.31403983255237
kin,JJ,6
kin,RP,6
kin,VB,6
kind,NN,1
kind,JJ,2
kind,RB,1.5
kindergarten,NN,5.31820313920849
kindergarten,VB,6
kindly,RB,3
kindly,JJ,2
kindness,NN,3
kindness,VB,3
kindness,JJ,3
kinds,NNS,1.5
king,NN,1
kingdom,NN,2
kingdom,JJ,2
kinship,NN,4.96351290171786
kinship,RP,4.96351290171786
kinship,JJ,4.96351290171786
kinship,VB,4.96351290171786
kiosk,NNP,6
kiosk,VB,6
kiss,NN,1
kiss,VB,3
kit,NN,2
kit,VB,2
kit,JJ,2
kitchen,NN,1
kitchenware,NN,6
kite,NNP,1
kite,JJ,1
kite,VB,1
kits,VB,2
kits,NNS,2
kitten,NNP,3
kitten,JJ,3
kitty,NNP,6
knapsack,NNP,6
knapsack,JJ,6
knead,VB,6
knead,NNP,6
knead,JJ,6
knee,JJ,1
knee,NN,1
knew,VBD,1
knife,NN,1
knight,NNP,3.69536350084569
knit,VB,3
knit,JJ,3
knives,NNS,1
knives,VB,1
knob,NNP,6
knob,VB,6
knob,JJ,6
knock,NN,2
knock,JJ,2.5
knock,VB,3
knot,JJ,4
knot,NNP,4
know,VB,1
know,NN,1
knowledge,NN,2
known,VBN,4
known,JJ,4
known,NN,4
knows,VBZ,1
knuckle,NN,6
knuckle,VB,6
knuckle,JJ,6
koala,NNP,6
koala,JJ,6
kong,NNP,3.47703971846143
kong,JJ,6
korean,JJ,4.4647967669551
korean,NNP,4.83049636149951
lab,NN,3
label,VB,4
label,NN,4
labor,NNP,2
labor,JJ,2
labor,VB,2
laboratory,JJ,3
laboratory,NN,3
labour,IN,2
labour,NN,2
labour,DT,2
labour,VB,2
labour,RB,2
labour,JJ,2
labour,PRP,2
labour,RP,2
labour,CD,2
lace,NN,5.51432370125479
lace,JJ,6
lace,VB,6
lack,NN,2
lack,VB,4
lacquer,NNP,6
lacquer,JJ,6
lacquer,RB,6
lacquer,VB,6
ladder,NNP,3
laden,VB,5.02964385488677
laden,JJ,5.02964385488677
ladies,NNS,1
ladle,NNP,6
ladle,JJ,6
ladle,VB,6
lads,NNS,5.02964385488677
lady,NNP,1
ladybird,NNP,6
ladybird,JJ,6
ladybird,IN,6
ladybug,NNP,6
lagoon,NN,5.96632273334562
laid,VBN,3
laid,JJ,3
lake,NNP,2
lamb,NNP,3
lamb,VB,3
lamb,JJ,3
lame,NNP,4
lame,JJ,4
lame,PRP,4
lame,VB,4
lament,NNP,6
lament,JJ,6
lament,VB,6
laminate,NN,6
laminate,JJ,6
laminate,VB,6
lamp,NN,2
lance,NNP,4
lance,JJ,4
land,NN,3
land,JJ,2.5
land,VB,2
landfill,NN,6
landing,NN,4
landing,VB,4
landlord,NN,3
landlord,JJ,3
landlordism,NN,3
landmark,NNP,5.67441021046594
landmark,JJ,6
landscape,NN,2
landslide,NN,4
lane,NN,2
language,JJ,1
language,NN,1
languages,NNS,1
lantern,NNP,5.5768170047671
lapel,NNP,6
laptop,JJ,4
laptop,NN,4
lard,NN,6
lard,JJ,6
lard,VB,6
lard,RB,6
large,JJ,1
large,NN,1
large,RB,1
largely,RB,3
larger,JJR,1
largest,RB,1
largest,JJS,1
larva,JJ,6
larva,NNP,5.85519770556246
larva,VB,6
las,NNP,1.82087649783849
laser,JJ,4
laser,NN,4
last,NN,2.5
last,RB,3
last,JJ,2.5
last,VB,3
last,DT,2
last,PRP,2
latch,NN,6
latch,JJ,6
latch,VB,6
latch,RB,6
latch,IN,6
late,RB,1
late,JJ,1
late,NN,1
later,JJ,4
later,RB,1
lateral,JJ,2.5
lateral,NNP,2.5
lateral,VB,2.5
latest,JJ,2
latin,JJ,4.03682946597281
latin,NNP,2.50149590558422
latino,IN,6
latino,VB,6
latino,NNP,6
latino,RB,6
latino,JJ,6
latitude,NN,4.63981508465529
latitude,JJ,6
latitude,IN,6
latitude,VB,6
latitude,RB,6
latter,JJ,4
latter,NN,2.66666666666667
latter,RB,2
latter,PRP,2
lattice,NN,4.86560410553875
lattice,JJ,5.83467952847889
lattice,RB,6
lattice,VB,6
lattice,IN,6
laugh,NN,3
laugh,VB,1
laughter,NN,3
launch,VB,3
launch,NN,3
launch,JJ,3
laundry,NN,4
lava,NNP,4
lava,JJ,4
lava,VB,4
lavender,NNP,6
lavender,JJ,6
lavish,JJ,6
law,NN,2
law,JJ,2
lawfully,NN,2
lawfully,RB,2
lawn,NNP,4
lawnmower,NN,6
laws,NNS,2
lawsuit,NN,4
lawyer,NN,2
lawyer,JJ,2
lawyers,NNS,2
lax,JJ,6
lax,NNP,6
lax,RB,6
lax,VB,6
lay,NNP,3
lay,VB,3
lay,CD,3
layaway,NN,6
layer,NN,3
layoff,NN,6
layoff,IN,6
layoff,VB,6
layoff,JJ,6
layout,VB,6
layout,JJ,6
layout,NN,4.29263293160566
layout,IN,6
layover,NN,6
lazy,JJ,1
lcd,JJ,6
lcd,VB,6
lcd,NNP,6
lead,NN,2
lead,VB,3
lead,JJ,3
leader,NN,1
leaders,NNS,1
leadership,NN,3
leading,VBG,3
leading,JJ,3
leads,VBZ,2.66666666666667
leads,NN,2.66666666666667
leaf,NN,1
leaf,JJ,1
league,JJ,3
league,NN,3
leak,JJ,4
leak,NN,4
leak,VB,4
lean,JJ,3
lean,VB,4
leap,VB,3
leap,NN,4
learn,VB,1
learned,JJ,1
learned,VBN,1
learning,VBG,4
learning,NN,4
learnt,VB,1
learnt,NN,1
learnt,RB,1
learnt,JJ,1
lease,VB,4
lease,NN,4
lease,JJ,4
least,JJ,3
least,RBS,3
least,DT,2
least,PRP,4
leather,JJ,2
leather,NNP,2
leave,NN,3
leave,VB,1
leave,JJ,2
leaving,NN,2
leaving,VBG,2
lebanese,NNP,6
lebanese,JJ,6
lecture,NN,3
lecture,VB,3
lecturer,NN,4
lecturer,RB,4
lecturer,JJ,4
led,JJ,2.66666666666667
led,NN,2.66666666666667
led,VBN,2.66666666666667
ledge,NN,5.93270998601091
ledge,VB,6
ledge,JJ,6
ledger,NNP,4.98421081600959
leech,NNP,6
leech,JJ,6
leech,VB,6
leeway,NNP,6
leeway,VB,6
left,JJ,1
left,VB,1.66666666666667
left,NN,2
left,RB,2
leftover,NN,6
leftover,CC,6
leftover,JJ,6
leftover,IN,6
leftover,RP,6
leftover,VB,6
leftover,RB,6
leftovers,NNS,6
leftovers,VB,6
leg,NN,1
legacy,NN,1
legacy,JJ,1
legacy,VB,1
legal,JJ,3
legal,NN,3
legally,RB,3
legend,NN,4
legendary,JJ,4
legging,VBG,1
legging,NN,1
legion,JJ,1
legion,NN,1
legislation,NN,4
legislative,JJ,4
legislature,NN,4
legit,NN,6
legit,VB,6
legit,JJ,6
legit,PRP,6
legitimate,JJ,4
leisure,NN,2
lemon,NNP,2
lemon,JJ,2
lend,VB,2
length,NN,3
length,JJ,3
lengthy,JJ,4
lenient,NN,6
lenient,JJ,6
lenient,VB,6
lens,NNP,3.57284306476571
lent,VB,2
lentil,NNP,6
lentil,JJ,6
leopard,NNP,4
leopard,JJ,4
leopard,VB,4
leopard,RB,4
les,NNS,2.60220345244427
lesbian,JJ,6
lesbian,NNP,5.62749648876063
lesbian,VB,6
lesbians,NNS,5.37643115726885
lesbians,VB,5.37643115726885
less,CC,2
less,JJR,2
less,NN,2
less,RB,2
less,DT,2
less,PRP,2
lesson,NN,1
let,VB,1
let,NN,1
lethal,JJ,5.43408351104102
lethal,NN,6
lethargic,JJ,6
lethargic,NN,6
letter,JJ,1
letter,NN,1
letters,NNS,1
lettuce,VB,3
lettuce,NNP,3
lettuce,JJ,3
level,NN,2
level,JJ,3
level,VB,4
levels,NNS,3
lever,NNP,4.3040216171712
lever,JJ,6
lever,VB,6
leverage,NN,5.42680767217251
levy,NNP,3.8862579535619
levy,VB,6
liability,JJ,6
liability,NN,1.96923899233651
liable,JJ,2.74617819933762
liar,NNP,3
liar,VB,3
liar,JJ,3
lib,NN,5.44262085601443
lib,JJ,6
lib,VB,6
lib,RB,6
lib,IN,6
lib,PRP,6
liberate,NN,3
liberate,VB,3
liberate,JJ,3
liberation,NN,3
liberty,NN,2
librarian,NN,3
librarian,VB,3
librarian,JJ,3
libraries,VB,1
libraries,JJ,1
libraries,NNS,1
library,NN,1
licence,NN,2
licence,JJ,2
licence,VB,2
license,VB,2
license,NN,2
licensed,JJ,2
licensed,VBN,2
lichen,NN,6
lichen,VB,6
lichen,JJ,6
lick,NNP,4
lick,VB,4
lick,JJ,4
lid,NN,4
lie,NN,3
lie,VB,2
lied,NN,2.5
lied,VBN,2.5
lieutenant,NNP,3.11686933799833
life,NN,1
life,JJ,1
lifelike,NN,6
lifelike,JJ,6
lifelong,JJ,3
lifestyle,IN,2
lifestyle,NN,2
lifestyle,JJ,2
lifestyle,VB,2
lifetime,NN,4
lifetime,JJ,4
lift,JJ,3
lift,VB,3
lift,NN,3
ligament,NN,5.90207248754357
ligament,VB,6
ligament,JJ,6
light,JJ,1
light,VB,3
light,NN,1
light,RB,1.66666666666667
lighthouse,NN,6
lighthouse,JJ,6
lighthouse,VB,6
lighting,VB,4
lighting,NN,4
lightly,RB,3
lightly,NN,3
lightning,NN,3
lights,NNS,1.66666666666667
lights,VB,1.66666666666667
lightweight,JJ,5.83890123925479
like,VB,1
like,JJ,1.66666666666667
like,IN,1
like,NN,1.66666666666667
like,CC,3
likelihood,NN,3.7961704308525
likely,JJ,2
likely,RB,2
likewise,RB,4
lily,JJ,1
lily,RB,1
lily,NNP,1
limb,JJ,4
limb,NN,4
limb,VB,4
lime,RB,6
lime,NN,3.65702336316099
lime,VB,6
lime,JJ,6
lime,PRP,6
lime,IN,6
limestone,JJ,6
limestone,VB,6
limestone,NN,3.45500470393144
limestone,CD,6
limit,VB,3
limit,JJ,3
limit,NN,3
limitation,JJ,3
limitation,NN,3
limitation,VB,3
limited,VBN,3
limited,NN,3
limited,JJ,3
limousine,NN,6
limousine,JJ,6
limp,JJ,3
limp,VB,3
line,NN,1
line,JJ,2.5
line,VB,4
lineage,DT,4.73419195581936
lineage,NN,4.73419195581936
lineage,IN,4.73419195581936
lineage,VB,4.73419195581936
lineage,JJ,4.73419195581936
linear,JJ,2.33112252309209
linear,NN,5.01709964399177
linen,JJ,4
linen,NNP,4
lines,NNS,2.5
lineup,NN,6
linger,VB,4
lingerie,NNP,6
linguistic,JJ,3.7306427026524
linguistic,NN,6
lining,VBG,2.5
lining,NN,2.5
link,VB,3
link,NN,3
linked,VBN,3
linked,JJ,3
links,VB,3
links,NNS,3
lion,NNP,1
lips,NNS,2
lips,JJ,2
lipstick,NN,6
lipstick,VB,6
lipstick,JJ,6
liquid,NN,3
liquid,JJ,3
liquidate,VB,3
liquidity,NN,3
liquidity,JJ,3
liquor,NN,3.62416628523084
liquor,JJ,6
list,VB,4
list,NN,1
listed,VBN,2.5
listed,JJ,2.5
listen,VB,1
listener,IN,4
listener,NN,4
listener,VB,4
listener,JJ,4
listing,NN,2.5
listing,VB,2.5
listings,NNS,2.5
lists,NNS,2.5
lists,VB,2.5
liter,JJ,2
liter,NN,2
liter,IN,2
liter,VB,2
liter,RB,2
literacy,NN,1.66666666666667
literacy,JJ,1.66666666666667
literacy,VB,1.66666666666667
literal,NN,4
literal,JJ,4
literal,VB,4
literally,RB,4
literary,JJ,3
literary,NN,3
literature,NN,3
litigation,NN,3.4071939360224
litter,NN,4
litter,JJ,4
litter,IN,4
litter,VB,4
little,RB,1
little,JJ,1
little,NN,2
little,DT,3
little,PRP,3
livability,NN,6
live,VB,1
live,NN,2
live,JJ,3
live,RB,2
livelihood,NN,5.61513491848369
livelihood,JJ,6
livelihood,VB,6
lively,JJ,2
lively,RB,2
liver,NN,3
lives,NNS,1
lives,VB,2
livestock,NN,3.32343940063246
livestock,JJ,6
living,NN,4
living,JJ,1
living,VBG,2.5
lizard,JJ,6
lizard,NNP,6
lizard,VB,6
llama,NNP,6
llc,NNP,5.4051800368231
llc,JJ,6
load,VB,4
load,NN,2
load,JJ,3
loan,NNP,4
loan,JJ,4
loan,VB,4
loans,JJ,4
loans,NNS,4
loans,VB,4
loathe,DT,6
loathe,VB,6
loathe,NNP,6
loathe,RB,6
lobby,NNP,4
lobby,VB,4
lobster,NNP,6
lobster,VB,6
lobster,RB,6
lobster,JJ,6
local,NN,2
local,JJ,2
locate,VB,3
located,VBN,3
located,JJ,3
location,NN,3
locations,NNS,3
lock,NN,2
lock,JJ,2.5
lock,VB,3
locker,NN,2.5
locksmith,NNP,6
locomotive,NNP,5.0593349871474
locomotive,JJ,6
locomotive,VB,6
locomotive,CD,6
lodge,NNP,3
lodge,VB,3
loft,NN,6
loft,VB,6
loft,JJ,6
lofty,JJ,5.50732089867798
log,NN,3
log,VB,3
logged,VBN,3
logged,JJ,3
logged,NN,3
logic,NN,3
logical,JJ,2
login,NN,6
login,RB,6
login,VB,6
login,JJ,6
login,IN,6
logistics,NNS,3
logo,NN,3
logout,NN,6
loiter,NNP,6
loiter,RB,6
loiter,VB,6
loiter,JJ,6
lone,NNP,6
lone,JJ,5.82063231338336
loneliness,NN,4
lonely,JJ,1
lonesome,NN,6
lonesome,JJ,6
lonesome,VB,6
long,NN,1.5
long,JJ,1
long,RB,2
longer,RB,1.5
longer,JJR,1.5
longing,NN,1.5
longing,VBG,1.5
longitude,NN,6
longitude,JJ,6
longitude,VB,6
longitude,RB,6
longtime,JJ,6
longtime,NN,6
look,VB,1
look,NN,1
looked,VBD,1
looking,VBG,1
looking,JJ,1
looks,VBZ,1
looks,NN,1
loom,NN,6
loom,RB,6
loom,JJ,6
loom,VB,6
loop,NN,3.28716519158751
loose,NN,2
loose,JJ,2
loose,VB,2
loose,RB,2
loosely,RB,4
lord,NN,1.50802295668623
los,NNP,3.86242792393786
lose,VB,2
loser,JJ,2
loser,NNP,2
loss,NN,3
loss,JJ,3
lost,JJ,2
lost,VBN,2
lot,NN,2
lot,RB,1
lot,JJ,1.33333333333333
lot,PRP,1
lots,NNS,1.33333333333333
lottery,NN,3
lotus,NNP,1.33333333333333
loud,RB,3
loud,JJ,3
loudly,RB,2
loudspeaker,NNP,3
loudspeaker,JJ,3
louis,NNP,1.9953685421084
louis,JJ,6
lounge,NN,5.72653247079813
love,VB,1
love,NN,1
lover,NN,2
low,NN,2
low,RB,2
low,JJ,2
lower,NN,4
lower,JJR,4
lower,VB,4
lower,RB,4
lowest,JJS,2
lowland,NNP,4
lowland,CC,4
lowland,RB,4
lowland,VB,4
lowland,JJ,4
loyal,JJ,3
loyally,RB,3
loyalty,NN,3
ltd,NNP,2.59783330562011
ltd,VB,6
ltd,IN,6
ltd,JJ,6
lucid,NNP,6
lucid,JJ,6
lucid,VB,6
luck,NN,1
luckily,JJ,2
luckily,RB,2
luckily,NN,2
lucky,JJ,1
ludicrous,JJ,6
luggage,NN,3
luggage,JJ,3
luggage,VB,3
lumber,VB,6
lumber,NN,3.19811606168485
lumber,JJ,6
luminous,NN,6
luminous,JJ,5.86798450643202
lump,JJ,6
lump,NN,5.02850224900621
lunar,JJ,5.58484290732873
lunar,NNP,6
lunar,VB,6
lunch,NN,1
lunch,VB,1
lung,NNP,3
lurk,NNP,6
lurk,VB,6
lush,JJ,4
lust,NN,5.741899241359
lust,VB,6
lust,JJ,6
lust,IN,6
lust,RB,6
lust,CC,6
luxurious,JJ,4
luxury,NN,3
luxury,JJ,4
lying,JJ,2.5
lying,VBG,2.5
lynx,NNP,6
lynx,VB,6
lynx,JJ,6
lyric,NNP,2
lyric,JJ,2
lyric,VB,2
lyrics,NNS,4
mac,NNP,4.28672917840223
mace,NNP,4.28672917840223
mace,VB,4.28672917840223
machete,NN,6
machete,JJ,6
machine,NN,1
machine,JJ,1
machinery,JJ,6
machinery,NN,2.02757810905294
machines,NNP,1
macro,JJ,5.96445771285765
macro,NNP,6
macro,VB,6
macro,PRP,6
macro,RB,6
mad,NNP,2
mad,JJ,2
madame,NNP,4
made,VBN,2.5
made,NN,2.5
made,JJ,2.5
madness,NN,4
madness,VB,4
maestro,NNP,4
mafia,NNP,6
magazine,NN,1
magazine,JJ,1
magazines,NNS,1
magic,NN,2
magic,JJ,2
magical,JJ,3
magical,NN,3
magistrate,NN,4.16159579790645
magistrate,JJ,6
magistrate,VB,6
magnet,NNP,4.976283620563
magnet,DT,6
magnet,JJ,6
magnet,VB,6
magnetic,JJ,2.21204837706292
magnetism,NN,4.92596047651501
magnificent,JJ,3
magnify,NN,4
magnify,JJ,4
magnify,VB,4
magnitude,NN,2.98025178579544
magpie,NNP,6
mahogany,NNP,6
maid,NN,4.61263141660313
maiden,JJ,4.61263141660313
maiden,NNP,4.61263141660313
maiden,VB,4.61263141660313
mail,NN,1
mail,VB,3
mail,JJ,2
mailbox,NN,3
mailing,VBG,2
mailing,NN,2
main,NN,3
main,JJ,3
mainland,NNP,5.07060322126162
mainland,JJ,6
mainland,VB,6
mainland,CC,6
mainly,RB,2
mainstream,NN,4.92964858990727
mainstream,JJ,6
maintain,VB,3
maintained,VBN,3
maintenance,JJ,3
maintenance,NN,3
majesty,NNP,3.24709677299685
majesty,JJ,6
major,JJ,2
major,NN,4
major,VB,3
majority,NN,3
majority,JJ,3
make,NN,4
make,VB,1
maker,NN,2
makes,VBZ,2.5
makes,NN,2.5
makeup,NN,5.60749390926974
making,VB,2.5
making,NN,2.5
making,JJ,2.5
malaysian,JJ,6
malaysian,NNP,6
male,NN,2
male,JJ,3
malicious,NN,6
malicious,JJ,5.72624203030072
mall,NNP,2
malnourished,JJ,6
malnourished,VB,6
mama,NN,4
mammal,JJ,6
mammal,NNP,6
mammal,VB,6
man,NN,1
man,VB,1
man,JJ,1
manage,VB,2
managed,VBN,2
managed,JJ,1
management,NN,3
management,JJ,3
manager,NN,2
managers,NNS,2
managing,VBG,2
managing,JJ,2
managing,NN,1
mandate,NN,4.30135068357792
mandate,VB,6
mandatory,JJ,3.83714759263994
mane,NNP,1
mane,JJ,1
mane,VB,1
manga,NNP,6
manga,JJ,6
mango,NNP,4
mango,VB,4
mangrove,NNP,6
mangrove,JJ,6
mangrove,VB,6
manifesto,NN,6
manifesto,RB,6
manifesto,VB,6
manila,NNP,4.67675607488797
manila,JJ,6
manipulate,VB,4
manipulation,NN,4.41395955331835
mankind,NNP,3
manner,NNP,2
manor,NNP,1
manor,JJ,1
mansion,NN,4
manual,NNP,4
manual,JJ,4
manual,VB,4
manual,RB,4
manufacture,NN,4
manufacture,VB,4
manufacturer,NN,4
manufacturers,NNS,4
manufacturers,VB,4
manufacturing,VB,4
manufacturing,NN,4
manufacturing,JJ,4
manure,NNP,1
manure,JJ,1
manure,VB,1
manuscript,NN,3.38027007937635
manuscript,JJ,6
manuscript,VB,6
many,DT,1
many,RB,1
many,JJ,1
many,VB,1
many,PRP,1
map,VB,1
map,NN,1
maple,NNP,3
maps,NNS,1
marathon,NNP,4
marble,NN,3
marble,JJ,3
march,NNP,2
march,VB,3
margin,JJ,4
margin,NN,4
marginal,JJ,4
marigold,NNP,6
marigold,VB,6
marinade,NNP,6
marinate,NNP,6
marinate,VB,6
marine,NN,3
marine,JJ,3
maritime,NNP,3.64298717562598
maritime,JJ,6
maritime,DT,6
maritime,VB,6
markdown,NN,6
marked,VBN,3
marked,JJ,3
markedly,RB,2
markedly,NN,2
markedly,JJ,2
marker,NNP,2
marker,VB,2
marker,JJ,2
market,JJ,2.5
market,VB,3
market,NN,2
marketer,NNP,2.5
marketing,VB,4
marketing,NN,4
marketing,JJ,4
marketplace,NNP,5.05434808294801
markets,NNS,2.5
markets,VB,2.5
marks,NNS,2
marks,VB,2
markup,NNP,6
markup,JJ,6
markup,VB,6
maroon,JJ,6
maroon,NNP,6
maroon,VB,6
marriage,NN,3
married,JJ,2
married,NN,2
married,VBN,2
marrow,NNP,4.77902586347805
marrow,VB,6
marrow,JJ,6
marry,VB,2
marsh,NNP,4.2338052136603
marshal,NNP,4.2338052136603
marshal,VB,4.2338052136603
marshmallow,NNP,6
marshmallow,JJ,6
mart,NNP,5.91162873683681
martial,JJ,6
martial,NNP,5.47243867252446
martial,VB,6
martin,NNP,2.14041316563628
maryland,NNP,2.97968420089782
mascot,NNP,6
masculine,JJ,5.21220941397503
masculine,NN,6
masculine,VB,6
masculine,PRP,6
mash,VB,3
mash,NNP,3
mash,JJ,3
mask,NN,4
mask,VB,4
mason,NNP,3.76523469833853
masonry,NN,5.06946119788761
mass,NN,4
mass,JJ,3
mass,VB,3.5
mass,RB,3.5
massage,NN,4
massage,VB,4
massive,JJ,3
massively,NN,3.5
massively,RB,3.5
massively,JJ,3.5
mast,NN,5.3690319253297
master,VB,4
master,NN,4
master,JJ,4
masterpiece,NN,4
mat,NNP,4.93085993008978
mat,DT,6
mat,PRP,6
mat,RB,6
mat,VB,6
mat,JJ,6
match,VB,3
match,NN,1
matchbox,NN,6
matches,VB,2
matches,NNS,2
matching,VB,2
matching,JJ,2
matching,NN,2
material,JJ,2
material,NN,2
materials,NNS,2
materials,JJ,2
maternal,JJ,4.02955979648117
math,NN,1
math,VB,1
math,JJ,1
mathematical,NN,4
mathematical,JJ,4
mathematical,VB,4
mathematics,NNS,3
matrix,NNP,2.52471004152695
matrix,VB,6
matrix,PRP,6
matrix,JJ,6
matter,NN,1
matter,RB,1.5
matter,VB,2
matters,NNS,1.5
matters,VB,1.5
mattress,NNP,6
mattress,JJ,6
mature,NN,4
mature,VB,4
mature,JJ,4
maturely,RB,4.65048714410591
maturity,NN,3.51594831012265
mausoleum,NNP,4
max,NN,2
maximum,NN,3
maximum,JJ,3
may,JJ,1
may,VB,1
may,NN,1
may,MD,1
maybe,RB,1
mayo,JJ,6
mayo,NNP,5.73209365379161
mayonnaise,NNP,6
mayonnaise,JJ,6
mayonnaise,RB,6
mayonnaise,VB,6
mayor,NNP,3
me,NN,1
me,JJ,1
me,PRP,1
meadow,NN,5.01742902537567
meal,NN,1
meal,JJ,1
mean,VB,1
mean,JJ,2
mean,NN,4
meaning,VBG,2
meaning,NN,2
meaning,JJ,2
meaningful,JJ,3
meaningfully,RB,2.33333333333333
meaningless,JJ,5.46670785805765
means,NN,4
means,VBZ,4
meant,VB,2.33333333333333
meantime,RB,6
meantime,NN,4.37149545636191
meanwhile,RB,3
meanwhile,NN,3
measure,VB,3
measure,NN,3
measurement,NN,3
measures,NNS,3
measures,VB,3
meat,NN,1
meat,JJ,1
mechanic,NN,3
mechanic,JJ,3
mechanic,VB,3
mechanical,JJ,3
mechanically,NN,6
mechanically,RB,5.49607458359873
mechanically,JJ,6
mechanism,NN,2.06490475814073
medal,NN,2
medal,JJ,2
medal,VB,2
medal,RB,2
media,NN,4
media,JJ,4
median,NNP,1
median,JJ,1
mediate,NN,6
mediate,VB,6
mediate,JJ,6
medical,NN,2
medical,JJ,2
medication,NN,4
medicine,NN,1
medieval,JJ,4
mediocre,JJ,4
mediocre,NN,4
mediocre,VB,4
meditate,VB,3
meditate,NN,3
meditate,RB,3
meditation,VB,3
meditation,NN,3
meditation,JJ,3
mediterranean,NNP,3
mediterranean,JJ,3
medium,NN,3
medium,JJ,3
meet,NN,1
meet,VB,1
meeting,NN,1
meeting,VBG,1
meetings,NNS,1
megabyte,NN,6
megabyte,JJ,6
melancholy,JJ,6
melancholy,NN,6
melody,NN,4
melody,VB,4
melody,RB,4
melody,JJ,4
melt,NNP,3
melt,VB,3
melt,JJ,3
melt,DT,3
melt,PRP,3
melt,RB,3
member,NN,2
member,JJ,2
members,NNS,2
membership,NN,3
membrane,VB,6
membrane,JJ,6
membrane,NNP,2.93895797216755
membrane,PRP,6
memo,NNP,5.18884889289244
memoir,JJ,6
memoir,NN,5.57626632098751
memoir,VB,6
memorable,JJ,3
memorial,NN,4
memory,NN,1
men,NNS,1
mend,VB,3
mend,NNP,3
mend,JJ,3
mental,NN,3
mental,JJ,3
mentality,NN,3
mention,VB,3
mention,NN,2
mentioned,VBN,2.5
mentor,NN,4
mentorship,NN,3.58458833120093
mentorship,VB,3.58458833120093
menu,NN,2
mercenary,JJ,6
mercenary,NNP,6
mercenary,VB,6
mercenary,PRP,6
merchandise,NN,4
merchant,NNP,3
merchant,JJ,3
merciful,JJ,4
merciful,NN,4
merciful,VB,4
merciful,RB,4
mercury,NN,3.54232741996889
mercy,NN,4
mere,JJ,3
merely,RB,3
merge,VB,4
merger,NNP,4
merger,JJ,4
meridian,NNP,5.38282854703976
merit,VB,6
merit,NN,3.49098042404706
merry,NN,1
merry,JJ,1
mesh,NNP,4.97920463868763
mesh,VB,6
mesh,JJ,6
mesh,PRP,6
mesh,RB,6
mess,NN,3
mess,VB,4
message,NN,1
messages,NNS,1
messenger,NNP,4
messy,NN,3
messy,JJ,3
messy,RB,3
messy,VB,3
messy,PRP,3
met,NNP,1
met,VB,1
meta,NN,1
meta,DT,1
meta,JJ,1
meta,VB,1
metabolism,NN,3.52446033033375
metal,NN,2
metal,JJ,2
metallic,JJ,2
metallic,NN,2
metallic,VB,2
metaphor,NN,4
meteor,JJ,1
meteor,NN,1
meteor,VB,1
meter,JJ,2
meter,NN,2
meter,VB,2
meter,RB,2
meter,PRP,2
meter,IN,2
meter,DT,2
method,NN,2
methodical,NN,2
methodical,JJ,2
methodically,RB,2
methodology,NN,3.54231730421386
methods,NNS,2
meticulous,NN,6
meticulous,JJ,6
metre,NN,2
metre,RB,2
metre,PRP,2
metre,CD,2
metre,VB,2
metre,JJ,2
metric,NN,4
metric,JJ,4
metro,NN,5.37206598722124
metropolis,NNP,5.81658508417175
metropolis,JJ,6
metropolis,VB,6
metropolitan,NNP,3.62298057337272
metropolitan,JJ,3.97465545270014
mexican,NNP,4.32168151638543
mexican,JJ,3.78381560796118
mice,NNS,1
micro,NN,4
micro,JJ,4
microchip,NN,6
microphone,NN,4
microscope,NN,4
microscope,VB,4
microscope,JJ,4
microwave,NN,4
mid,NN,2.3645327085764
mid,CD,5.45673252525431
mid,RB,6
mid,JJ,6
midday,NNP,2
middle,JJ,1
middle,NN,2
middleman,NNP,6
midfielder,NN,1
midfielder,JJ,1
midnight,NN,2
midst,NN,4
midterm,NN,3
midterm,PRP,3
midterm,JJ,3
midway,NN,1
midway,RB,1
midway,VB,1
midweek,NNP,1
midweek,VB,1
midweek,JJ,1
midwife,NN,6
midwife,JJ,6
might,VB,2
might,NN,2
might,MD,2
mighty,RB,4
mighty,JJ,4
migraine,NNP,6
migraine,JJ,6
migraine,PRP,6
migraine,CD,6
migraine,VB,6
migrant,JJ,5.76192941055121
migrant,NNP,6
migrant,VB,6
migration,JJ,4
migration,NN,4
migration,CD,4
migration,VB,4
mike,NNP,3.77694984462565
mild,JJ,3
mildew,NNP,6
mildew,JJ,6
mildew,VB,6
mildly,RB,3
mile,JJ,3
mile,NN,3
mile,CD,3
mileage,NN,4.65601616409582
miles,JJ,3
miles,NNP,3
milestone,NN,6
milestone,CD,6
milestone,JJ,6
milestone,PRP,6
milestone,VB,6
military,NN,2
military,JJ,2
militia,NN,4.54998096837114
milk,VB,1
milk,NNP,1
mill,NN,4
millennium,NN,5.57865618170635
millennium,JJ,6
milliliter,NN,6
milliliter,JJ,6
millimeter,NN,4
millimeter,RB,4
millimeter,JJ,4
millimeter,CD,4
millimeter,VB,4
million,CD,2
million,JJ,2
millionaire,NN,4
millionaire,VB,4
millionaire,JJ,4
mimic,NNP,4
mimic,JJ,4
mimic,VB,4
min,NN,2.53030102961072
min,JJ,6
min,IN,6
min,VB,6
min,CD,6
min,CC,6
mince,NNP,4
mince,VB,4
mind,VB,2
mind,NN,1
mind,JJ,1.5
mindfulness,NN,1.5
mindfulness,JJ,1.5
mindfulness,PRP,1.5
mindfulness,CC,1.5
mindfulness,VB,1.5
mindset,NN,6
mindset,JJ,6
mindset,VB,6
mine,JJ,2.5
mine,PRP,1
mine,NN,4
mine,VB,2.5
miner,JJ,2.5
miner,NNP,2.5
miner,PRP,2.5
mineral,JJ,3
mineral,NN,3
mingle,NN,6
mingle,VB,6
mingle,JJ,6
mini,NN,2.3964152517283
mini,JJ,2.3964152517283
miniature,JJ,4
miniature,NN,4
minimal,JJ,3.57811363407631
minimize,VB,3
minimum,NN,3
minimum,JJ,3
minister,NN,4
ministry,NN,2.0508813461756
minor,NN,3
minor,JJ,3
minority,NN,3
minority,JJ,3
mint,NN,4
minus,NN,3
minus,JJ,3
minus,IN,3
minus,CC,3
minute,NN,1
minute,JJ,1
minutes,NNS,1
miracle,NN,3
miraculously,RB,6
mirage,NNP,6
mirror,NNP,2
mirror,VB,2
miscellaneous,NN,3.95231003150609
miscellaneous,JJ,3.67037637743195
miscellaneous,PRP,6
miserable,JJ,3
misery,NN,3
misplace,VB,6
miss,NN,1
miss,VB,1
missile,NN,4
missile,JJ,4
missing,JJ,2
missing,VB,2
missing,NN,2
mission,NN,3
missionary,JJ,1
missionary,NN,1
missionary,VB,1
missouri,NNP,2.70720447582178
mist,JJ,4
mist,NN,4
mistake,NN,2
mistake,VB,2
mistaken,VBN,2
mistaken,JJ,2
mistreat,VB,4
mistress,NN,4.55179910003517
mitigate,VB,5.87072629772314
mitigate,NN,6
mitigate,JJ,6
mitigate,RB,6
mitt,NNP,4.56407783494948
mitt,VB,4.56407783494948
mitten,NNP,4.56407783494948
mitten,JJ,4.56407783494948
mitten,VB,4.56407783494948
mix,NN,4
mix,VB,2
mixed,VB,3
mixed,JJ,3
mixer,JJ,3
mixer,NN,3
mixer,RB,3
mixer,VB,3
mixture,NN,4
moat,NN,6
moat,VB,6
moat,JJ,6
mobile,JJ,2
mobile,NN,1
mobility,NN,4
mobility,JJ,4
mobilize,NN,6
mobilize,VB,6
mock,JJ,4
mock,VB,4
mode,NN,2.11379755591778
model,JJ,3
model,NN,2
model,VB,3
models,NNS,2.66666666666667
modem,NNP,3
modem,VB,3
modem,JJ,3
modem,PRP,3
moderate,NN,3
moderate,JJ,3
moderate,VB,3
modern,NN,2
modern,JJ,2
modest,JJ,4
modestly,RB,4
modesty,NN,6
modesty,JJ,6
modification,NN,4
modification,VB,4
modified,JJ,3
modified,VBN,3
modify,VB,3
module,NN,4.08724539339132
module,VB,6
module,JJ,6
modules,VB,4.03925417296246
modules,NNS,4.03925417296246
modules,JJ,4.03925417296246
moist,JJ,4.54882585410169
moisture,NN,3
moisture,JJ,3
moisture,VB,3
mold,NNP,4
mold,VB,4
mole,NN,4.71363049171106
mole,JJ,4.71363049171106
mole,CD,4.71363049171106
mole,VB,4.71363049171106
molecular,JJ,2.67292049418553
molecule,NN,3
molecule,JJ,3
molecule,VB,3
mom,JJ,1
mom,NN,1
moment,NN,1
moment,JJ,1
momentarily,RB,4
momentum,NN,1
mommy,JJ,1
mommy,NN,1
mommy,VB,1
mommy,RB,1
monarch,NNP,5.26867163889103
monarch,VB,6
monarch,JJ,6
monarchy,NN,5.12298295638875
monarchy,VB,6
monarchy,JJ,6
monday,JJ,1
monday,NNP,1
monetary,NN,4.75847153934932
monetary,JJ,3.42935500106066
monetize,VB,6
money,JJ,1
money,NN,1
mongoose,NN,6
monitor,NN,3
monitor,VB,3
monitoring,JJ,3
monitoring,NN,3
monitoring,VB,3
monk,NNP,3
monk,VB,3
monk,JJ,3
monkey,NN,1
monkey,JJ,1
monkey,VB,1
monopoly,NN,3.95755586315481
monopoly,JJ,6
monotonous,JJ,6
monsoon,NN,6
monsoon,JJ,6
monsoon,VB,6
monster,NN,3
month,JJ,1
month,NN,1
monthly,NN,3
monthly,RB,3
monthly,JJ,3
months,NNS,1
monument,NN,3
monument,JJ,3
monument,VB,3
monumental,NN,3
monumental,JJ,3
mood,NN,2
moody,JJ,4
moody,NN,4
moon,NN,1
moon,JJ,1
moonlighting,VB,4
moonlighting,NN,4
moonlighting,JJ,4
moose,NNP,6
moose,JJ,6
moose,VB,6
moose,RB,6
mop,NN,6
mop,VB,6
mop,JJ,6
moped,NN,6
moped,VBN,6
moped,JJ,6
moral,JJ,4
moral,NN,3
morality,NN,4
more,RB,3
more,JJR,1.66666666666667
more,NN,1.66666666666667
more,DT,1
more,PRP,1
moreover,RB,3
moreover,JJ,3
morning,NN,1
morning,JJ,1
moron,NN,6
moron,VB,6
mortal,NNP,4
mortal,JJ,4
mortal,VB,4
mortality,NN,2.95624394995238
mortar,NN,4
mortar,JJ,4
mortar,CD,4
mortar,VB,4
mortar,RB,4
mortar,IN,4
mortgage,NN,4
mortgage,JJ,4
mortgage,VB,4
mosaic,NNP,5.06787525264317
mosaic,VB,6
mosaic,JJ,6
mosque,NNP,2
mosque,JJ,2
mosque,VB,2
mosquito,NNP,3
mosquito,RP,3
mosquito,JJ,3
mosquito,VB,3
moss,NNP,3
most,JJS,1.66666666666667
most,NN,1.66666666666667
most,RB,2
most,IN,1.66666666666667
most,DT,1
most,PRP,2
mostly,RB,2
motel,NN,5.93779029130519
moth,NNP,5.50130084596545
moth,JJ,6
moth,VB,6
moth,RB,6
mother,NN,1
mother,JJ,1
motherboard,NN,6
motherboard,JJ,6
motherboard,VB,6
motion,NN,4
motion,JJ,4
motivation,NN,3
motive,JJ,3
motive,NN,3
motor,NN,3
motor,JJ,3
motorbike,NNP,4
motorcycle,NN,3
motorcycle,JJ,3
motorcycle,VB,3
motorway,NN,2
motorway,JJ,2
motto,NN,3
mound,NNP,5.11589190748556
mount,NNP,3
mount,VB,4
mountain,NN,1
mountain,JJ,1
mourn,NN,3
mourn,VB,3
mournful,NN,4
mournful,JJ,4
mouse,NN,1
mouth,NN,1
move,JJ,1.5
move,VB,2
move,NN,1
moved,VBN,1.5
movement,NN,3
movie,NN,1
movie,JJ,1
movies,NNS,1
moving,JJ,4
moving,VBG,4
moving,NN,4
much,JJ,1
much,RB,1
much,DT,1
much,NN,1
much,PRP,1
mud,NN,3
mud,JJ,3
muffin,NNP,6
muffin,VB,6
muffin,JJ,6
muffler,NNP,6
muggy,JJ,6
mule,NNP,3
mule,JJ,3
mule,VB,3
multi,NN,5.39713724537064
multi,JJ,3.31527249759905
multimedia,NN,5.60591894161352
multimedia,VB,6
multimedia,JJ,6
multiple,NN,4
multiple,JJ,4
multiplication,NN,4
multiplication,JJ,4
multiplication,VB,4
mumble,NN,4
mumble,VB,4
mumble,JJ,4
mundane,JJ,6
municipal,NN,3.68647966329814
municipal,JJ,2.68587185542946
municipality,NN,3.92634362750124
municipality,JJ,6
mural,NNP,6
murder,NN,2
murder,VB,3
murky,JJ,6
murmur,NNP,4
murmur,VB,4
murmur,JJ,4
murmur,RB,4
murmur,CC,4
muscle,NN,3
muscle,JJ,3
museum,NN,2
mushroom,NN,2
mushroom,JJ,2
mushroom,VB,2
music,NN,1
music,JJ,1
musical,JJ,2
musical,NN,4
musician,NN,1
must,VB,1
must,MD,1
mustard,NN,3
mustard,JJ,3
mustard,RB,3
mustard,VB,3
mute,JJ,6
mute,VB,6
mutter,NNP,4
mutter,VB,4
mutter,RB,4
mutter,JJ,4
mutton,NNP,4
mutual,JJ,3
mutual,NN,3
mutually,RB,3
mutually,NN,3
mutually,JJ,3
muzzle,NNP,6
muzzle,VB,6
muzzle,JJ,6
my,JJ,1
my,PRP,1
my,NN,1
my,PRP$,1
myself,NN,2
myself,PRP,2
mysterious,JJ,2
mystery,NN,2
myth,NN,3
nail,NNP,3
nail,JJ,3
nail,VB,3
nail,RB,3
nail,DT,3
naive,JJ,5.51480299780164
naked,JJ,3
name,NN,1
name,VB,3
name,JJ,2
named,VBN,2
named,NN,2
names,NNS,2
names,VB,2
napkin,NNP,2
napkin,JJ,2
narrative,JJ,3
narrative,VB,3
narrative,NN,3
narrator,NN,4
narrow,JJ,3
narrow,VB,3
nasty,JJ,3
nation,NN,2
nation,JJ,2
national,NN,2
national,JJ,2
nationality,NN,1
nationality,JJ,1
nations,NNS,2
nationwide,NN,4
nationwide,JJ,4
nationwide,RB,4
native,JJ,2
native,NN,2
natural,NN,2
natural,JJ,2
naturally,RB,3
nature,NN,2
naughty,NN,4
naughty,JJ,4
naughty,RB,4
naughty,CD,4
nausea,NN,5.3423457783269
nausea,JJ,6
naval,JJ,4
naval,NNP,4
navigate,NN,4
navigate,VB,4
navigate,RB,4
navigate,JJ,4
navigation,NN,4
navigator,NNP,6
navigator,CC,6
navy,NNP,4
navy,JJ,4
near,IN,1
near,VB,2.33333333333333
near,NN,2.33333333333333
near,JJ,3
near,RB,3
nearby,RB,3
nearby,JJ,3
nearly,RB,2
neat,JJ,4
nebula,NNP,6
necessarily,RB,4
necessary,JJ,2
necessitate,VB,6
necessitate,NN,6
necessity,NN,4
neck,NN,1
neck,VB,1
neck,JJ,1
necklace,NN,3
necktie,NN,6
nectar,DT,3
nectar,NN,3
nectar,VB,3
nectar,JJ,3
nectar,RB,3
nectar,IN,3
need,NN,4
need,VB,2
need,MD,1
needed,JJ,2.33333333333333
needed,VBN,2.33333333333333
needle,NNP,3
needs,VB,2.33333333333333
needs,NNS,2.33333333333333
negate,NNP,6
negate,JJ,6
negate,VB,6
negate,RB,6
negative,JJ,2
negative,NN,2
neglect,VB,4
neglect,NN,4
negligible,JJ,4.42661435372366
negotiate,VB,3
negotiation,NN,3
neighbor,NN,1
neighborhood,NN,3
neighbour,NN,1
neighbour,VB,1
neighbour,DT,1
neighbour,JJ,1
neighbour,CC,1
neighbourhood,NN,3
neighbourhood,VB,3
neighbourhood,JJ,3
neighbourhood,CC,3
neither,CC,4
neither,DT,4
neither,RB,4
neither,IN,4
neither,PRP,4
nephew,NN,3
nepotism,NN,6
nepotism,JJ,6
nerve,NNP,4
nerve,JJ,4
nervous,JJ,2
nervously,RB,4
nervousness,NN,3
nest,NNP,4.0081152636603
net,NNP,3
net,JJ,2
net,VB,2.5
network,NN,3
network,JJ,3
network,VB,3
networking,NN,3
networking,VB,3
networking,JJ,3
networks,NNS,3
neural,JJ,4.43048761765964
neural,NN,6
neutral,JJ,3
neutrally,RB,3
neutron,NNP,4.07620375123759
neutron,RP,6
neutron,JJ,6
neutron,VB,6
never,NN,1
never,RB,1
never,JJ,1
nevertheless,RB,3
new,JJ,1
new,NN,1
newborn,JJ,3
newest,JJS,1
newlywed,NN,6
newlywed,VBN,6
newlywed,JJ,6
news,NN,1
news,JJ,1
newsletter,NN,4.65166535814796
newsletters,NNS,4.65166535814796
newspaper,NN,1
newspaper,JJ,1
newton,NNP,3.87959182921451
next,NN,2.66666666666667
next,RB,2
next,JJ,2.66666666666667
next,IN,2.66666666666667
next,DT,2
next,PRP,4
nice,JJ,1
niche,NN,5.82217472826258
nickel,JJ,5.78505898473803
nickel,NNP,3.96519166311416
nickname,NN,3
niece,NN,3
niece,JJ,3
nigerian,NNP,6
nigerian,JJ,6
night,NN,1
night,JJ,1
night,RB,1
nightfall,NN,6
nightfall,DT,6
nightfall,VB,6
nightgown,NN,6
nightingale,JJ,1
nightingale,NNP,1
nightmare,NN,4
nightstand,NN,6
nimble,NNP,6
nimble,JJ,6
nine,JJ,1
nine,CD,1
nine,NN,1
nineteen,CD,1
nineteen,JJ,1
nineteenth,JJ,3.10127612415224
nineteenth,NN,6
ninety,CD,1
ninja,NNP,6
ninth,NN,5.04758060818826
ninth,JJ,4.41779042366454
nipple,NN,6
nipple,VB,6
nipple,JJ,6
nitrogen,NN,2.69117414600337
nitrogen,VB,6
nitrogen,JJ,6
no,DT,1
no,RB,1
no,NN,1
no,JJ,1
noble,NNP,4
noble,JJ,4
nobody,NN,2
nobody,PRP,2
nocturnal,NN,6
nocturnal,JJ,6
nocturnal,VB,6
node,JJ,6
node,VB,6
node,NN,3.72693650549827
node,DT,6
noise,NN,1
noisy,JJ,2
nominal,NN,6
nominal,JJ,3.82547898042568
nomination,NN,4
nominee,NN,4
non,JJ,1.32300967242594
non,NN,3.74271692440417
none,NN,3
none,PRP,3
nonetheless,RB,3
nonprofit,NN,4
nonprofit,JJ,4
nonsense,NN,3
nonsense,JJ,3
noodle,NNP,6
noodle,VB,6
noodle,JJ,6
noon,NN,2
nor,CC,3
norm,NN,4.3856402059403
normal,JJ,2
normal,RB,2
north,JJ,2
north,NN,2
north,RB,2
northeast,NNP,3
northeast,RB,3
northeast,JJ,3
northern,JJ,3
northern,NNP,3
northwestern,NN,3
northwestern,JJ,3
northwestern,RB,3
northwestern,VB,3
norwegian,JJ,4.67108601661367
nose,VB,1
nose,NN,1
nostalgia,NN,6
nostalgic,NN,6
nostalgic,JJ,6
nostril,NNP,4
nostril,VB,4
nostril,JJ,4
nostril,RB,4
not,NN,1
not,RB,1
not,VB,1
not,JJ,1
notable,JJ,1
notably,RB,1
notch,DT,6
notch,NN,5.74811743984169
notch,VB,6
notch,JJ,6
notch,IN,6
note,VB,1
note,NN,1
note,JJ,1
notebook,NN,1
notebook,JJ,1
noted,JJ,1
noted,VBN,1
notes,NNS,1
notes,VB,1
noteworthy,NN,6
noteworthy,JJ,4.92011994027384
noteworthy,VB,6
noteworthy,RB,6
nothing,NN,1
nothing,JJ,1
nothing,PRP,1
notice,NN,2
notice,JJ,2.5
notice,VB,3
noticeable,NN,3
noticeable,JJ,3
noticeable,RB,3
noticeably,RB,1
noticeably,IN,1
notification,NN,1
notify,VB,1
notion,NN,3
notorious,JJ,3
notwithstanding,IN,3.31135767723071
notwithstanding,RB,6
nourish,JJ,4
nourish,NN,4
nourish,VB,4
nourish,IN,4
nova,NNP,3.68845233536207
novel,NN,2
novel,JJ,2
novelist,NN,3
november,NNP,1
now,RB,1
now,JJ,2.5
now,NN,2.5
now,CC,4
nowadays,RB,2
nowhere,NN,3
nowhere,RB,3
nozzle,NN,5.09543856361334
nozzle,JJ,6
nozzle,VB,6
nuance,NN,6
nuance,VB,6
nuance,JJ,6
nuclear,JJ,3
nuclear,NN,3
nucleus,NN,3
nucleus,JJ,3
nucleus,IN,3
nucleus,CC,3
nucleus,VB,3
nucleus,RB,3
nude,JJ,6
nude,NN,6
nudge,NN,6
nudge,VB,6
nudge,JJ,6
nugget,NN,6
null,JJ,5.01948618617631
null,NN,6
null,VB,6
null,RB,6
nullify,VB,4.67454776560882
numb,NN,6
numb,JJ,6
numb,VB,6
numb,RB,6
numb,CC,6
number,NN,1
numbers,NNS,1
numeracy,NN,6
numeracy,JJ,6
numerous,JJ,3
nun,JJ,6
nun,NNP,6
nun,VB,6
nurse,NN,1
nurse,VB,3
nursery,NN,4
nursing,NN,2
nursing,VB,2
nurture,VB,6
nurture,NN,6
nurture,JJ,6
nurture,IN,6
nurture,DT,6
nut,NNP,4
nutmeg,NN,6
nutmeg,JJ,6
nutmeg,VB,6
nutrient,NN,3
nutrient,JJ,3
nutrient,VB,3
nutrition,NN,3
nutritious,JJ,3
nutritious,NN,3
nutshell,NN,4
nutshell,JJ,4
nylon,IN,6
nylon,NNP,6
nylon,JJ,6
nylon,RB,6
nylon,VB,6
nylon,DT,6
oak,JJ,2
oak,NNP,2
oar,NN,6
oar,JJ,6
oar,VB,6
oar,RP,6
oar,IN,6
oasis,NNP,6
oath,NNP,4
oats,NNS,6
obedient,NN,4
obedient,JJ,4
obedient,VB,4
obedient,CC,4
obediently,RB,6
obelisk,NNP,6
obesity,NN,5.28655140748042
obesity,JJ,6
obey,VB,4
obey,NN,4
object,VB,4
object,NN,3
objection,NN,3
objective,NN,3
objective,JJ,4
objectively,RB,3.5
objectively,JJ,3.5
objectives,NNS,3.5
objects,NNS,3.5
objects,VB,3.5
obligate,VB,6
obligate,NN,6
obligate,JJ,6
obligation,NN,4
obnoxious,JJ,6
obnoxious,NN,6
obscure,JJ,4.59864690270284
obscure,VB,6
observation,VB,3
observation,NN,3
observation,JJ,3
observation,CD,3
observatory,NN,5.10079408615871
observatory,JJ,6
observe,VB,3
observed,JJ,3
observed,VBN,3
observer,VB,4
observer,IN,4
observer,NNP,4
observer,JJ,4
observer,DT,4
observer,RP,4
obsession,NN,4
obsession,JJ,4
obsolete,JJ,4.94927862058184
obstacle,NN,3
obstinate,NNP,6
obstinate,JJ,6
obstinate,VB,6
obstruct,NN,6
obstruct,JJ,6
obstruct,VB,6
obstruct,IN,6
obtain,VB,3
obtained,VBN,3
obvious,JJ,3
obviously,RB,3
occasion,NN,3
occasion,VB,3
occasional,JJ,3
occasionally,RB,3
occupation,NN,2
occupational,NN,4.57725647950872
occupational,JJ,3.59289118918982
occupied,JJ,3
occupied,VBN,3
occupy,VB,3
occur,VB,3
occurrence,JJ,3
occurrence,NN,3
occurrence,VB,3
ocean,NNP,3
ocean,JJ,3
oceanfront,NNP,6
octagon,NNP,6
octagon,JJ,6
october,NNP,1
october,JJ,1
octopus,NNP,6
octopus,JJ,6
octopus,IN,6
odd,JJ,4
odd,NN,4
oddly,RB,4
odometer,NN,6
odometer,JJ,6
of,IN,1
of,NN,1
of,RP,1
of,JJ,1
of,RB,1
off,NN,2
off,RB,2
off,IN,3
off,RP,2
off,JJ,1
offence,NN,4
offence,VB,4
offend,VB,4
offend,NN,4
offend,CC,4
offend,RB,4
offend,IN,4
offend,JJ,4
offender,NN,4
offender,IN,4
offender,RP,4
offender,JJ,4
offender,VB,4
offense,NN,4
offensive,JJ,3
offensive,NN,3
offer,VB,2
offer,NN,2
offered,VBN,2
offered,JJ,2
offered,NN,2
offering,VBG,2
offering,NN,2
offers,NN,2
offers,VBZ,2
office,NN,1
office,JJ,1
officer,NN,1
officers,NNS,1
offices,NNS,1
official,JJ,2
official,NN,4
officially,RB,3
officials,NNS,3
offline,IN,6
offline,NN,6
offline,JJ,6
offline,PRP,6
offline,VB,6
offline,RP,6
offset,VB,3.50763510521905
offshore,NNP,4
offshore,JJ,4
offshore,RB,4
offspring,NNP,5.13491258006329
offspring,VB,6
offspring,JJ,6
often,NN,1
often,RB,1
often,JJ,1
oh,NN,4.49795369546954
oil,JJ,2
oil,NN,2
oily,JJ,3
ointment,NN,4
ointment,VB,4
ointment,JJ,4
ok,JJ,1
ok,NN,1
ok,RB,1
oklahoma,NNP,3.16300809584868
okra,NNP,6
okra,JJ,6
old,NN,1
old,JJ,1
old,CD,1
older,JJR,1
older,RB,1
older,NN,1
olive,NNP,4
olive,JJ,4
olive,VB,4
olympic,NNP,2
olympic,JJ,2
omega,JJ,6
omega,NNP,6
omega,VB,6
omelet,NNP,2
omit,VB,5.61976117610106
on,RB,2
on,IN,1
on,RP,1.5
on,JJ,1.5
on,NN,1.5
once,RB,1
once,IN,2.5
once,NN,2.5
once,JJ,2.5
once,CC,4
one,CD,1
one,NN,1.33333333333333
one,PRP,2
one,JJ,1.33333333333333
one,RB,1.33333333333333
one,DT,1
ones,NNS,1.33333333333333
ongoing,JJ,3.67944114088499
onion,NN,2
online,PRP,2
online,NN,2
online,JJ,2
online,CD,2
online,VB,2
online,RP,2
online,IN,2
online,RB,2
only,RB,1
only,JJ,1
onset,NN,1.5
onset,IN,1.5
onset,VB,1.5
onset,JJ,1.5
onset,RB,1.5
onset,RP,1.5
onset,DT,1.5
onset,CD,1.5
onset,PRP,1.5
ontario,NNP,3.01645061757706
onto,IN,3
onus,NNP,6
onus,VB,6
onus,JJ,6
onus,IN,6
oops,NN,6
opal,NNP,6
opal,JJ,6
opal,VB,6
open,JJ,1
open,VB,1
open,RB,1
open,NN,1
open,RP,1
opened,VBN,1
opening,VBG,3
opening,NN,3
opening,JJ,3
openly,RB,4
opera,NNP,1
operate,NN,2
operate,VB,2
operating,NN,2
operating,VBG,2
operation,NN,3
operational,JJ,3.0534011433947
operations,NNS,3
operative,NN,5.70676919001703
operative,JJ,3.37570091401939
operative,CD,6
operative,VB,6
operative,IN,6
operative,RP,6
operator,NN,4
opinion,NN,2
opinion,JJ,2
opinions,NNS,2
opponent,NN,4
opportunities,NNS,2
opportunity,NN,2
oppose,VB,2
opposite,JJ,2
opposite,IN,2
opposite,NN,3
opposite,RB,3
opposition,NN,3
oppress,NN,3
oppress,JJ,3
oppress,VB,3
oppression,NN,3
oppression,VB,3
oppression,JJ,3
opt,NN,6
opt,JJ,6
opt,IN,6
opt,RB,6
opt,RP,6
opt,VB,6
opt,PRP,6
optical,NN,6
optical,JJ,2.72839229943828
optician,NN,5.38727699223481
optician,JJ,5.38727699223481
optimal,JJ,3.65391242334006
optimal,NN,6
optimal,VB,6
optimal,IN,6
optimal,RB,6
optimal,RP,6
optimism,NN,4
optimistic,JJ,4
optimistically,RB,4
optimize,VB,6
optimize,NN,6
optimize,JJ,6
option,NN,3
option,JJ,3
optional,NN,4
optional,JJ,4
optional,VB,4
options,NNS,3
opulent,NN,6
opulent,VB,6
opulent,JJ,6
or,CC,1
or,JJ,1
or,NN,1
oral,JJ,4
oral,NN,3
orange,JJ,1
orange,NN,1
orbit,VB,3
orbit,NN,3
orchard,NN,4.73359761548754
orchestra,NNP,3
orchestrate,VB,6
orchid,JJ,4
orchid,NN,4
orchid,VB,4
order,JJ,1.5
order,NN,1
order,VB,2
ordering,VBG,1.5
ordering,NN,1.5
orderly,JJ,3
orderly,NN,3
orders,JJ,1.5
orders,NNS,1.5
ordinarily,RB,3.8914733325498
ordinary,JJ,3
ore,NN,2.75396479183967
ore,VB,6
ore,PRP,6
ore,CD,6
ore,RB,6
ore,IN,6
ore,JJ,6
oregano,NNP,6
organ,JJ,3
organ,NNP,3
organic,JJ,3
organic,NN,3
organisation,NN,3
organisation,JJ,3
organisation,VB,3
organism,NN,3
organism,JJ,3
organization,NN,3
organizational,JJ,3.0311531447022
organizations,NNS,3
organize,VB,2
organized,VB,2
organized,NN,2
organized,JJ,2
orientation,JJ,6
orientation,NN,3.05138156968241
orientation,VB,6
origin,NN,3
original,NN,4
original,JJ,2
originally,RB,4
originate,VB,4
ornament,NN,4
ornament,VB,4
ornament,JJ,4
orphan,JJ,2
orphan,IN,2
orphan,NN,2
orphan,VB,2
orphan,CC,2
oscillate,VB,6
oscillate,NN,6
ostrich,NNP,6
ostrich,JJ,6
ostrich,VB,6
other,NN,1.5
other,JJ,1.5
other,DT,1
other,PRP,2
others,NNS,1.5
otherwise,RB,3
otter,NNP,6
otter,JJ,6
otter,VB,6
otter,IN,6
ottoman,JJ,6
ottoman,NNP,6
ought,VBN,2.06076605880792
ounce,JJ,4
ounce,NN,4
our,NN,1
our,PRP,1
our,PRP$,1
ourselves,PRP,2
out,RB,1
out,IN,1
out,NN,1
out,VB,1
out,RP,1
out,JJ,1
outage,NN,1
outage,JJ,1
outbreak,NN,4
outbreak,JJ,4
outbreak,IN,4
outbreak,VB,4
outcome,NN,4
outdoor,JJ,3
outdoors,NNS,3
outdoors,RB,3
outdoors,IN,3
outdoors,VB,3
outdoors,JJ,3
outdoors,RP,3
outfit,NN,4
outfit,VB,4
outgoing,JJ,6
outgoing,NN,6
outgoing,VB,6
outgoing,RP,6
outlet,NN,4
outlet,JJ,4
outlet,RB,4
outlet,VB,4
outlet,RP,4
outline,VB,3
outline,NN,4
outlook,NN,4
outpatient,NN,4
outpatient,JJ,4
outpatient,VB,4
output,NN,4
outrage,NN,4
outrageous,NN,4
outrageous,JJ,4
outright,JJ,1.33333333333333
outright,RB,1.33333333333333
outside,IN,2
outside,RB,1
outside,JJ,4
outside,NN,4
outskirts,NNS,4
outstanding,JJ,3
outwardly,RB,4
outwardly,NN,4
outwardly,JJ,4
oval,NNP,4
oval,JJ,4
oven,NNP,2
oven,VB,2
oven,RB,2
oven,JJ,2
oven,CD,2
oven,RP,2
over,NN,1.5
over,RB,2
over,JJ,1.5
over,RP,1.5
over,IN,1
overall,RB,4
overall,JJ,4
overall,NN,4
overalls,NNS,6
overbooked,VBN,4
overbooked,JJ,4
overcast,JJ,4
overcast,NN,4
overcoat,NN,4
overcome,VB,3
overcrowding,NN,2
overcrowding,JJ,2
overcrowding,VB,2
overdraft,NN,4
overdraft,VB,4
overdraft,IN,4
overdraft,JJ,4
overdue,JJ,6
overhead,RB,1.5
overhead,NN,1.5
overhead,JJ,1.5
overlap,NN,4
overlap,VB,4
overlap,IN,4
overlap,JJ,4
overlap,RB,4
overlap,RP,4
overlook,VB,4
overlook,NN,4
overlook,JJ,4
overly,RB,4
overnight,JJ,3
overnight,RB,3
overnight,NN,3
overpass,NN,2
overpass,VB,2
overseas,RB,2
overseas,NNP,3
overseas,JJ,4
oversight,NN,1
overthrow,NN,4
overthrow,VB,4
overthrow,JJ,4
overtime,RB,4
overtime,NN,4
overview,JJ,2.5
overview,NN,2.5
overview,IN,2.5
overview,VB,2.5
overview,RP,2.5
overweight,VB,2
overweight,PRP,2
overweight,JJ,2
overweight,NN,2
overweight,RB,2
overweight,IN,2
overweight,CC,2
overwhelm,NN,3
overwhelm,VB,3
overwhelm,JJ,3
overwhelm,IN,3
overwhelm,RP,3
overwhelmed,VB,3
overwhelmed,JJ,3
owe,VB,3
owing,RB,3
owing,JJ,3
owing,VBG,3
owing,NN,3
owing,IN,3
owl,NNP,4
owl,JJ,4
owl,IN,4
owl,VB,4
owl,RB,4
own,JJ,1
own,VB,3
own,PRP,2
owned,VBN,2
owned,CD,2
owned,JJ,2
owner,NN,1
owner,JJ,1
owners,NNS,1
ownership,NN,2
ox,NNP,4
oxidation,NN,3.55195696553286
oxidation,JJ,6
oxidation,VB,6
oxygen,NN,3
oyster,JJ,6
oyster,NNP,5.86125790605549
oyster,IN,6
oyster,RB,6
oyster,VB,6
pace,NN,3
pace,VB,3
pacific,NNP,2
pacific,JJ,2
pacify,VB,4.21448447575757
pack,VB,2
pack,NN,2
package,VB,3
package,NN,3
package,JJ,3
packages,VB,3
packages,NNS,3
packer,NN,2
packer,VB,2
packer,JJ,2
packet,NN,4
pact,NN,4.96484895416233
pad,NN,4
padlock,NN,6
padlock,VB,6
paediatric,NN,6
paediatric,JJ,6
page,JJ,1
page,NN,1
pages,NNS,1
paid,JJ,3
paid,VBN,3
pail,NNP,6
pail,JJ,6
pail,VB,6
pain,NN,3
painful,JJ,3
painfully,RB,3
painkiller,NNP,6
painkiller,JJ,6
painstaking,VB,6
painstaking,JJ,6
painstaking,NN,6
paint,VB,1
paint,NN,1
painter,NN,2
painting,JJ,1
painting,VB,1
painting,NN,1
pair,NN,1
pair,VB,1
pajama,NN,6
pajamas,NNS,4
pakistani,JJ,3.22302540202229
pakistani,NNP,3.22302540202229
palace,NNP,1
pale,JJ,3
pale,NN,3
pale,RB,3
pale,VB,3
palette,NNP,6
palette,VB,6
palm,NN,3
palm,VB,3
palm,JJ,3
paltry,NN,6
paltry,JJ,6
paltry,VB,6
pamphlet,NN,4.6886159935992
pamphlet,VB,6
pamphlet,JJ,6
pan,JJ,2
pan,NN,2
pan,VB,2
pancake,NN,4
pancake,VB,4
pancake,JJ,4
pancreas,NNP,5.79195913723074
pancreas,JJ,6
pancreas,VB,6
panda,NN,6
panel,JJ,4
panel,NN,4
panic,NN,2
panic,VB,4
panther,NNP,6
panther,VB,6
panther,JJ,6
pantry,NN,6
pantry,JJ,6
pants,NNS,1
papa,NNP,5.11531696200411
papaya,NN,4
papaya,JJ,4
paper,NN,1
paper,JJ,1
paperback,JJ,6
paperback,NN,6
paperback,VB,6
paperback,RB,6
paperback,IN,6
papers,NNS,1
paperwork,NN,4
paperwork,VB,4
paprika,NNP,6
paprika,JJ,6
paprika,IN,6
paprika,CC,6
paprika,VB,6
parachute,NN,3
parachute,JJ,3
parachute,VB,3
parade,NN,4
paradigm,NN,4.57662346550786
paradigm,JJ,6
paradigm,VB,6
paradise,NNP,3
paradox,NNP,4
paragraph,NN,1
paragraph,VB,1
paragraph,IN,1
paragraph,RB,1
paragraph,JJ,1
parakeet,NN,6
parallel,NNP,4.00100835737098
parallel,JJ,3.2752196102026
parallel,RB,4.28163806393059
parallel,VB,3.89622831878681
paralyze,VB,3
paramedic,JJ,4
paramedic,NNP,4
parameters,NNS,3.16915708735605
parameters,VB,3.16915708735605
paramount,JJ,5.37416972533077
paramount,NN,6
paranoid,JJ,6
paranoid,NN,6
paranoid,VB,6
paraphrase,NN,6
paraphrase,VB,6
paraphrase,JJ,6
parasite,NNP,5.53499522092211
parasite,JJ,6
parasite,VB,6
parcel,JJ,3
parcel,VB,3
parcel,NN,3
parchment,NN,6
parchment,JJ,6
parchment,VB,6
pardon,IN,2
pardon,NN,1
pardon,VB,3
pardon,RB,2
pardon,JJ,2
pardon,CC,2
parent,NN,1
parent,JJ,1
parental,JJ,3
parents,NNS,1
parish,VB,2.88716323093868
parish,JJ,2.88716323093868
parish,NNP,2.88716323093868
park,NN,1
park,VB,2
parka,NNP,1.5
parking,VB,3
parking,NN,3
parking,JJ,3
parks,NNS,1.5
parliament,NN,4
parliamentary,JJ,3.49697306275001
parody,NN,6
parole,NNP,4.70878579564537
parole,JJ,6
parole,VB,6
parrot,NN,3
parrot,VB,3
parrot,JJ,3
parsley,NNP,6
parsley,VB,6
parsley,RB,6
parsley,JJ,6
part,VB,4
part,JJ,3
part,NN,2
part,RB,3
partial,JJ,3
partially,RB,3
participant,NN,3
participants,NNS,3
participate,VB,3
participation,NN,4
particle,NN,4
particle,JJ,4
particle,VB,4
particular,JJ,4
particular,NN,4
particular,RB,4
particularly,RB,3
parties,VB,1
parties,NNS,1
partisan,JJ,4
partisan,NN,4
partition,NN,4.21846148920998
partition,VB,6
partition,JJ,6
partner,NN,1
partners,NNS,1
partnership,NN,4
parts,NNS,3
parts,JJ,3
party,NN,1
party,JJ,1
pass,NN,2
pass,JJ,2
pass,VB,2
passage,NN,2
passed,JJ,2
passed,VBN,2
passenger,NN,2
passion,NN,3
passionate,JJ,4
passionately,NN,4
passionately,RB,4
passionately,JJ,4
passionately,VB,4
passive,JJ,3
passive,NN,3
passively,RB,2
passively,NN,2
passively,VB,2
passively,JJ,2
passport,NN,3
password,NN,3
password,JJ,3
password,VB,3
past,RB,1
past,NN,1.66666666666667
past,JJ,3
past,IN,1
pasta,NN,2
pasta,JJ,2
pasta,VB,2
paste,NN,1.66666666666667
paste,VB,1.66666666666667
paste,JJ,1.66666666666667
pastor,NN,4
pastry,NN,6
pastry,VB,6
pastry,JJ,6
pasture,NN,1.66666666666667
pat,NNP,4.01819394174777
pat,VB,6
patch,NN,4
patent,VB,6
patent,NN,2.38391445334178
patent,JJ,6
path,NN,2
pathetic,NN,6
pathetic,JJ,5.90799167284924
pathogen,NN,6
pathogen,VB,6
pathogen,JJ,6
pathway,NN,4.45842222273248
pathway,VB,6
pathway,JJ,6
patience,NN,3
patient,JJ,3
patient,NN,2
patiently,RB,4
patiently,VB,4
patiently,JJ,4
patients,NNS,2.5
patio,NNP,6
patio,VB,6
patriot,NNP,4
patriotic,JJ,4
patrol,VB,3
patrol,NNP,3
patron,NNP,4
pattern,NN,3
patterns,NNS,3
pause,NN,3
pause,VB,3
pavement,NN,4
pavilion,NNP,6
pay,JJ,1
pay,NN,1
pay,VB,1
payment,NN,4
payments,NNS,4
payroll,NNP,4.07336356427934
peace,JJ,1
peace,NN,1
peaceful,JJ,2
peach,NN,4
peach,JJ,4
peach,VB,4
peacock,NN,6
peacock,JJ,6
peak,VB,4
peak,NN,4
peak,JJ,4
peanut,IN,3
peanut,NNP,3
peanut,VB,3
pearl,NNP,4
peat,NN,5.06313754848746
pebble,JJ,4
pebble,NN,4
pebble,VB,4
peculiar,JJ,3
pedagogy,NN,5.99357398182822
pedal,NN,4
pedal,JJ,4
pedal,VB,4
pedestrian,JJ,4
pedestrian,NNP,4
pedestrian,VB,4
peek,JJ,6
peek,NN,6
peek,VB,6
peel,JJ,4
peel,NN,4
peel,VB,4
peeler,NN,4
peeler,JJ,4
peer,NN,4
peer,VB,4
peer,RP,4
peer,IN,4
peer,JJ,4
peg,NN,4
peg,VB,4
pelican,NNP,6
pelican,JJ,6
pen,NN,1
pen,JJ,1
penalty,NN,4
penalty,JJ,4
pencil,NN,1
pencil,JJ,1
pendant,NN,6
pendant,JJ,6
pendant,VB,6
pending,NN,6
pending,VB,6
pending,JJ,6
penetrate,VB,4
penetration,NN,4.11974358380569
penguin,NNP,4
penguin,JJ,4
penguin,IN,4
penguin,VB,4
peninsula,NN,4.00319305232928
penny,NNP,3
penny,JJ,3
pension,NN,4
pension,JJ,4
pentagon,NNP,4
penthouse,NNP,6
people,NNS,1
people,JJ,1
pepper,NN,2
per,JJ,3
per,IN,3
per,NN,3
perceive,VB,4
perceive,NN,4
perceive,JJ,4
percent,NN,3
percentage,NN,4
perception,NN,4
perch,NNP,6
perch,JJ,6
perch,VB,6
perfect,JJ,2
perfect,NN,2
perfection,NN,2
perfection,VB,2
perform,VB,2
performance,NN,2
performance,JJ,2
performed,VBN,2
performer,JJ,3
performer,NN,3
perfume,NN,2
perhaps,RB,2
period,NN,1
period,JJ,1
periscope,NNP,6
periscope,VB,6
periscope,JJ,6
perish,VB,3
perish,NNP,3
perish,JJ,3
perl,NN,6
perl,JJ,6
perl,VB,6
permanent,JJ,3
permanently,RB,3
permeate,NNP,4
permeate,VB,4
permeate,JJ,4
permission,NN,2
permit,NN,3
permit,VB,3
perpendicular,NN,5.78340307624119
perpendicular,IN,6
perpendicular,JJ,5.69884376417227
perpendicular,VB,6
perpendicular,RB,6
perpendicular,RP,6
perpetuate,VB,6
perpetuate,JJ,6
persecute,VB,6
persecution,NN,5.07922932994415
persecution,VB,6
persian,NNP,5.0416994943602
persian,JJ,5.40525141202816
persist,VB,4
persistent,NN,4
persistent,JJ,4
persistently,NN,4
persistently,RB,4
persistently,VB,4
persistently,JJ,4
person,JJ,1
person,NN,1
persona,NN,1
persona,IN,1
persona,JJ,1
persona,VB,1
personal,JJ,1
personal,NN,1
personality,NN,2
personality,JJ,2
personally,RB,3
personals,VB,1
personals,NNS,1
personnel,NN,4
personnel,JJ,4
persons,NNS,1
perspective,NN,4
persuade,VB,3
pessimism,NN,6
pessimism,VB,6
pessimistic,JJ,4
pesticide,NN,5.15706134116631
pet,NNP,1
pet,JJ,1
petal,NNP,1
petal,JJ,1
petal,VB,1
petition,NN,2.0375031900719
petition,VB,6
petrol,NNP,2
petrol,JJ,2
petrol,VB,2
petroleum,NN,2.59008321718504
petroleum,JJ,6
pets,NNS,1
pets,VB,1
petty,JJ,4
petty,NNP,4
phantom,NN,3
phantom,JJ,3
phantom,VB,3
pharmaceutical,NN,5.87572270140612
pharmaceutical,JJ,5.04463258523762
pharmacist,NN,4
pharmacist,JJ,4
pharmacy,NN,3
pharmacy,JJ,3
pharmacy,VB,3
phase,NN,4
phase,VB,4
phenomena,NN,3
phenomenal,NN,6
phenomenal,JJ,6
phenomenon,NN,3
philippine,JJ,5.977942960643
philippine,NNP,4.89330664774075
philosopher,NNP,3
philosopher,JJ,3
philosopher,RB,3
philosopher,VB,3
philosophical,JJ,4
philosophy,NN,3
phone,NN,1
phone,VB,1
phone,JJ,1
phones,NNS,1
photo,NN,1
photo,JJ,1
photograph,NN,2
photograph,VB,4
photographer,NN,2
photographer,VB,2
photographer,JJ,2
photographic,JJ,3
photography,NN,2
photography,JJ,2
photography,VB,2
photos,NNS,1
photosynthesis,NN,6
photosynthesis,JJ,6
photosynthesis,VB,6
photosynthesis,CC,6
phrase,NN,3
physical,NN,2
physical,JJ,2
physically,RB,2
physician,NN,4
physician,JJ,4
physics,NNS,3
physiotherapy,NN,6
physiotherapy,JJ,6
pianist,NNP,6
piano,NN,1
piano,JJ,1
pic,JJ,6
pic,NN,6
pic,VB,6
pick,VB,1
pick,NN,3
pick,JJ,2
pickaxe,NNP,6
picket,NN,6
pickle,NN,4
pickle,VB,4
pickle,JJ,4
pickled,NN,4
pickled,VB,4
pickled,JJ,4
pickup,NN,5.66400821783528
picnic,NNP,1
picnic,VB,1
picnic,JJ,1
pics,NNS,6
picture,NN,1
picture,VB,4
picture,JJ,2.5
pictures,NNS,2.5
pictures,VB,2.5
picturesque,NN,4
picturesque,JJ,4
piece,JJ,1
piece,NN,1
piece,VB,1
pieces,NNS,1
pier,NNP,6
pier,RP,6
pier,VB,6
pier,RB,6
pier,JJ,6
pierce,NNP,4.538708024152
pig,NN,1
pig,JJ,1
pigeon,NNP,5.85957948120812
pigeon,JJ,6
pigeon,VB,6
piglet,NNP,6
pile,NN,2
pile,VB,2
pilgrim,NNP,2
pilgrim,JJ,2
pilgrim,VB,2
pilgrimage,NN,5.65056201429749
pill,NN,2
pill,JJ,2
pillar,NN,5.33381799856845
pillow,NN,3
pillow,JJ,3
pillow,VB,3
pilot,JJ,2
pilot,NN,2
pin,VB,3
pin,JJ,3.5
pin,NNP,4
pinch,NN,6
pinch,VB,6
pinch,JJ,6
pine,JJ,4
pine,NN,4
pineapple,NNP,3
pineapple,VB,3
ping,NN,6
ping,JJ,6
ping,VBG,6
pink,NN,2
pink,JJ,1
pint,NN,4
pint,JJ,4
pioneer,NN,4.0245276971428
pious,NN,6
pious,JJ,5.53891299347029
pipe,NN,3
pipeline,NN,4.02112508096607
pipeline,JJ,6
pirate,NN,4
pirate,JJ,4
pirate,VB,4
pistol,NNP,5.11307563065836
pistol,JJ,6
pistol,VB,6
piston,NNP,4.44216463080239
piston,IN,6
piston,VB,6
piston,JJ,6
piston,RP,6
pit,NN,3
pit,VB,3
pitch,JJ,4
pitch,NN,4
pitch,VB,4
pitcher,NN,4
pitcher,JJ,4
pity,NN,2
pity,VB,2
pixel,NN,6
pixel,VB,6
pixel,JJ,6
pizza,NN,1
place,VB,3
place,NN,1
place,JJ,2
placebo,NNP,5.8526848395583
placebo,IN,6
placebo,VB,6
placebo,JJ,6
placed,VBN,2
placement,NN,3.49071519855025
places,NNS,2
places,VB,2
plagiarism,NN,6
plagiarize,VB,6
plague,NNP,4
plague,JJ,4
plague,VB,4
plain,JJ,3
plain,NN,3
plain,RB,3
plaintiff,NN,1.73886229803259
plan,JJ,2
plan,NN,1
plan,VB,3
plane,NN,1
plane,JJ,1
planet,NN,2
plank,NN,5.97622812901906
plank,JJ,6
plank,VB,6
planning,VB,4
planning,NN,4
planning,JJ,4
plans,NNS,2
plans,VB,2
plant,VB,3
plant,JJ,2.5
plant,NN,2
plantation,NN,2.5
plants,NNS,2.5
plaque,NN,5.83921173977571
plaque,JJ,6
plaque,VB,6
plasma,NN,2.71705517993157
plasma,JJ,6
plasma,RP,6
plasma,VB,6
plasma,IN,6
plaster,NN,4.85784247104764
plastic,JJ,2
plastic,NN,3
plate,NN,2
plateau,NN,4.52481328050042
plateau,VB,6
plateau,JJ,6
platform,NN,3
platinum,NN,4.82894172343701
platter,NN,6
platter,VB,6
plausible,JJ,4.96628630055798
plausible,NN,6
play,NN,1
play,VB,1
played,VBN,1
played,JJ,1
player,NN,1
player,JJ,1
players,NNS,1
playground,NN,2
playground,VB,2
playground,JJ,2
playing,VBG,1
playing,NN,1
playing,JJ,1
playoff,NN,6
playwright,NN,4
plaza,NN,4.69489911856003
plea,NN,3.81293393268472
plea,VB,6
plead,VB,4
pleasant,NN,2
pleasant,JJ,2
please,RB,1
please,VB,3
pleasure,NN,1
pleasure,VB,1
pledge,NN,4.57291331072691
plenty,RB,2.5
plenty,JJ,2.5
plenty,NN,2
plenty,PRP,3
pliers,NNS,3
pliers,VB,3
plot,NN,4
plot,VB,4
plough,NN,6
plow,NN,6
plow,VB,6
plug,NN,3
plug,VB,4
plug,JJ,3.5
plum,NN,4
plum,JJ,4
plum,VB,4
plumage,NN,4
plumage,JJ,4
plumage,VB,4
plumber,NN,4
plumber,JJ,4
plumber,CC,4
plume,NN,4
plume,JJ,4
plume,VB,4
plump,JJ,6
plump,NN,6
plump,VB,6
plunge,NN,6
plunge,VB,6
plus,JJ,3
plus,NN,4
plus,CC,3
plus,CD,3
plus,IN,2
plutonium,NN,5.84650749580915
plutonium,JJ,6
plutonium,VB,6
plywood,NNP,5.62183787731605
plywood,VB,6
plywood,JJ,6
pneumonia,NN,4
poach,VB,6
poach,NN,6
pocket,NN,1
pocket,VB,1
pod,NN,6
pod,VB,6
pod,JJ,6
podium,NN,6
poem,NN,1
poet,NN,3
poetic,JJ,3
poetic,NN,3
poetry,NN,3
point,NN,1
point,VB,2
point,JJ,1.5
point,RB,1.5
pointed,JJ,1.5
pointed,VBN,1.5
pointless,JJ,4
pointless,NN,4
pointless,VB,4
points,NNS,1.5
points,VB,1.5
poised,VBN,6
poison,NN,3
poison,JJ,3.5
poison,VB,4
poker,NN,6
poker,JJ,6
polar,JJ,4.3500139781915
polar,NN,6
pole,NN,3
police,NNS,2
police,JJ,2
police,VB,2
policeman,NN,2
policies,NNS,3
policy,NN,3
policy,JJ,3
policy,VB,3
polish,NN,4
polish,JJ,4
polish,VB,4
polite,JJ,2
politely,RB,3
political,JJ,2
political,NN,2
politics,NNS,3
poll,NN,4.95361147112134
poll,JJ,6
poll,VB,6
pollen,NN,4.87390023544822
pollen,JJ,6
pollen,VB,6
pollinate,JJ,6
pollinate,VB,6
pollinate,NN,6
pollutant,NN,3
pollutant,JJ,3
pollutant,VB,3
pollution,NN,1
pollution,JJ,1
polo,NNP,4
polo,JJ,4
polo,VB,4
polyester,NN,6
polyester,JJ,6
polyester,IN,6
polyester,VB,6
polymer,NN,5.1539253233823
polymer,JJ,5.1539253233823
polymer,VB,5.1539253233823
pompous,NN,6
pompous,JJ,6
poncho,NNP,6
pond,NN,3
ponder,NN,4
ponder,JJ,4
ponder,VB,4
ponderous,JJ,3
pony,NN,5.94795112175008
pool,NN,1
pool,VB,1
poor,NN,1
poor,JJ,1
pop,VB,4
pop,NN,1
pop,JJ,2.5
popcorn,NN,3
popcorn,VB,3
popcorn,JJ,3
pope,NN,3.34126025705265
poplar,NNP,6
poplar,JJ,6
poplar,VB,6
popular,JJ,2
popular,NN,2
popularity,NN,4
populate,NN,2.5
populate,VB,2.5
population,JJ,2
population,NN,2
porcelain,NN,5.31727528440544
porcelain,JJ,6
porcelain,VB,6
porch,NN,4
porcupine,NNP,6
porcupine,JJ,6
pork,NN,3
pork,JJ,3
porridge,NN,6
porridge,VB,6
porridge,JJ,6
port,NN,3
port,JJ,3
portable,JJ,3
portable,NN,3
portal,NNP,3
portal,JJ,3
portal,VB,3
porter,NN,3
porter,VB,3
porter,JJ,3
portfolio,NN,3.94559104412924
portion,NN,4
portrait,NN,2
portuguese,NN,4.8909121066214
portuguese,JJ,5.21484975725688
portuguese,RB,6
portuguese,VB,6
pose,VB,4
pose,NN,4
position,NN,2
position,VB,2
positions,NNS,2
positions,VB,2
positive,JJ,3
positive,NN,3
positively,RB,3
possess,VB,3
possession,NN,3
possibility,NN,3
possible,JJ,2
possible,RB,2
possibly,RB,2
post,NN,1
post,VB,2
post,IN,1.5
post,JJ,1.5
postal,JJ,4
postal,NNP,4
posted,VBN,1.5
poster,NN,1
posters,NNS,1
posters,VB,1
postgraduate,NN,6
postgraduate,JJ,6
postgraduate,VB,6
posting,VB,1.5
postpone,VB,4
posts,NNS,1.5
postulate,NN,1.5
postulate,RB,1.5
postulate,JJ,1.5
postulate,VB,1.5
pot,NN,3
pot,VB,3
potato,NNP,1
potent,JJ,4
potential,JJ,4
potential,NN,3
potentially,RB,4
potter,NN,3
potter,VB,3
pottery,NN,3
pottery,VB,3
pottery,JJ,3
poultry,JJ,6
poultry,NN,3.51174612390287
poultry,VB,6
pounce,NN,6
pounce,VB,6
pound,JJ,3.5
pound,NN,3
pound,VB,4
pour,VB,2
poverty,NN,3
powder,NN,3
powder,VB,4
power,NN,2
power,JJ,2
powered,JJ,2
powered,VBN,2
powerful,JJ,2
practical,JJ,3
practically,RB,4
practice,NN,1
practice,JJ,1
practice,VB,1
practices,NNS,1
pragmatic,JJ,5.26160713642551
prairie,NNP,4.35862984619369
praise,VB,4
praise,NN,3
prank,NN,6
prank,VB,6
prank,JJ,6
prawn,NN,4
prawn,VB,4
prawn,JJ,4
pray,VB,1
pray,JJ,1
prayer,NN,3
pre,JJ,2.17331660943555
pre,NN,4.36417303760923
pre,VB,5.13938673171123
preach,VB,5.4921606385719
preach,NN,6
preach,RB,6
preach,JJ,6
precarious,JJ,5.96747407189981
precede,NN,4
precede,VB,4
precede,RB,4
precede,JJ,4
precedent,NN,4.38806715702707
precious,JJ,3
precious,NN,3
precious,RB,3
precipitation,NN,3.63969332753237
precipitation,JJ,6
precipitation,VB,6
precise,JJ,2
precisely,RB,4
precision,NN,3.40878143041327
preclude,VB,4.81822885912673
predator,NN,6
predator,JJ,6
predator,VB,6
predecessor,NN,4.87974727128241
predict,VB,2
predictable,JJ,4
prediction,NN,2
predominant,NN,6
predominant,JJ,5.12022155877732
predominant,RB,6
predominant,VB,6
predominantly,NN,6
predominantly,RB,4.28099659089879
predominantly,JJ,6
preface,NN,4.28039431264297
preface,VB,6
preface,RB,6
prefer,VB,2
preferably,RB,4
preference,NN,3
pregnancy,NN,3.25300410850945
pregnant,JJ,3
preheat,NN,2.5
preheat,VB,2.5
preheat,RB,2.5
preheat,JJ,2.5
prejudice,NN,3
prejudice,VB,3
prejudice,JJ,3
preliminary,JJ,4
premature,JJ,4.65433049354887
premier,NNP,4.84574855168632
premier,JJ,6
premiere,NNP,4.49273533139754
premiere,JJ,4.49273533139754
premiere,VB,4.49273533139754
premise,NN,5.0617786916698
premise,VB,6
premise,JJ,6
premium,NN,3.27733748336796
premium,JJ,6
prep,JJ,6
prep,NN,6
prep,VB,6
preparation,NN,3
prepare,VB,2
prepare,JJ,2
prepared,JJ,3
prepared,VBN,3
prerequisite,NN,5.09758546057111
prerequisite,JJ,6
prerequisite,RB,6
prerequisite,VB,6
preschool,JJ,3
preschool,NN,3
preschool,RB,3
preschool,VB,3
prescription,NN,3
prescription,JJ,3
presence,NN,3
present,RB,2.66666666666667
present,VB,4
present,JJ,3
present,NN,1
presentation,NN,3
presented,VBN,2.66666666666667
preservation,NN,3
preservation,JJ,3
preservation,VB,3
preserve,NN,3
preserve,VB,3
presidency,NN,4
president,NN,3
president,JJ,3
presidential,JJ,4
press,VB,3
press,NN,3
pressure,VB,2
pressure,JJ,2
pressure,NN,2
prestige,NNP,4
prestigious,JJ,4
presumably,RB,4
presume,NN,1
presume,VB,1
presume,RB,1
presupposition,NN,6
pretend,VB,2
pretend,JJ,4
pretentious,JJ,6
pretty,RB,2
pretty,JJ,1
pretty,NN,1.5
pretzel,NN,6
pretzel,JJ,6
prev,NN,1.96017694581305
prev,RB,1.96017694581305
prev,VB,1.96017694581305
prev,JJ,1.96017694581305
prevail,VB,4
prevalent,NN,6
prevalent,JJ,4.57509955224889
prevalent,RB,6
prevalent,VB,6
prevent,VB,2
prevention,NN,4
preview,NN,2.5
preview,VB,2.5
preview,JJ,2.5
previous,JJ,3
previously,RB,4
prey,NNP,4.46710768374388
prey,VB,6
price,NN,1
price,JJ,2.5
price,VB,4
prices,NNS,2.5
pricing,NN,2.5
pricing,VB,2.5
pride,NN,2
priest,NN,3
primarily,RB,3
primary,JJ,4
primary,NN,4
prime,NN,4
prime,JJ,4
primitive,JJ,3
prince,NNP,1
princess,NNP,1
princess,JJ,1
principal,JJ,2
principal,NN,4
principle,NN,3
principles,NNS,3
print,VB,2
print,NN,3
printable,JJ,2.5
printable,NN,2.5
printed,NN,2.5
printed,VBN,2.5
printed,JJ,2.5
printer,NN,2
printers,NNS,2
printing,JJ,2.5
printing,NN,2.5
printing,VB,2.5
prints,NNS,2.5
prints,VB,2.5
prior,RB,4
prior,JJ,4
prioritize,NN,6
prioritize,VB,6
priority,JJ,4
priority,NN,4
prism,NN,5.88074000649402
prism,JJ,6
prison,NN,3
prisoner,NN,3
prisoner,JJ,3
pristine,JJ,6
pristine,NNP,6
pristine,VB,6
privacy,NN,3
privacy,JJ,3
private,JJ,2
private,NN,2
private,RB,2
privately,RB,4
privilege,NN,4
privileged,NN,4
privileged,JJ,4
prize,JJ,3
prize,NN,3
pro,NN,2
pro,JJ,2
probability,NN,3
probable,NN,4
probable,JJ,4
probably,RB,2
probably,NN,2
probation,NN,4.12127713001165
probation,JJ,6
probation,VB,6
probe,NN,4
probe,VB,4
probe,JJ,4
problem,JJ,1
problem,NN,1
problematic,JJ,1
problematic,NN,1
problems,NNS,1
procedure,NN,4
procedures,NNS,4
proceed,VB,3
proceedings,NNS,3.5
process,NN,3
process,VB,4
processes,VB,3.5
processes,NNS,3.5
processing,NN,3.5
processing,VB,3.5
processing,JJ,3.5
processor,NN,3.5
proclaim,VB,3
procure,NN,3.07156104119229
procure,IN,3.07156104119229
procure,VB,3.07156104119229
procure,JJ,3.07156104119229
produce,NN,2
produce,VB,2
produced,VBN,2
produced,JJ,2
producer,NN,3
producer,JJ,3
product,NN,2
product,JJ,2
production,NN,2
production,JJ,2
productive,JJ,3
productivity,NN,2
products,NNS,2
products,JJ,2
profession,NN,3
professional,JJ,2
professional,NN,4
professionals,NNS,3
professor,NN,3
proficiency,NN,5.45519406557314
proficiency,JJ,6
proficiency,VB,6
profile,JJ,4
profile,VB,4
profile,NN,4
profiles,VB,4
profiles,NNS,4
profit,VB,4
profit,NN,4
profit,JJ,4
profitable,JJ,4
profound,JJ,4
profoundly,RB,4
program,NN,1
program,VB,3
program,JJ,2
programme,NN,1
programme,JJ,2
programme,VB,3
programmer,NN,4
programmer,JJ,4
programmer,VB,4
programming,NN,4
programming,JJ,4
programming,VB,4
programs,NNS,2
progress,NN,3
progress,VB,4
progression,NN,3.5
progression,VB,3.5
progression,JJ,3.5
prohibit,VB,4
prohibition,NN,3
project,NN,4
project,JJ,4
project,VB,4
projection,NN,4
projector,NN,4
projector,JJ,4
projector,VB,4
projects,VB,4
projects,NNS,4
prolong,NN,1.5
prolong,VB,1.5
prolong,RB,1.5
prolong,JJ,1.5
prom,VB,4
prom,NN,4
promenade,NN,6
promenade,VB,6
promenade,JJ,6
prominent,JJ,3
promise,VB,3
promise,NN,2
promo,NN,6
promo,VB,6
promote,VB,3
promotion,NN,3
promotional,JJ,5.50383893413541
prompt,JJ,4
prompt,VB,4
prompt,NN,4
promptly,RB,4
prone,JJ,4.84120199962544
prone,RB,6
prong,NNP,6
prong,JJ,6
prong,RB,6
prong,VB,6
proof,JJ,3
proof,NN,3
prop,NN,5.96602554000592
prop,VB,6
propaganda,NN,3.93572981639582
propagate,NNP,5.70958516858626
propagate,VB,5.70958516858626
propagate,JJ,5.70958516858626
propel,NN,6
propel,VB,6
propeller,NNP,5.57103279016897
propeller,JJ,6
propeller,VB,6
proper,JJ,2
properly,RB,3
properties,NNS,3
property,NN,3
property,JJ,3
prophecy,NN,5.2389064446594
prophecy,VB,6
prophecy,RB,6
prophecy,JJ,6
prophet,NN,3.9841031230504
proportion,NN,3
proposal,NN,3
propose,VB,3
proposed,VBN,4
proposed,JJ,4
proposition,NN,3.13763716481913
prose,NN,4
prosecute,VB,4
prosecute,NN,4
prosecute,RB,4
prosecute,JJ,4
prosecution,NN,3.32075813122639
prosecutor,NN,4.6956466522565
prospect,NN,4
prospective,JJ,4
prosperity,NN,3
prosperous,JJ,3
prostitution,NN,5.62617819253742
prostitution,JJ,6
protect,VB,3
protected,VBN,3
protected,JJ,3
protection,NN,3
protection,JJ,3
protective,JJ,3
protective,NN,3
protein,NN,1.98484922860772
protest,NNP,3
protest,VB,4
protesters,NNS,2.5
protocol,NN,3.40290756769243
proton,NNP,4
proton,IN,4
proton,VB,4
proton,RP,4
proton,JJ,4
prototype,NN,4.61070740894422
proud,JJ,3
proudly,RB,4
prove,VB,3
proven,VBN,4
proven,JJ,4
provide,VB,2
provided,VBN,3
provided,CC,3
providence,NN,3.98597152412376
provider,NN,4.09673591065888
providers,NNS,4.09673591065888
providers,VB,4.09673591065888
provides,VB,2
providing,VBG,2
providing,IN,2
province,NN,4
province,JJ,4
provincial,JJ,3.10442725143885
provision,NN,4
provisions,NNS,4
provoke,NNP,6
provoke,VB,5.91581703577621
provoke,IN,6
provoke,JJ,6
proximity,NN,4
proximity,VB,4
proximity,JJ,4
proxy,NN,5.659419661079
proxy,JJ,6
prudent,JJ,5.06726403068172
prune,NNP,6
prune,VB,6
prune,JJ,6
psychiatric,NN,5.72979746572124
psychiatric,JJ,4.25089866881158
psychiatrist,NN,4.1717245393062
psychiatrist,JJ,4.1717245393062
psychic,JJ,5.33777698314429
psychic,NN,6
psychic,VB,6
psycho,NN,6
psycho,JJ,6
psycho,VB,6
psychological,JJ,3
psychologist,NN,2
psychology,NN,4
pub,NN,3
pub,JJ,3
pub,VB,3
pub,IN,3
public,NN,2
public,JJ,3
publication,JJ,4
publication,NN,4
publications,NNS,4
publicity,NN,4
publicity,JJ,4
publicize,NN,4
publicize,VB,4
publicly,RB,3
publish,VB,2
published,VBN,2
published,JJ,2
publisher,NN,3
publishing,NN,2
publishing,JJ,2
publishing,VB,2
puddle,NN,6
puddle,JJ,6
puddle,VB,6
pull,NN,2
pull,VB,2
pulley,NNP,6
pulp,NN,3.75699158184954
pulse,VB,4
pulse,NN,4
pump,NNP,3
pump,VB,3
pumpkin,NNP,4
pumpkin,JJ,4
pumpkin,VB,4
punch,NN,4
punch,VB,4
punctual,JJ,4
punctual,NN,4
punctuation,NN,2
punctuation,VB,2
pungent,JJ,6
punish,VB,3
punishment,NN,3
punk,NN,6
punk,VB,6
punk,JJ,6
pupil,NN,3
puppet,NNP,6
puppet,JJ,6
puppet,VB,6
puppy,NN,3
puppy,JJ,3
puppy,VB,3
purchase,JJ,4
purchase,NN,4
purchase,VB,4
pure,JJ,3
puree,NNP,3
puree,VB,3
purely,RB,3
purity,NN,4.06109162753511
purple,NN,1
purple,JJ,2
purpose,NN,2
purpose,JJ,2
purposefully,RB,6
purposefully,VB,6
purposes,NN,2
purse,NN,3
pursue,VB,2
pursuit,NN,4
push,NN,3
push,VB,1
push,JJ,2
put,VB,1
put,NN,1
put,JJ,1
puzzle,NN,3
puzzle,VB,3
pylon,NN,6
pylon,IN,6
pylon,JJ,6
pyramid,NN,5.48982154957174
pyramid,JJ,6
pyramid,VB,6
python,NNP,6
python,JJ,6
quad,JJ,6
quad,NN,6
quad,VB,6
quail,NNP,6
quail,JJ,6
quail,VB,6
quaint,JJ,6
qualification,JJ,4
qualification,NN,4
qualification,VB,4
qualified,VB,3
qualified,JJ,3
qualify,VB,3
qualitative,NN,6
qualitative,JJ,4.06578110488061
qualitative,VB,6
qualitative,RP,6
quality,JJ,3
quality,NN,2
quantitative,VB,6
quantitative,NN,6
quantitative,JJ,3.40650289114919
quantitative,RP,6
quantitative,PRP,6
quantity,NN,3
quantity,JJ,3
quantum,NN,3.60164051417266
quarantine,NN,4
quarantine,JJ,4
quarantine,VB,4
quarry,NNP,5.15842823919575
quart,NN,5.76318107960195
quart,CD,6
quart,VB,6
quart,DT,6
quart,JJ,6
quarter,NN,1
quarter,JJ,1
quarterback,NN,6
quarterly,JJ,1
quarterly,NN,1
quarterly,RB,1
quartz,JJ,6
quartz,NNP,3.91033900117282
quartz,VB,6
quay,NN,6
quay,VB,6
quay,JJ,6
queasy,RB,6
queasy,JJ,6
queasy,NNP,6
queen,NNP,2
query,JJ,4
query,NN,4
query,RB,4
query,VB,4
quest,NN,4.26680454349945
question,VB,4
question,JJ,2.5
question,NN,1
questionable,JJ,2.5
questions,VB,2.5
questions,NNS,2.5
queue,NN,3
queue,VB,4
queue,JJ,3.5
queue,CD,3.5
quick,NN,2
quick,JJ,2
quick,RB,2
quickly,RB,1
quiet,NN,4
quiet,JJ,1
quiet,VB,2.5
quietly,RB,2
quill,NNP,6
quill,JJ,6
quill,VB,6
quilt,NN,6
quilt,VB,6
quilt,JJ,6
quit,VB,2
quit,JJ,4
quite,DT,2
quite,JJ,2
quite,RB,2
quiver,NNP,6
quiver,RB,6
quiver,JJ,6
quiver,VB,6
quiz,NN,2
quiz,VB,2
quiz,JJ,2
quota,NNP,4.50479517435976
quota,JJ,6
quote,VB,4
quote,JJ,4
quote,NN,4
quotes,NNS,4
quotes,VB,4
quotient,NN,6
quotient,JJ,6
rabbi,NNP,5.18024596340445
rabbit,JJ,1
rabbit,NNP,1
rabbit,VB,1
raccoon,NNP,6
raccoon,JJ,6
race,NN,3
race,VB,3
racial,JJ,3
racing,VBG,3
racing,NN,3
racing,JJ,3
racism,NN,4
rack,NNP,4
rack,VB,4
racket,NN,2
racket,JJ,2
radar,JJ,4
radar,NN,4
radar,VB,4
radiant,JJ,5.73811981324309
radiant,NNP,6
radiant,VB,6
radiation,NN,3
radiator,NN,6
radiator,VB,6
radiator,JJ,6
radical,NN,4
radical,JJ,4
radically,RB,4
radio,NN,1
radio,JJ,1
radioactive,NN,6
radioactive,JJ,4.3343192999902
radioactive,VB,6
radish,NNP,6
radius,NN,3.82407635360481
radius,JJ,6
radius,IN,6
radius,VB,6
radius,RP,6
radius,RB,6
raffle,NNP,6
raffle,VB,6
raft,NN,6
raft,VB,6
raft,RB,6
raft,JJ,6
rage,NN,3
rage,VB,3
ragweed,NN,6
ragweed,VB,6
raid,VB,6
raid,NNP,5.36462193655126
raid,JJ,6
rail,NN,3
rail,JJ,3
railing,NN,3
railing,VBG,3
railroad,JJ,3
railroad,NNP,3
railway,NN,3
rain,VB,1
rain,NN,1
rainbow,NNP,4
raincoat,NN,2
rainfall,JJ,3
rainfall,VB,3
rainfall,NN,3
rainfall,DT,3
rainfall,RP,3
rainfall,RB,3
rainforest,JJ,3
rainforest,NN,3
rainy,NN,1
rainy,JJ,1
rainy,VB,1
raise,NN,2
raise,VB,2
raised,VBN,2
raised,JJ,2
rally,NNP,4
rally,VB,4
ram,NNP,4
ram,RB,4
ram,VB,4
ram,JJ,4
ramble,NN,6
ramble,JJ,6
ramble,VB,6
ramp,NN,4
ramp,VB,4
ramp,RB,4
ramp,RP,4
ramp,JJ,4
rampant,JJ,4
ran,NNP,1
ran,VB,1
ranch,NN,4.31964865022565
rancher,NNP,4.31964865022565
rancid,NNP,6
rancid,JJ,6
rancid,VB,6
random,JJ,2.91408658404641
random,NN,5.37851999750994
randomly,RB,2.68694387574231
randomly,NN,2.68694387574231
randomly,JJ,2.68694387574231
rang,VB,1.5
range,JJ,3
range,VB,4
range,NN,2
rank,VB,3
rank,JJ,3
rank,NN,3
rankings,NNS,3
rapid,JJ,3
rapid,NN,3
rapidly,RB,3
rapidly,JJ,3
rapper,NN,2.5
rapper,JJ,2.5
rapper,IN,2.5
rapport,VB,2.5
rapport,NN,2.5
rapport,JJ,2.5
rare,JJ,3
rarely,RB,3
rash,NNP,4
rash,JJ,4
rat,NN,1
rat,JJ,1
rat,VB,1
rate,JJ,3
rate,NN,2
rate,VB,4
rated,NN,3
rated,VBN,3
rated,JJ,3
rates,NNS,3
rates,VB,3
rather,NN,2
rather,RB,2
rating,NN,2
rating,JJ,2
ratings,NNS,2
ratio,NNP,1.8566472066249
ration,NN,3
ration,VB,3
rational,JJ,3
rationale,NNP,3
rattan,NNP,1
rattan,JJ,1
rattle,NNP,4
rattle,JJ,4
rattle,VB,4
ravage,NN,4
ravage,VB,4
raven,NNP,5.79118841626043
raven,VB,6
raven,JJ,6
ravenous,NN,5.734028155714
ravenous,JJ,5.734028155714
ravine,NNP,6
raw,JJ,2
raw,NN,2
ray,NNP,2
ray,JJ,2
razor,NNP,3
razor,JJ,3
reach,NN,3
reach,VB,2
react,VB,3
reaction,NN,4
reactor,NN,2.5
reactor,JJ,3
reactor,VB,2.5
read,NN,1
read,VB,1
read,JJ,1
reader,NN,1
readers,NNS,1
readily,RB,4
reading,NN,1
reading,VBG,1
ready,JJ,1
ready,NN,1
real,NN,1
real,RB,1
real,JJ,1
realise,VB,2
realise,NN,2
realise,RB,2
realise,JJ,2
realism,NN,1
realistic,JJ,3
realistically,RB,1
reality,NN,3
realization,NN,4
realize,VB,2
really,RB,1
realm,NN,3.759163851468
reap,VB,6
rear,JJ,4
rear,NN,4
rear,VB,4
reason,NN,1
reason,VB,1
reasonable,JJ,3
reasonably,RB,4
reasoning,NN,1
reasons,VB,1
reasons,NNS,1
reassure,VB,4.20412902990634
reassure,NN,4.20412902990634
rebar,NN,2
rebar,JJ,2
rebel,NNP,4
rebel,JJ,4
rebel,VB,4
rebellion,NN,4.20201347420138
reboot,VB,3
reboot,NN,3
reboot,RB,3
reboot,JJ,3
rebuild,VB,3
recall,VB,3
recall,NN,3
receipt,NN,2
receipt,IN,2
receipt,JJ,2
receipt,RB,2
receipt,PRP,2
receipt,VB,2
receive,VB,2
received,VBN,2
received,JJ,2
receiving,NN,2
receiving,VBG,2
recent,JJ,2
recently,JJ,2
recently,RB,2
receptacle,NN,5.93754354998762
receptacle,VB,6
receptacle,JJ,6
reception,NN,3
receptionist,NN,2
receptionist,JJ,2
receptor,NN,3.72678118488651
recess,NN,5.0224577451286
recess,JJ,6
recess,VB,6
recession,NN,4
recession,JJ,4
recipe,NN,4
recipe,VB,4
recipes,NNS,4
recipient,NN,3.82355614613028
recipient,VB,6
recipient,JJ,6
reciprocal,NN,6
reciprocal,JJ,4.6596397586471
reciprocal,VB,6
recite,VB,3
recite,NN,3
recite,JJ,3
recite,RB,3
reckless,JJ,5.61405876155848
recklessly,RB,5.61405876155848
reckon,VB,4
recline,NN,6
recline,VB,6
recliner,NNP,6
recognise,VB,3
recognise,NN,3
recognise,JJ,3
recognise,RB,3
recognition,NN,4
recognize,VB,3
recommend,VB,3
recommendation,NN,4
recommendations,NNS,4
recommended,JJ,3
recommended,VBN,3
reconcile,VB,5.46959281743549
reconciliation,NN,4.6455451739534
reconstruction,NN,3
reconstruction,JJ,3
reconstruction,VB,3
record,NN,3
record,JJ,2.5
record,VB,2
recorded,JJ,2.5
recorded,VBN,2.5
recording,VB,3
recording,NN,3
records,NNS,2.5
records,VB,2.5
recourse,NN,5.0992937839005
recourse,JJ,6
recover,VB,3
recovery,NN,3
recovery,JJ,3
recreation,NN,4
recreational,NN,6
recreational,JJ,4.05939445068636
recruit,NN,4
recruit,VB,4
recruitment,JJ,4
recruitment,NN,4
recruitment,VB,4
rectangle,NN,5.92792869813172
rectangle,JJ,6
rectangle,VB,6
rectify,VB,6
recurrence,NN,5.17892098757859
recurrence,VB,6
recyclable,JJ,6
recyclable,NN,6
recycle,VB,2
recycle,NN,2
recycle,JJ,2
recycling,NN,3
recycling,VB,3
red,NNP,2
red,JJ,1
redeem,VB,4
redemption,NN,4.08710536842118
reduce,VB,3
reduced,NN,3
reduced,VBN,3
reduced,JJ,3
reduction,NN,3
reduction,JJ,3
redundant,NN,4
redundant,VB,4
redundant,JJ,4
reed,NNP,4
reef,JJ,3
reef,NNP,3
reef,VB,3
reef,RB,3
refer,VB,2
referee,VB,3
referee,JJ,3
referee,NN,3
reference,NN,4
references,NNS,4
referendum,NN,5.12204689663503
referendum,JJ,6
referendum,VB,6
referred,VBN,2
refine,NN,4.62030013249779
refine,VB,4.62030013249779
refine,JJ,4.62030013249779
refinery,NN,4
reflect,VB,2
reflection,NN,3
reforestation,NN,2
reforestation,VB,2
reform,NN,4
reform,JJ,4
reform,VB,4
refraction,NN,5.90355058338574
refraction,VB,6
refraction,JJ,6
refrain,VB,4
refrain,NN,4
refreshed,VBN,4
refreshed,NN,2
refreshed,JJ,4
refrigerator,NN,2
refuge,NNP,4
refugee,NNP,4
refund,VB,3
refund,NN,3
refundable,NN,3
refundable,JJ,3
refundable,VB,3
refurbish,JJ,6
refurbish,VB,6
refusal,NN,3
refuse,NN,3
refuse,VB,3
refuse,JJ,3
refutation,NN,6
refutation,VB,6
refute,VB,4
refute,JJ,4
regain,VB,3
regard,VB,3
regard,NN,4
regarding,VBG,3
regarding,IN,3
regardless,RB,4
regime,NN,4
regiment,NN,3.75620097097802
region,JJ,3
region,NN,3
regional,NN,3
regional,JJ,3
regions,NNS,3
register,NN,3
register,VB,3
registered,JJ,3
registered,VBN,3
registered,NN,3
registration,NN,3
registry,VB,3.91163737672495
registry,NN,3.91163737672495
registry,JJ,3.91163737672495
regret,VB,2
regret,NN,4
regular,NN,2
regular,JJ,2
regulate,VB,4
regulation,JJ,3
regulation,NN,3
regulations,NNS,3
regulatory,NN,4.82838754061778
regulatory,JJ,3.04275967922185
rehab,NN,6
rehab,VB,6
rehab,JJ,6
rehabilitation,NN,3.05915268405033
rehearsal,NN,4
rehearsal,JJ,4
rehearsal,VB,4
rehearse,NN,6
rehearse,VB,6
reign,NN,3.89553538123617
reign,VB,6
reimbursement,NN,4.28770314188078
reimbursement,VB,6
reimbursement,JJ,6
reincarnation,NN,6
reincarnation,VB,6
reindeer,NN,6
reindeer,VB,6
reindeer,JJ,6
reinforce,VB,4
reinstall,VB,3
reject,VB,3
rejection,JJ,4
rejection,NN,4
rejoice,NN,6
rejoice,VB,5.93781930600136
rejoice,RB,6
rejuvenated,JJ,6
rejuvenated,VBN,6
relapse,JJ,6
relapse,NN,6
relapse,VB,6
relapse,RB,6
relate,VB,3
related,NN,4
related,JJ,4
related,VBN,4
relation,JJ,3
relation,NN,3
relations,NNS,3
relations,JJ,3
relationship,NN,3
relationships,NNS,3
relative,NN,3
relative,JJ,3
relatively,RB,3
relax,VB,2
relaxation,NN,4
relaxation,JJ,4
relaxation,VB,4
relaxed,JJ,2
relaxed,VB,2
relay,NN,4
relay,VB,4
relay,JJ,4
relay,RB,4
release,VB,3
release,NN,2
released,VBN,2.5
releases,VB,2.5
releases,NNS,2.5
relentless,JJ,6
relevance,NN,4.04214901143829
relevance,VB,6
relevance,JJ,6
relevant,JJ,4
reliability,NN,3.28931367784008
reliability,VB,6
reliability,JJ,6
reliable,JJ,3
reliance,NNP,3
relic,NNP,4
relic,JJ,4
relief,NN,4
relief,JJ,4
relieve,VB,4
religion,NN,3
religious,JJ,3
religious,IN,3
religious,NN,3
relinquish,VB,6
relinquish,JJ,6
relish,NNP,5.0130323925071
relish,VB,5.0130323925071
relocate,VB,6
relocate,NN,6
relocate,JJ,6
reluctant,JJ,4
reluctantly,RB,5.64529548568245
rely,VB,3
remain,VB,2
remainder,NNP,3
remains,NN,4
remains,VBZ,4
remake,NN,6
remake,VB,6
remarkable,JJ,3
remarkably,RB,4
remarriage,NN,2
remarriage,VB,2
remarriage,JJ,2
remarriage,RB,2
remedy,VB,3
remedy,NN,3
remember,VB,1
remind,VB,2
remind,NN,2
remission,NN,1
remission,VB,1
remix,NN,3
remix,VB,3
remorse,NN,6
remorse,JJ,6
remorse,VB,6
remorseful,JJ,6
remote,JJ,2
removal,NN,2.18705203847962
remove,VB,3
removed,JJ,3
removed,VBN,3
remuneration,NN,5.09278126883917
remuneration,VB,6
remuneration,JJ,6
renaissance,NNP,4.00835511145483
render,VB,3.39945379997388
render,NN,6
render,JJ,6
render,IN,6
render,RB,6
renew,VB,3
renewable,NN,1
renewable,JJ,1
renewable,VB,1
renewal,NN,1
renounce,NN,6
renounce,VB,6
renounce,RB,6
renovate,VB,3.68845233536207
renovate,NN,3.68845233536207
renovation,NN,3.68845233536207
renovation,JJ,3.68845233536207
renovation,VB,3.68845233536207
rent,NN,2
rent,VB,2
rental,JJ,4
rental,NN,4
rentals,NNS,4
rentals,VB,4
repair,JJ,2
repair,NN,2
repair,VB,2
repeal,NN,4.83207870574831
repeal,VB,5.66555475543183
repeat,VB,1
repeat,NN,1
repeatedly,RB,3
repel,VB,6
replace,VB,2
replacement,NN,4
replay,NN,1
replay,VB,1
replay,JJ,1
replenish,VB,6
replenish,JJ,6
replied,VBN,2.5
replies,NNS,2.5
replies,VB,2.5
reply,VB,3
reply,NN,2
report,VB,3
report,NN,2
report,JJ,2.5
reported,JJ,2.5
reported,VBN,2.5
reporter,NN,1
reporting,NN,2.5
reporting,JJ,2.5
reporting,VB,2.5
reports,NNS,2.5
reports,VB,2.5
repository,NN,5.72592583913842
repository,JJ,6
repository,VB,6
represent,VB,2
representation,JJ,2.66666666666667
representation,NN,2.66666666666667
representative,NN,3
representative,JJ,3
representatives,NNS,3
reproduction,NN,2
reproduction,JJ,2
reproduction,VB,2
reproductive,NN,2
reproductive,JJ,2
reptile,NN,6
reptile,JJ,6
reptile,VB,6
republic,NNP,3
repulsive,JJ,6
repulsive,NN,6
repulsive,VB,6
repurpose,VB,6
reputation,NN,3
request,NN,2
request,VB,3
requested,VBN,2.5
requests,NNS,2.5
require,VB,3
required,NN,3
required,VB,3
required,JJ,3
requirement,NN,3
requirements,NNS,3
requires,VBZ,3
rescue,VB,3
rescue,NN,3
research,NN,2
research,JJ,3
research,VB,4
researcher,NN,3
resemble,VB,3
resentful,JJ,2
resentment,NN,2
reservation,NN,3
reservations,NNS,3
reserve,VB,3
reserve,NNP,3
reserve,JJ,3
reserved,VBN,3
reserved,NN,3
reserved,JJ,3
reservoir,JJ,6
reservoir,NN,3.32505658249862
reservoir,VB,6
reset,VB,1.5
reset,NN,1.5
reset,JJ,1.5
reside,NN,6
reside,VB,5.26245071227784
reside,JJ,6
residence,NN,4
residency,NN,6
residency,VB,6
residency,JJ,6
resident,JJ,3
resident,NN,4
residential,JJ,3
residential,NN,3
residents,NNS,3.5
residue,VB,6
residue,NN,4.01864770218047
residue,JJ,6
resign,VB,4
resignation,NN,4
resilience,NN,6
resilient,JJ,6
resilient,NN,6
resilient,VB,6
resin,NNP,2.96576990427903
resist,VB,3
resistance,NN,4
resistant,JJ,3.59211625968996
resistant,NN,6
resolute,JJ,6
resolute,NN,6
resolute,VB,6
resolution,NN,4
resolve,NN,3
resolve,VB,3
resort,NN,3
resort,VB,3
resource,NN,3
resourceful,JJ,6
resourceful,NN,6
resources,NNS,3
respect,VB,3
respect,NN,3
respectable,JJ,3
respectful,JJ,3
respectful,NN,3
respectfully,RB,3
respectfully,NN,3
respectfully,VB,3
respectfully,JJ,3
respective,JJ,3
respiration,NN,4
respiration,JJ,4
respiratory,NN,4
respiratory,JJ,4
respiratory,VB,4
respond,NN,3
respond,VB,3
response,JJ,2
response,NN,2
responses,NNS,2
responsibility,NN,3
responsibility,JJ,3
responsible,JJ,3
responsibly,RB,6
responsive,JJ,3
rest,VB,3
rest,NN,3
restaurant,NN,1
restaurants,NNS,1
restless,JJ,5.34166738531322
restlessness,NN,5.34166738531322
restlessness,VB,5.34166738531322
restlessness,JJ,5.34166738531322
restlessness,CC,5.34166738531322
restoration,NN,3
restore,VB,3
restrain,VB,3.5
restrict,VB,3
restriction,NN,4
result,NN,1
result,VB,3
results,JJ,2
results,VB,2
results,NNS,2
resume,VB,4
resume,NN,4
resurrection,NN,4.87316993565766
resurrection,JJ,6
resurrection,VB,6
retail,NN,3
retail,JJ,3
retail,VB,3
retailer,NN,4
retain,VB,3
retainer,NN,3
retainer,VB,3
retainer,JJ,3
retaliate,VB,6
retaliate,RB,6
retaliate,NN,6
retention,NN,3.55124632158666
retire,VB,2
retired,VBN,2
retired,JJ,2
retired,NN,2
retirement,JJ,4
retirement,NN,4
retreat,NN,4
retreat,VB,4
retrieve,VB,4
retro,NN,6
retro,JJ,6
retro,RB,6
retro,VB,6
return,JJ,2
return,NN,2
return,VB,2
returned,VBN,2
returns,VBZ,2
returns,NN,2
reunion,NN,2
reunion,JJ,2
reveal,VB,2
revelation,NN,4
revenge,JJ,4
revenge,NN,4
revenge,VB,4
revenue,NN,4
revenue,JJ,4
revere,NNP,3.6720242345267
revere,JJ,3.6720242345267
revere,VB,3.6720242345267
reverend,NNP,5.01142570648714
reverent,NNP,3.6720242345267
reverent,JJ,3.6720242345267
reverent,VB,3.6720242345267
reverse,VB,4
reverse,NN,4
reverse,JJ,4
reverse,RB,4
review,NN,1
review,VB,4
review,JJ,2.5
reviewed,VBN,2.5
reviews,VB,2.5
reviews,NNS,2.5
revise,VB,3
revised,VBN,3
revised,JJ,3
revision,JJ,3
revision,NN,3
revival,NN,4
revive,VB,4
revoke,VB,5.9355729618895
revolt,NNP,4.63708441239389
revolution,NN,4
revolutionary,JJ,4
revolutionary,NN,4
reward,VB,4
reward,NN,3
rhetoric,NN,4.17710743069776
rhinoceros,NNP,4
rhythm,NN,2
rib,NNP,4
rib,JJ,4
rib,VB,4
rib,RB,4
ribbon,JJ,1
ribbon,NN,1
rice,JJ,1
rice,NN,1
rich,JJ,1
rich,NN,1
rid,VB,3
rid,JJ,3
ride,VB,1
ride,NN,1
riders,NNS,4
ridge,NNP,4
ridicule,NNP,6
ridicule,JJ,6
ridicule,VB,6
ridiculous,JJ,3
rifle,NN,4.32853187266939
right,NN,2
right,RB,1
right,JJ,1
right,IN,1.33333333333333
righteous,NN,1.33333333333333
righteous,JJ,1.33333333333333
rights,NNS,1.33333333333333
rights,JJ,1.33333333333333
rigid,JJ,3.51158626345097
rigidly,RB,3.51158626345097
rigidly,JJ,3.51158626345097
rim,JJ,4
rim,VB,4
rim,NNP,4
rim,RB,4
rind,NNP,6
rind,JJ,6
rind,RB,6
rind,VB,6
ring,NN,2
ring,VB,1
rings,NNS,1.5
rink,NN,6
rink,VB,6
rink,RB,6
rink,JJ,6
rinse,RB,6
rinse,VB,6
rinse,NNP,6
rinse,JJ,6
riot,NNP,5.53158350076583
riot,RB,6
riot,VB,6
riot,JJ,6
rip,VB,4
rip,JJ,4
rip,NN,4
ripe,JJ,3
ripple,JJ,6
ripple,NNP,6
rise,NN,3
rise,VB,3
rise,JJ,3
risen,VB,3
risk,VB,4
risk,NN,3
risk,JJ,3.5
risk,CD,3.5
risky,JJ,4
ritual,NN,4
rival,NN,4
rival,JJ,4
rival,VB,4
rivalry,NN,5.63560708410341
river,NN,1
rna,JJ,6
rna,NNP,4.16349771322853
road,NN,2
road,JJ,2
roadblock,NN,6
roadway,NN,5.36934840703132
roadworks,NNS,6
roam,NNP,4
roam,VB,4
roar,NN,4
roar,VB,4
roast,NN,3
roast,JJ,4
roast,VB,2
roast,RB,3
robbery,NN,2
robe,NN,2
robe,VB,2
robe,JJ,2
robin,NNP,2
robot,NNP,3
robotics,NNS,3
robust,JJ,4.56044914033937
rock,NN,2
rock,VB,4
rock,JJ,3
rocket,NN,4
rocket,JJ,4
rocky,NN,4
rocky,JJ,4
rod,NNP,3.35210039088381
rode,VB,1
rogue,JJ,6
rogue,NNP,6
rogue,VB,6
role,NN,1
roll,NN,2
roll,VB,4
roll,JJ,3
rollback,NN,6
rollback,VB,6
rolling,JJ,3
rolling,VBG,3
rolling,NN,3
rollout,NN,6
rollout,VB,6
rom,NNP,4.55745964398478
rom,VB,6
rom,RP,6
rom,IN,6
rom,RB,6
roman,JJ,3.41526633957438
roman,NNP,2.97762271852189
romance,NN,2
romantic,JJ,2
romper,NN,6
romper,JJ,6
roof,NN,2
rookie,NNP,6
room,NN,1
room,JJ,2
room,VB,3
roommate,NN,4
rooms,NNS,2
roost,NN,6
roost,VB,6
roost,JJ,6
rooster,NN,6
root,JJ,2
root,VB,2
root,NNP,2
rope,NN,2
rose,NNP,1
rose,VB,1
rosemary,NNP,6
rosemary,VB,6
rosemary,JJ,6
roster,NNP,6
roster,VB,6
roster,JJ,6
rotate,NN,5.01010357379602
rotate,VB,5.01010357379602
rotate,JJ,5.01010357379602
rotate,RB,5.01010357379602
rotation,NN,3.27706267227559
rote,NN,5.01010357379602
rote,JJ,5.01010357379602
rote,VB,5.01010357379602
rotor,JJ,6
rotor,NN,4.87620987589697
rotor,VB,6
rotten,NNP,3
rotten,JJ,3
rotten,VB,3
rotten,RB,3
rough,JJ,3
roughly,RB,2
round,JJ,3
round,NN,3
round,RB,2
round,IN,4
round,VB,4
roundabout,NN,2
roundabout,JJ,2
roundabout,VB,2
rouse,NNP,6
rouse,JJ,6
rouse,VB,6
route,NN,4
router,NNP,6
router,JJ,6
router,VB,6
routine,NN,3
routine,JJ,3
routinely,RB,5.25025455812773
rover,JJ,6
rover,NNP,6
row,VB,4
row,NN,1
rowdy,NN,6
rowdy,VB,6
rowdy,JJ,6
rowdy,RB,6
royal,JJ,2
royal,NN,2
royalty,NN,4
rub,NNP,4
rub,VB,4
rubber,NNP,3
rubber,VB,3
rubbish,NN,3
rubbish,VB,3
rubbish,JJ,3
rubble,NN,4
ruby,VB,6
ruby,JJ,6
ruby,NNP,5.38551718736132
rudder,NN,6
rudder,VB,6
rudder,JJ,6
rude,JJ,1
rude,NNP,1
rude,VB,1
rug,NN,4
rugby,NNP,2
rugby,JJ,2
rugby,VB,2
rugged,JJ,5.32177195961978
ruin,VB,2
ruin,NNP,3
rule,NN,1
rule,VB,4
rule,JJ,2.5
ruler,NN,1
ruler,VB,1
ruler,JJ,1
rules,NNS,2.5
rules,VB,2.5
rules,JJ,2.5
rumble,NN,6
rumble,JJ,6
rumble,VB,6
rummage,NN,5.73309882110321
rummage,VB,5.73309882110321
rummage,JJ,5.73309882110321
rumor,NN,2
rumor,JJ,2
run,NN,1
run,VB,1
run,JJ,1
runner,NN,2
running,VBG,2
running,JJ,2
running,NN,2
runs,NNS,1
runs,VB,1
runtime,NN,6
runtime,VB,6
runtime,JJ,6
runway,NN,3
rural,NN,4
rural,JJ,4
rush,JJ,2.5
rush,NNP,2
rush,VB,3
russian,NN,3.00359276855933
russian,JJ,2.76770717979082
rust,NN,5.09239591931066
rust,JJ,6
rust,VB,6
rusty,JJ,4
ruthless,JJ,6
ruthlessly,RB,6
ruthlessly,JJ,6
sack,NN,4
sack,VB,4
sacred,JJ,3
sacrifice,VB,5.39599465502261
sacrifice,NN,3.71386290357724
sad,JJ,1
saddle,NN,4.69629514815687
saddle,VB,6
sadly,RB,2
sadness,NN,3
sadness,VB,3
sadness,JJ,3
safe,NN,2
safe,JJ,2
safety,NN,3
safety,VB,3
saffron,NNP,6
saffron,VB,6
saffron,JJ,6
saga,NNP,6
saga,JJ,6
sage,NNP,4
sage,JJ,4
sage,VB,4
sage,RB,4
said,VBD,2.5
said,NN,2.5
sail,VB,4
sail,NNP,4
sail,JJ,4
sail,RB,4
sail,IN,4
sailor,NN,1
sailor,VB,1
sailor,JJ,1
saint,NNP,3.03536456870271
sake,NN,2
salad,NN,1
salad,JJ,1
salad,VB,1
salamander,NNP,6
salary,NN,4
sale,JJ,1
sale,NN,1
sales,JJ,1
sales,NNS,1
salesperson,NN,4
salient,NNP,6
salient,JJ,6
salient,DT,6
salient,VB,6
salmon,NN,3
salon,NN,4
salon,JJ,4
salon,RB,4
salt,JJ,2
salt,NNP,2
salty,NN,4
salty,JJ,4
salty,VB,4
salute,NN,6
salute,VB,6
salute,JJ,6
salute,RB,6
salvage,NN,5.44829055058534
salvage,VB,6
salvation,NN,3.85982950377707
same,JJ,1
same,CD,1
same,RB,1
same,PRP,1
sample,NN,2
samples,NNS,2
sanction,NN,4.87204607775879
sanction,JJ,6
sanction,VB,6
sanctuary,NN,5.03221883482762
sanctuary,JJ,6
sanctuary,VB,6
sand,NN,3
sand,JJ,3
sandal,NNP,3
sandal,JJ,3
sandal,VB,3
sandpaper,NN,6
sandpaper,JJ,6
sandpaper,VB,6
sandstone,NNP,4
sandstone,VB,4
sandstone,JJ,4
sandwich,NNP,1
sane,NNP,1.70558465349732
sane,RB,1.70558465349732
sane,JJ,1.70558465349732
sane,VB,1.70558465349732
sane,PRP,1.70558465349732
sang,VB,1
sanitize,VB,6
sanitize,NN,6
sank,VB,2.5
santa,NNP,2.90224168337167
sapling,NNP,6
sapling,JJ,6
sapling,VB,6
sapphire,NNP,6
sapphire,JJ,6
sapphire,VB,6
sapphire,IN,6
sarcastic,NN,6
sarcastic,JJ,6
sash,NNP,6
sash,JJ,6
sash,VB,6
sat,VB,1
satchel,NNP,6
satchel,VB,6
satellite,NN,3
satellite,JJ,3
satisfaction,NN,3
satisfied,VB,3
satisfied,JJ,3
satisfy,VB,2
saturate,VB,1
saturate,NN,1
saturate,JJ,1
saturday,NNP,1
sauce,NNP,2
sauce,VB,2
sauce,JJ,2
saucepan,NNP,3
saucepan,VB,3
saucepan,JJ,3
saucer,NNP,3
saucer,JJ,3
sausage,NN,2
sausage,JJ,2
saute,NNP,6
saute,VB,6
savage,JJ,4.33070402362464
savanna,NNP,6
savanna,JJ,6
savanna,VB,6
save,VB,1
save,IN,1
save,JJ,1
save,NN,1
save,RB,1
savings,NNS,4
savings,JJ,4
savory,NNP,6
savory,JJ,6
savoury,NN,6
savoury,JJ,6
savoury,RB,6
saw,VBN,4
saw,NN,1
sawdust,NN,6
sawdust,VB,6
sawdust,RB,6
sawdust,IN,6
sawdust,JJ,6
saxophone,NNP,6
saxophone,VB,6
say,NN,4
say,VB,1
saying,VBG,2.5
saying,NN,2.5
says,VBZ,2.5
scaffold,NNP,6
scaffold,VB,6
scaffold,JJ,6
scaffolding,NN,6
scaffolding,VB,6
scalable,NN,6
scalable,JJ,6
scale,VB,2
scale,JJ,2
scale,NN,2
scallion,NNP,6
scam,NN,6
scan,NN,3
scan,JJ,3.5
scan,RB,3.5
scan,VB,4
scan,IN,3.5
scar,JJ,4
scar,NN,4
scarce,JJ,4.31190163097754
scarcely,RB,4
scarcely,JJ,4
scare,NNP,3
scare,VB,3
scarecrow,NNP,6
scared,VB,3
scared,JJ,3
scarf,NN,2
scarf,VB,2
scarf,JJ,2
scary,JJ,3
scatter,NN,3
scatter,VB,3
scatter,IN,3
scatter,JJ,3
scatter,RB,3
scenario,NN,4.02386681842109
scene,NN,2
scent,NN,4
scent,JJ,4
scent,VB,4
schedule,NN,2
schedule,VB,4
schedule,JJ,3
scheme,NN,4
scholar,NN,3
scholarship,NN,3
school,NN,1
school,JJ,1
school,VB,1
schoolbag,NN,6
schools,NNS,1
schoolyard,NN,6
schooner,NN,6
schooner,JJ,6
science,NN,1
science,JJ,1
sciences,NNS,1
sciences,JJ,1
scientific,NN,2
scientific,JJ,2
scientist,NN,1
scissors,NNS,2
scissors,VB,2
scold,VB,3
scold,NNP,3
scoop,NNP,6
scoop,VB,6
scoop,JJ,6
scooter,NN,4
scope,NN,3
scorching,VBG,6
scorching,NN,6
scorching,JJ,6
score,VB,3
score,NN,3
score,JJ,3
scoreboard,NN,6
scores,NNS,3
scorpion,NNP,6
scotch,NNP,5.26084431371123
scottish,JJ,4.74853372714865
scottish,NNP,4.49876611252566
scout,NN,5.67682993218947
scout,VB,6
scowl,NN,6
scowl,VB,6
scrap,JJ,6
scrap,NN,4.57233754902577
scrap,VB,6
scratch,VB,4
scratch,NN,3
scrawny,JJ,6
scream,NN,2
scream,VB,3
screen,NN,2
screen,JJ,3
screen,VB,4
screening,VB,3
screening,NN,3
screw,NNP,2
screw,JJ,3
screw,VB,4
screwdriver,NNP,6
screwdriver,JJ,6
scribble,NN,4
scribble,JJ,4
scribble,VB,4
script,NN,2
scripture,NN,4.3332892692324
scripture,DT,6
scripture,VB,6
scripture,JJ,6
scroll,NN,5.99625228827424
scroll,VB,6
scroll,JJ,6
scrub,VB,6
scrub,JJ,6
scrub,NNP,6
scrutinize,VB,6
scrutiny,NN,4.74322106643742
sculptor,NN,6
sculptor,VB,6
sculpture,NN,3
scum,NN,6
scum,JJ,6
scum,VB,6
scythe,NNP,4
scythe,JJ,4
scythe,DT,4
scythe,VB,4
sea,JJ,1
sea,NN,1
sea,VB,1
seafood,NNP,2
seafood,JJ,2
seafood,VB,2
seagull,NNP,6
seagull,JJ,6
seahorse,NNP,6
seal,NN,4
seal,VB,4
search,NN,2
search,JJ,2.5
search,VB,3
searches,VB,2.5
searches,NNS,2.5
searching,VBG,2.5
searching,NN,2.5
season,JJ,3
season,NN,3
seasonal,NN,4
seasonal,JJ,4
seasoning,NN,3
seasoning,VBG,3
seasoning,JJ,3
seat,NN,1
seat,JJ,1
seatbelt,NN,6
seaweed,NNP,3
seaweed,VB,3
sec,NNP,1.73120881864533
secluded,NN,6
secluded,VBN,6
secluded,JJ,6
second,NN,2
second,RB,3
second,JJ,1
second,VB,2
second,CD,2
second,PRP,2
secondary,JJ,4
secondhand,NN,6
secondhand,CC,6
secondhand,VB,6
secondhand,JJ,6
secondhand,RB,6
seconds,NNS,2
secret,JJ,3
secret,NN,2
secretary,NN,2
secretary,JJ,2
secretly,RB,3
section,NN,1
section,JJ,1
sections,NNS,1
sector,NN,4
sector,JJ,4
secular,NN,6
secular,JJ,4.24988264548359
secular,IN,6
secular,RB,6
secular,VB,6
secure,VB,3
secure,JJ,3
security,NN,3
security,JJ,3
sediment,JJ,6
sediment,NN,3.90581995385368
sediment,VB,6
seductive,NN,6
seductive,JJ,6
seductive,VB,6
see,JJ,1
see,NN,1
see,VB,1
seed,NN,2
seed,VB,2
seedling,NN,6
seedling,VB,6
seedling,JJ,6
seeing,VBG,1
seeing,NN,1
seeing,JJ,1
seek,VB,2
seek,NN,2
seeking,VBG,2
seeking,NN,2
seeking,JJ,2
seem,VB,2
seemingly,RB,2
seems,VBZ,2
seems,NN,2
seen,VBN,1
seesaw,NNP,4
seesaw,VB,4
seesaw,JJ,4
segment,NN,4
seismic,JJ,4.54521259844391
seize,VB,3
seizure,NN,4.50147892112343
select,NN,3.5
select,VB,4
select,JJ,3
selected,VBN,3.5
selected,JJ,3.5
selection,NN,3
selective,JJ,3.5
self,VB,1
self,RB,1
self,JJ,1
self,NN,1
selfish,JJ,3
selfishly,RB,1
selfless,NN,4
selfless,JJ,4
selfless,VB,4
selfless,CC,4
selflessly,RB,4
sell,VB,1
sell,NN,1
sell,JJ,1
seller,NN,4
sellers,NNS,4
selling,NN,1
selling,VBG,1
selling,JJ,1
semester,NN,2
semester,VB,2
semester,RB,2
semester,JJ,2
seminar,NNP,4
seminar,JJ,4
seminar,VB,4
senate,NNP,1.71105032891151
senate,JJ,6
senator,NN,4
send,VB,2
senior,NNP,2
senior,JJ,2
sensation,NN,3
sense,NN,2
sense,JJ,3
sense,VB,4
sensible,NN,4
sensible,JJ,4
sensibly,RB,6
sensibly,JJ,6
sensitive,JJ,4
sensitive,NN,4
sensitivity,NN,3.11244257602964
sensor,NN,4.24029161434122
sensor,JJ,6
sensor,VB,6
sent,VBN,2
sentence,NN,1
sentence,JJ,2.5
sentence,VB,4
sentiment,NN,4.07862791762948
sentimental,JJ,4.07862791762948
separate,JJ,2
separate,VB,4
separation,NN,3
september,NNP,1
sequel,NN,6
sequence,NN,3
serene,JJ,4
serenity,NN,3.60107780462877
sergeant,NN,4.02529976937241
serial,JJ,4
serial,NN,4
series,NNS,3
serious,JJ,3
serious,NN,3
seriously,RB,2
sermon,NNP,4.82696066372612
sermon,JJ,6
sermon,VB,6
serpent,NNP,5.75712959739921
serpent,JJ,6
serum,NN,3.14076844540307
serum,JJ,6
serum,VB,6
servant,NN,4
serve,VB,2
serve,NN,2
serve,JJ,2
served,VBN,2
server,NN,3
server,VB,3
server,JJ,3
servers,NNS,3
servers,VB,3
service,NN,3
service,JJ,3
service,VB,3
services,NNS,3
services,JJ,3
services,VB,3
serving,JJ,2
serving,VBG,2
serving,NN,2
sesame,NNP,6
sesame,DT,6
sesame,VB,6
sesame,JJ,6
session,NN,3
session,JJ,3
set,VB,1
set,JJ,1.5
set,NN,2
sets,VB,1.5
sets,NNS,1.5
setting,VBG,3
setting,NN,3
settings,NNS,3
settings,VB,3
settle,VB,3
settled,JJ,3
settled,VBN,3
settlement,NN,3
settler,NNP,3
settler,VB,3
settler,JJ,3
setup,NN,5.08158197572456
seven,CD,1
seven,NN,1
seven,JJ,1
seven,RB,1
seventeen,CD,1
seventeen,NNP,1
seventeen,JJ,1
seventh,NN,1
seventh,JJ,1
seventy,JJ,1
seventy,CD,1
several,JJ,2
several,RB,2
several,DT,2
several,PRP,2
severe,JJ,3
severe,NN,3
severely,RB,3
severity,NN,4.04931280907001
sewing,NN,2
sewing,VBG,2
sewing,JJ,2
sexual,NN,4
sexual,JJ,4
sexuality,NN,3
sexuality,VB,3
sexuality,JJ,3
sexy,JJ,4
shabby,NNP,4
shabby,JJ,4
shack,NN,6
shack,JJ,6
shade,NN,2
shade,VB,2
shadow,NN,2
shadow,VB,3
shady,NNP,6
shady,JJ,6
shaft,NN,3.06339810418163
shaft,JJ,6
shaft,VB,6
shaft,RB,6
shah,NN,5.01486853864667
shake,VB,3
shake,NN,1
shale,NNP,3.88230910689081
shall,VB,2
shall,NN,2
shall,MD,2
shallow,JJ,3
shallow,NN,3
shame,NN,3
shame,VB,3
shamefully,RB,3
shamrock,NNP,6
shape,NN,2
shape,VB,3
share,VB,1
share,NN,2
share,JJ,1.5
shared,VBN,1.5
shared,NN,1.5
shared,JJ,1.5
shareholder,NN,4.67795002938009
shareholder,JJ,6
shares,NNS,1.5
shares,JJ,1.5
shares,VB,1.5
sharing,NN,1.5
sharing,JJ,1.5
sharing,VBG,1.5
shark,NN,6
shark,JJ,6
shark,VB,6
sharp,NN,3.5
sharp,JJ,3
sharp,RB,4
sharply,RB,4
shatter,NN,4
shatter,IN,4
shatter,VB,4
shatter,JJ,4
shave,VB,3
shawl,NNP,6
shawl,JJ,6
shawl,VB,6
she,PRP,1
she,NN,1
shed,VB,4
shed,NN,4
sheep,JJ,1
sheep,NN,1
sheepish,NN,1
sheepish,VB,1
sheepish,JJ,1
sheet,NN,3
shelf,JJ,1
shelf,NN,1
shell,NN,2
shell,JJ,3
shell,VB,4
shellfish,NN,6
shellfish,JJ,6
shellfish,VB,6
shelter,NNP,3
shelter,JJ,3
shepherd,NNP,4.78283966535669
shepherd,VB,6
shepherd,JJ,6
shepherd,RB,6
sheriff,NNP,3
shield,NN,4
shield,VB,4
shift,NN,4
shift,VB,3
shin,NNP,6
shin,JJ,6
shin,VB,6
shine,VB,2
shine,NN,2
shine,JJ,2
shiny,NN,3
shiny,JJ,3
shiny,VB,3
ship,VB,3
ship,NN,1
ship,JJ,2
shipment,NN,2
shipping,NN,4
shipping,VB,4
shipping,JJ,4
ships,NNS,2
shirt,NN,1
shirts,NNS,1
shiver,NN,3
shiver,VB,3
shock,NN,2
shock,JJ,3
shock,VB,4
shoe,VB,1
shoe,NN,1
shoes,NNS,1
shook,VB,2
shoot,VB,2
shoot,NN,2
shooting,JJ,4
shooting,VBG,4
shooting,NN,4
shop,NN,1
shop,VB,3
shopper,NNP,3
shopping,VBG,1
shopping,NN,1
shops,NNS,2
shore,NNP,2
shore,RB,2
shore,JJ,2
shore,VB,2
shoreline,NNP,5.90877972515873
short,JJ,1
short,NN,2
short,RB,1
short,VB,1.33333333333333
shortage,NN,3
shortcut,NN,6
shortcut,VB,6
shortcut,JJ,6
shortly,RB,3
shorts,NNS,2
shot,VB,2
shot,NN,2
shot,JJ,2
shotgun,NN,6
shotgun,JJ,6
shotgun,VB,6
should,VB,1
should,NN,1
should,MD,1
shoulder,NN,1
shoulder,VB,1
shoulder,JJ,1
shout,VB,3
shout,NN,2
shove,VB,6
shove,NN,6
shove,JJ,6
shovel,NNP,5.94716695637291
show,VB,1
show,NN,2
show,JJ,1.5
showcase,NN,4
showcase,JJ,4
showcase,VB,4
shower,NN,1
shower,VB,4
showerhead,NNP,6
showing,NN,1.5
showing,VBG,1.5
shown,VBN,1.5
shows,NNS,1.5
shows,VB,1.5
shred,NN,6
shred,JJ,6
shred,VBN,6
shrewd,JJ,6
shrimp,NN,3
shrimp,VB,3
shrimp,JJ,3
shrine,NN,5.32955986763994
shrine,VB,6
shrine,JJ,6
shrink,VB,4
shrink,NN,4
shrub,NNP,5.85226884440603
shrub,VB,6
shrub,JJ,6
shrug,NN,4
shrug,VB,4
shudder,NN,6
shudder,VB,6
shudder,JJ,6
shut,JJ,3
shut,VB,2
shutters,NNS,2.5
shutters,VB,2.5
shuttle,NN,5.2577464200279
shy,JJ,1
shy,NN,1
shy,VB,1
shyly,RB,1
shyness,NN,1
shyness,VB,1
shyness,JJ,1
shyness,CC,1
sibling,NN,6
sibling,VB,6
sibling,JJ,6
sick,JJ,1
sick,NN,1
sickle,NNP,6
sickle,JJ,6
sickle,VB,6
sickness,NN,3
sickness,JJ,3
sickness,VB,3
side,NN,1
side,JJ,1
side,VB,1
side,RB,1
sidebar,NN,6
sidewalk,NN,3
siege,NN,5.00905786494126
sieve,NNP,6
sieve,JJ,6
sieve,CD,6
sieve,VB,6
sigh,NN,3
sigh,VB,4
sight,NN,1
sight,JJ,1
sightseeing,NN,2
sightseeing,VB,2
sign,NN,1
sign,VB,3
signal,NN,3
signal,VB,3
signal,JJ,3
signature,NN,3
signed,VBN,2
signed,JJ,2
significance,NN,3
significant,JJ,2
significantly,RB,4
signpost,NN,3
signpost,VB,3
signs,VBZ,2
signs,NN,2
silence,NN,2
silence,VB,2
silent,NNP,3
silent,JJ,3
silently,RB,2
silicon,NN,3.81738676544239
silk,NN,3
silly,NN,2
silly,JJ,2
silly,RB,2
silo,NNP,6
silo,VB,6
silo,IN,6
silo,JJ,6
silt,NN,5.08166756557596
silt,JJ,6
silt,VB,6
silver,JJ,2
silver,NN,2
similar,JJ,2
similarity,NN,3
simmer,NNP,6
simmer,VB,6
simmer,JJ,6
simple,NN,2
simple,JJ,2
simplicity,NN,3.9911113422027
simplify,VB,3
simply,RB,2
simply,JJ,2
simulate,VB,5.64420866870961
simulate,NN,6
simulate,JJ,6
simulation,NN,3.16644592045323
simulation,JJ,6
simulation,VB,6
simultaneously,RB,3
sin,NN,3.05749720099881
sin,VB,6
since,RB,4
since,IN,2
since,CC,3
sincere,JJ,4
sincerely,RB,4.40678728381229
sinew,NNP,6
sinew,RB,6
sinew,IN,6
sinew,VB,6
sinew,JJ,6
sing,VBG,1
sing,NN,1
singer,NN,1
single,NN,3
single,JJ,2
single,RB,2.5
single,VB,2.5
singles,NNS,2.5
singles,JJ,2.5
singles,VB,2.5
singular,NN,2
singular,JJ,2
singular,RB,2
singular,VB,2
singular,CD,2
singular,IN,2
sinister,JJ,2.96576990427903
sink,VB,3
sink,NN,2
sinkhole,NN,6
sinkhole,JJ,6
sir,NNP,1
sister,NN,1
sister,JJ,1
sit,NN,1
sit,VB,1
sit,JJ,1
site,JJ,1
site,NN,1
sites,NNS,1
situation,NN,2
six,CD,1
six,JJ,1
six,NN,1
sixteen,CD,1
sixth,JJ,1
sixth,NN,1
sixth,RB,1
sixty,CD,1
sixty,JJ,1
size,VB,1
size,JJ,1
size,NN,1
sizes,VB,1
sizes,NNS,1
skate,NN,2
skate,JJ,2.5
skate,VB,3
skateboard,NN,4
skateboard,VB,4
skating,NN,2
skating,JJ,2
skating,VB,2
skeleton,NN,3
skeleton,JJ,3
skeleton,VB,3
skeptical,JJ,6
sketch,VB,4
sketch,NN,4
skewer,NNP,6
skewer,VB,6
ski,JJ,2.5
ski,NNP,2
ski,VB,3
skiing,NNP,2
skiing,VB,2
skill,NN,1
skill,JJ,1
skillet,NNP,6
skillet,VB,6
skillfully,RB,4
skills,NNS,1
skin,NN,3
skin,JJ,3
skinny,JJ,6
skip,VB,4
skip,NN,4
skip,JJ,4
skirt,NN,1
skirt,VB,1
skirting,NN,1
skirting,VB,1
skull,NN,4.37267434337992
skull,JJ,6
skull,RB,6
skull,VB,6
skunk,NNP,6
skunk,VB,6
sky,NN,1
sky,JJ,1
skylight,NNP,6
skyscraper,NN,3
slack,JJ,6
slack,NN,6
slack,VB,6
slam,NNP,4
slam,JJ,4
slam,VB,4
slap,NN,4
slap,VB,4
slap,JJ,4
slap,CC,4
slap,IN,4
slap,RB,4
slate,NN,5.15535692520337
slate,JJ,6
slaughter,NN,4
slave,NN,2
slavery,NN,3
sled,NN,6
sled,JJ,6
sled,VBN,6
sledgehammer,NNP,6
sledgehammer,JJ,6
sleek,JJ,6
sleep,NN,3
sleep,VB,1
sleet,NN,6
sleet,VB,6
sleet,JJ,6
sleeve,NN,3
sleigh,NN,6
sleigh,JJ,6
sleigh,VB,6
slender,JJ,4.20983202907922
slept,VBD,2
slice,NN,2
slice,VB,4
slick,NN,6
slick,JJ,6
slide,NN,2
slide,VB,4
slight,JJ,4
slight,NN,3
slightly,RB,3
slightly,JJ,3
slim,JJ,2
sling,NN,6
sling,VB,6
sling,JJ,6
slip,NN,3
slip,VB,3
slipper,NN,3
slipper,JJ,3
slogan,NN,3
slogan,JJ,3
slogan,VB,3
slope,NN,3
sloppy,JJ,4
slot,NN,3
sloth,NN,6
sloth,JJ,6
sloth,VB,6
slow,NN,2.33333333333333
slow,JJ,1
slow,VB,3
slow,RB,3
slug,NN,6
slug,VB,6
sluggish,JJ,6
sluggishly,RB,6
slum,NN,6
slum,JJ,6
slum,VB,6
slumber,NN,6
slumber,JJ,6
slumber,VB,6
sly,NNP,6
sly,JJ,6
sly,RB,6
small,NN,1
small,JJ,1
smaller,JJR,1
smart,JJ,1
smart,NN,1
smart,VB,1
smash,NN,4
smash,VB,4
smash,JJ,4
smell,NN,1
smell,VB,3
smelly,JJ,6
smelly,NN,6
smelly,RB,6
smile,NN,1
smile,VB,3
smirk,NN,6
smirk,VB,6
smog,NN,6
smog,VB,6
smog,JJ,6
smoke,VB,2
smoke,JJ,1.5
smoke,NN,1
smoking,NN,1
smoking,VB,1
smoking,JJ,1
smooth,JJ,2
smooth,VB,2
smoothly,RB,2
smudge,NN,6
smudge,JJ,6
smudge,VB,6
smug,JJ,6
smug,NN,6
smug,VB,6
smuggle,JJ,6
smuggle,VB,6
snack,NN,2
snail,NN,6
snail,JJ,6
snake,NN,1
snake,JJ,1
snap,JJ,4
snap,VB,4
snap,NN,4
snare,NN,6
snare,VB,6
snare,JJ,6
snatch,VB,6
snatch,NN,6
snatch,JJ,6
sneak,NN,4
sneak,VB,4
sneak,JJ,4
sneaker,NNP,4
sneeze,VB,4
sneeze,NN,3
sniff,VB,4
sniff,NN,4
sniff,JJ,4
sniff,IN,4
sniff,CC,4
sniff,RB,4
sniff,PRP,4
sniper,NNP,6
sniper,JJ,6
sniper,VB,6
snorkel,NNP,6
snorkel,JJ,6
snorkel,VB,6
snow,NNP,1
snow,JJ,1.5
snow,VB,2
snowfall,NN,6
snowfall,VB,6
snowflake,NNP,6
snowstorm,NN,3
so,NN,1.5
so,RB,2
so,CC,1
so,IN,1.5
so,JJ,1.5
soak,VB,4
soak,NN,4
soap,NN,2
soar,VB,4
sob,NNP,4
sob,VB,4
sober,JJ,5.41838204392661
soberly,RB,5.41838204392661
soberly,JJ,5.41838204392661
soccer,NN,1
sociable,NN,4
sociable,JJ,4
sociable,VB,4
social,NN,1
social,JJ,1
society,NN,2
society,JJ,2
sociology,NN,3.62412790164807
sociology,JJ,6
sociology,VB,6
sock,NNP,2
sock,VB,2
sock,JJ,2
socket,NN,5.65534340055534
socket,VB,6
socket,JJ,6
socks,NNS,2
sod,NNP,6
sod,VB,6
sod,IN,6
sod,JJ,6
sod,RB,6
soda,NN,2
sodium,NN,2.71967013448067
sodium,JJ,6
sodium,VB,6
sodium,RB,6
sofa,NNP,1
soft,NN,2
soft,JJ,2
software,NN,2
soil,NN,4
soil,VB,3
solar,JJ,4
solar,NNP,4
sold,VBN,1
sold,JJ,1
soldier,NNP,2
sole,JJ,3.24737548604218
sole,NN,5.7951265324783
solely,RB,3.05804709876753
solemn,JJ,4.89123473379463
solemnly,RB,4.89123473379463
solemnly,NN,4.89123473379463
solemnly,JJ,4.89123473379463
solicit,VB,6
solicitor,NN,4.49373306162495
solicitor,JJ,6
solicitor,VB,6
solicitor,IN,6
solid,NN,3
solid,JJ,3
solid,RB,3
solidarity,NN,3
solidarity,JJ,3
solitary,JJ,4.79282921148349
solitary,NN,6
solo,NNP,4
solo,RB,4
solo,JJ,4
solute,NN,6
solute,JJ,6
solute,VB,6
solution,NN,2
solutions,NNS,2
solve,VB,1
solvency,NN,6
solvency,DT,6
solvency,VB,6
solvent,NNP,4
solvent,JJ,4
solvent,VB,4
solvent,RB,4
somber,JJ,6
somber,NNP,6
somber,RB,6
somber,CC,6
somber,DT,6
some,RB,1
some,DT,1
some,PRP,1
somebody,NN,2
somebody,PRP,2
someday,RB,2
someday,NN,2
somehow,RB,3
someone,NN,1
someone,PRP,1
something,NN,1
something,PRP,1
sometime,RB,3
sometimes,RB,3
somewhat,RB,4
somewhat,JJ,4
somewhere,NN,2
somewhere,RB,2
son,NNP,1
son,JJ,1
song,NN,1
songs,NNS,1
songwriter,NN,6
songwriter,JJ,6
songwriter,IN,6
sonic,NN,1
sonic,JJ,1
soon,RB,1
soon,JJ,1
soot,NN,6
soot,VB,6
soot,RB,6
soot,JJ,6
soothing,VB,3
soothing,JJ,3
sophisticated,JJ,4
sophomore,NN,3
soprano,NN,6
soprano,JJ,6
sordid,NN,6
sordid,JJ,6
sordid,VB,6
sore,JJ,3
sore,NN,3
sorrow,NNP,3
sorry,JJ,1
sorry,RB,1
sort,NN,3
sort,VB,4
sort,RB,3.5
sort,JJ,3.5
sorted,NN,3.5
sorted,VBN,3.5
sorted,JJ,3.5
sought,VBN,2
sought,JJ,2
soul,NNP,3
sound,NN,2
sound,VB,2
sound,JJ,4
sound,RB,2.66666666666667
soundly,RB,2.66666666666667
soundly,JJ,2.66666666666667
sounds,NN,2.66666666666667
sounds,VBZ,2.66666666666667
soundtrack,NN,4
soundtrack,JJ,4
soundtrack,RB,4
soup,NNP,1
soup,JJ,1
sour,NNP,3
sour,JJ,3
sour,VB,3
source,NN,2
sources,NNS,2
south,NN,2
south,JJ,2
south,RB,2
southern,JJ,3
southern,NNP,3
southwest,RB,3
southwest,JJ,3
southwest,NN,3
souvenir,NNP,3
sovereign,NN,5.2451595688335
sovereign,JJ,4.42426630714491
sovereignty,NN,3.91917616140565
soviet,JJ,4
soviet,NNP,4
sow,NN,6
sow,JJ,6
sow,VB,6
soy,NN,5.96975641960429
soy,VB,6
soy,JJ,6
spa,NNP,4
spa,VB,4
spa,JJ,4
space,JJ,2
space,NN,2
spacecraft,NNP,5.15103244855544
spacious,NN,6
spacious,JJ,5.89836573359348
spade,NNP,6
spade,JJ,6
spade,VB,6
spam,NN,6
spam,JJ,6
spam,VB,6
span,NN,4
span,VB,4
spanish,NNP,3.12481929120054
spanish,JJ,3.04359638492854
spare,VB,4
spare,JJ,4
sparingly,RB,4
spark,NN,4
spark,VB,4
sparrow,NNP,4
sparrow,JJ,4
sparrow,VB,4
sparse,NN,6
sparse,JJ,5.82898066200271
sparse,RB,6
sparse,VB,6
spatial,NN,6
spatial,JJ,3.31985236786446
spatial,VB,6
spatula,NNP,6
speak,NN,1
speak,VB,1
speaker,NN,2
speakers,NNS,2
speaking,VBG,1
speaking,NN,1
speaking,JJ,1
spear,NN,5.49526758104129
spear,JJ,6
special,NN,1
special,JJ,1
specialist,JJ,3
specialist,NN,3
specials,NNS,1
specials,VB,1
specialty,NN,4
specialty,JJ,4
species,NNS,4
specific,JJ,2
specific,NN,2
specifically,RB,4
specification,NN,3.43251511024915
specification,VB,6
specification,JJ,6
specifications,NNS,3.41992987800019
specified,JJ,4
specified,VBN,4
specify,VB,4
specimen,NN,2.99877719724853
specimen,VB,6
specimen,JJ,6
specs,NNS,5.27323637826022
specs,VB,5.27323637826022
spectacular,JJ,3
spectator,NN,3
spectrum,NN,2.67957171329802
speculation,NN,4.44613299113944
speech,NN,1
speed,JJ,2.5
speed,NN,2
speed,VB,3
speedometer,NN,6
speedometer,JJ,6
spell,NN,1
spell,VB,2
spelling,VB,3
spelling,NN,3
spend,VB,1
spent,VB,1
spent,JJ,1
sperm,NN,5.18467733043293
sperm,JJ,6
sperm,VB,6
sphere,NNP,3
spice,NN,3
spice,VB,3
spicy,NN,3
spicy,JJ,3
spicy,RB,3
spicy,VB,3
spider,NN,3
spider,JJ,3
spider,VB,3
spike,NNP,6
spike,JJ,6
spike,VB,6
spike,IN,6
spike,DT,6
spill,JJ,2
spill,VB,2
spill,NN,2
spin,VB,4
spin,NN,4
spinach,NN,3
spinach,VB,3
spinach,JJ,3
spinal,JJ,4
spinal,NN,4
spindle,NN,5.26253168789096
spindle,JJ,6
spindle,VB,6
spine,NN,4
spine,JJ,4
spine,VB,4
spiral,JJ,3
spiral,NN,3
spiral,VB,3
spire,NNP,6
spirit,NN,3
spiritual,JJ,3
spiritual,NN,3
spit,VB,5.93371255342334
spite,NNP,4
spiteful,NN,4
spiteful,JJ,4
splash,NN,4
splash,JJ,3
splash,VB,2
spleen,NNP,5.2481968295924
spleen,JJ,6
spleen,RB,6
spleen,CD,6
spleen,VB,6
splendid,JJ,3.94433347409624
splinter,NN,6
splinter,VB,6
splinter,JJ,6
split,VB,4
split,JJ,2
split,NN,3
splurge,NN,6
splurge,VB,6
spoil,NN,3
spoil,VB,3
spoil,JJ,3
spoil,RB,3
spoke,VB,1
spoke,NNP,1
spoken,VBN,1
spoken,JJ,1
spokesman,NN,4
sponge,NNP,3
sponge,VB,3
sponge,JJ,3
sponsor,VB,4
sponsor,NN,3
sponsored,NN,3.5
sponsored,VBN,3.5
sponsored,JJ,3.5
sponsors,VB,3.5
sponsors,NNS,3.5
sponsorship,NN,5.94164328404459
sponsorship,JJ,6
sponsorship,VB,6
spontaneous,JJ,3.95656362608283
spontaneously,NN,6
spontaneously,RB,5.45803195935194
spontaneously,JJ,6
spool,NN,6
spool,JJ,6
spool,VB,6
spoon,NN,2
spoon,VB,2
spoon,JJ,2
sporadic,JJ,5.99390512445279
sport,NN,1
sporting,JJ,1
sporting,VB,1
sporting,NN,1
sports,NNS,3
sports,VB,3
sports,JJ,3
sportsmanship,NN,3
spot,VB,4
spot,JJ,2.5
spot,NN,1
spotlight,NN,6
spotlight,VB,6
spouse,NN,3.62277786398072
spout,NN,6
spout,VB,6
spout,JJ,6
sprain,NNP,6
sprain,VB,6
sprawl,NN,6
sprawl,JJ,6
sprawl,VB,6
spray,NN,4
spray,VB,4
spread,NN,2
spread,VB,4
spreadsheet,NN,4
sprig,NNP,6
sprig,JJ,6
sprig,VB,6
spring,NN,1
spring,JJ,1
spring,VB,1
springs,NNS,1
sprinkle,NN,6
sprinkle,VB,6
sprinkle,RB,6
sprinkle,JJ,6
sprinkler,NNP,6
sprinkler,JJ,6
sprinkler,VB,6
sprint,NN,4
sprint,JJ,4
sprint,VB,4
sprout,NNP,6
sprout,VB,6
sprout,JJ,6
spruce,NNP,5.15474713270815
spruce,VB,6
spruce,JJ,6
spruce,RB,6
spur,NNP,4
spur,VB,4
spur,JJ,4
spy,NN,1
spy,VB,1
squad,NN,4
squadron,NN,4.85627836161184
squadron,JJ,6
squadron,VB,6
squander,IN,6
squander,JJ,6
squander,VB,6
square,JJ,2
square,NN,2
square,VB,2
square,RB,2
squash,NN,4
squash,JJ,4
squash,VB,4
squeamish,JJ,6
squeeze,NN,4
squeeze,VB,4
squid,JJ,6
squid,NN,6
squid,RB,6
squid,VB,6
squint,NN,6
squint,VB,6
squint,JJ,6
squirrel,NN,6
squirrel,JJ,6
squirrel,VB,6
src,NN,6
src,JJ,6
src,VB,6
ssd,NNP,6
stab,NN,4
stab,VB,4
stab,JJ,4
stability,NN,4
stable,JJ,3
stable,NN,3
stack,NNP,4
stack,VB,4
stack,RB,4
stack,JJ,4
stadium,NN,2
staff,NN,2
staff,JJ,2
staff,VB,2
stage,JJ,1
stage,VB,1
stage,NN,1
stagger,VB,4
stagger,NN,4
stagger,RB,4
stagger,CC,4
stagger,JJ,4
stagnant,JJ,6
stain,NN,4
stain,JJ,4
stain,VB,4
stainless,JJ,5.07598177539202
stainless,NN,6
stainless,VB,6
staircase,NN,5.66572606884135
stairs,NNS,2
stairway,NN,6
stairway,VB,6
stairway,JJ,6
stairway,RB,6
stake,NN,4
stake,JJ,4
stake,VB,4
stakeholder,NN,6
stakeholder,JJ,6
stakeholder,VB,6
stale,JJ,5.92530224525049
stalk,NNP,6
stalk,VB,6
stalk,JJ,6
stall,NN,3
stall,VB,3
stallion,NN,6
stamina,NN,6
stamina,VB,6
stamp,NN,2
stamp,VB,4
stance,NN,4.82157339979199
stand,VB,2
stand,JJ,1.5
stand,NN,1
standard,JJ,4
standard,NN,3
standards,NNS,3.5
standing,JJ,1.5
standing,NN,1.5
standing,VBG,1.5
standpoint,NN,3.84007703567504
staple,NN,5.47931307902925
staple,VB,6
staple,JJ,6
stapler,NNP,6
star,JJ,2
star,NN,1
star,VB,3
stare,VB,3
stare,NNP,3
starfish,NN,6
starfish,JJ,6
starfish,VB,6
stark,NNP,5.72844177837921
stark,JJ,6
stars,NNS,2
stars,VB,2
start,JJ,1
start,NN,1
start,VB,1
started,VBD,1
started,JJ,1
starter,NN,1
starter,JJ,1
starter,RB,1
starter,VB,1
starter,IN,1
starting,JJ,1
starting,NN,1
starting,VBG,1
startle,NN,4
startle,VB,4
starts,VBZ,1
starts,NN,1
startup,NN,6
startup,IN,6
startup,JJ,6
startup,VB,6
starve,NNP,4
starve,VB,4
stash,NN,6
stash,VB,6
stat,NN,2.90430606341431
stat,VB,6
stat,JJ,6
stat,RB,6
state,JJ,4
state,NN,2
state,VB,4
stated,VBN,3.33333333333333
stated,JJ,3.33333333333333
statement,NN,2
statements,NNS,2
states,VB,3.33333333333333
states,NNS,3.33333333333333
static,JJ,2.88105449908273
static,NN,2.88105449908273
static,VB,2.88105449908273
station,NN,1
station,JJ,1
stations,NNS,1
statistical,NN,4.00878701114668
statistical,JJ,2.52983043313124
statistics,NNS,4
stats,NNS,2.88105449908273
stats,VB,2.88105449908273
stats,JJ,2.88105449908273
statue,NN,2
status,JJ,3
status,NN,3
statute,NN,1.9389738340243
statutory,JJ,2.60958237164528
staunch,NN,6
staunch,JJ,6
staunch,VB,6
stay,VB,1
stay,NN,3
steadfast,NN,6
steadfast,JJ,6
steadfast,IN,6
steadfast,VB,6
steadfast,RB,6
steadily,RB,3
steady,RB,3
steady,JJ,3
steak,NN,2
steak,VB,2
steak,JJ,2
steal,VB,2
steam,NNP,3
steamed,VBN,3
steamed,NN,3
steamed,JJ,3
steel,NN,3
steel,JJ,3
steep,NN,3
steep,JJ,3
steeple,NN,6
steer,VB,4
steering,VB,4
steering,NN,4
stellar,NN,6
stellar,JJ,6
stellar,IN,6
stellar,VB,6
stellar,RB,6
stem,NN,3
stem,VB,3
stencil,NN,6
stencil,JJ,6
stencil,VB,6
step,VB,1
step,NN,2
step,JJ,1.5
stepbrother,JJ,6
stepbrother,NN,6
stepchild,NNP,6
stepchild,JJ,6
stepdaughter,NN,6
stepfather,NN,4
stepfather,JJ,4
stepmother,NN,4
stepmother,JJ,4
steppe,NNP,1.5
steppe,VB,1.5
steppe,JJ,1.5
steps,VB,1.5
steps,NNS,1.5
stepsister,NN,6
stepson,NNP,6
stereo,JJ,6
stereo,NNP,6
sterilize,VB,6
sterling,NN,4.39935410938291
sterling,JJ,6
stern,NNP,4
stern,JJ,4
stern,RB,4
sternly,RB,4
sternly,JJ,4
sternly,VB,4
stethoscope,NN,6
stew,NNP,4
stew,JJ,4
stew,VB,4
stick,VB,3
stick,NN,4
stick,JJ,3.5
sticker,NN,3
sticker,JJ,3
sticky,JJ,3
stiff,JJ,4
stiff,NN,4
stigma,NNP,6
stigma,JJ,6
stigma,VB,6
stigma,RB,6
still,RB,2
still,JJ,1
still,VB,1.5
stimulation,NN,4
stimulation,JJ,4
stimulation,VB,4
stimulus,NN,3.72616949175324
sting,NNP,6
sting,JJ,6
sting,VB,6
stinginess,NN,4
stingray,NNP,6
stingray,JJ,6
stingy,NNP,4
stingy,JJ,4
stink,NN,4
stink,VB,4
stink,JJ,4
stinky,JJ,6
stinky,NN,6
stipend,NN,6
stipend,VB,6
stir,VB,3
stitch,NN,4
stitch,VB,4
stitch,RB,4
stitch,JJ,4
stitches,NNS,4
stitches,VB,4
stock,NN,4
stock,JJ,4
stock,VB,4
stole,VB,2
stolen,VBN,2
stolen,NN,2
stolen,JJ,2
stomach,NN,2
stomach,VB,2
stomach,JJ,2
stone,NNP,1
stone,RB,1
stone,JJ,1
stood,VBN,1.5
stop,JJ,1
stop,VB,1
stop,NN,1
stopover,NN,4
storage,JJ,3
storage,NN,3
store,VB,4
store,NN,1
store,JJ,2.5
store,CD,2.5
stores,NNS,2.5
stores,VB,2.5
stories,NNS,1
stork,NNP,6
stork,JJ,6
storm,NN,2
storm,VB,2
story,NN,1
story,JJ,1
storyline,NN,6
stout,NNP,5.91432846931071
stout,RB,6
stout,JJ,6
stout,VB,6
stove,NN,2
straight,RB,1
straight,VB,1.5
straight,JJ,2
straightforward,IN,4
straightforward,NN,4
straightforward,JJ,4
straightforward,RB,4
straightforward,CD,4
straightforward,VB,4
strain,NNP,3
strain,VB,4
strainer,NN,3.5
strainer,JJ,3.5
strait,NN,4
strait,VB,4
strait,JJ,4
strange,JJ,1
strange,NN,1
strangely,RB,3
stranger,JJ,2
stranger,NN,2
strap,NN,6
strap,JJ,6
strap,VB,6
strategic,JJ,3
strategic,NN,3
strategies,NNS,2
strategy,NN,2
straw,NN,3
straw,JJ,3
strawberry,NNP,3
strawberry,JJ,3
strawberry,VB,3
stray,JJ,6
stray,VB,6
stray,NNP,6
streak,NN,5.95704478524098
stream,NN,3
stream,JJ,3
stream,VB,3
streaming,NN,3
streaming,VB,3
streaming,JJ,3
streamline,VB,6
street,NN,1
street,JJ,1
strength,NN,2
strengthen,VB,3
strenuous,JJ,5.96783214608476
stress,VB,4
stress,JJ,3.5
stress,NN,3
stressful,JJ,3
stressful,NN,3
stressful,VB,3
stretch,NN,3
stretch,VB,3
stretch,JJ,3
stretcher,NN,3
stretcher,JJ,3
stretcher,VB,3
strict,JJ,1
strictly,RB,4
strictly,JJ,4
stride,NN,4
stride,VB,4
strike,JJ,2.5
strike,VB,3
strike,NN,2
striker,NN,6
striker,JJ,6
string,NN,2
string,VB,2
stringent,JJ,5.38646091316432
strip,NN,3
strip,VB,4
strip,JJ,3.5
strive,NN,4
strive,VB,4
strive,JJ,4
stroke,JJ,4
stroke,NN,4
stroke,VB,4
stroll,NNP,6
stroll,VB,6
stroller,NN,6
strong,JJ,1
strong,RB,1
strongly,RB,2
struck,VB,2.5
structural,JJ,2.04318215835669
structure,VB,2
structure,NN,2
structures,NNS,2
struggle,NN,3
struggle,VB,4
stubborn,JJ,3
stubbornly,RB,4
stubbornness,NN,3
stubbornness,JJ,3
stubbornness,VB,3
stucco,NN,6
stucco,JJ,6
stuck,NN,3
stuck,VBN,3
stuck,JJ,3
stud,NN,5.45530211742834
stud,VB,6
stud,JJ,6
student,NN,1
students,NNS,1
studied,VBN,1.5
studied,JJ,1.5
studies,NNS,1.5
studies,VB,1.5
studio,NN,3
study,NN,2
study,VB,1
stuff,NN,2
stuff,VB,4
stuffing,NN,3
stuffing,VB,3
stuffing,JJ,3
stumble,VB,3
stumble,NN,3
stump,NN,5.95637428143412
stump,JJ,6
stump,VB,6
stunning,JJ,3
stunt,NN,6
stunt,VB,6
stunt,JJ,6
stupid,JJ,3
sturdy,JJ,5.70631674966907
stutter,NNP,6
stutter,VB,6
sty,NN,6
sty,JJ,6
style,NN,2
style,JJ,2
styles,NNS,2
stylish,NN,3
stylish,JJ,3
stylish,VB,3
sub,NN,3.2121622205253
sub,JJ,2.58716064632728
sub,VB,6
subject,JJ,1
subject,NN,1
subject,VB,1
subjective,JJ,1
subjects,NNS,1
subjects,VB,1
sublet,NN,1
sublet,VB,1
sublimation,NN,6
sublimation,JJ,6
sublimation,VB,6
submarine,NN,3
submarine,JJ,3
submerge,VB,6
submerge,NN,6
submerge,JJ,6
submission,NN,1
submission,VB,1
submit,VB,4
submitted,VBN,4
subordinate,JJ,4.39704047018736
subordinate,VB,6
subordinate,NN,6
subscribe,VB,5.40496592481207
subscribers,NNS,5.29332264081732
subscription,NN,3.51158935232692
subscription,JJ,6
subsequent,JJ,1.94022070008752
subsequently,NN,6
subsequently,RB,2.69467807500757
subside,NN,4
subside,VB,4
subsidiary,JJ,6
subsidiary,NN,3.76156903020375
subsidy,NN,4.21073978837718
substance,NN,4
substantial,JJ,3
substantially,RB,2.52947995481354
substantiate,VB,6
substantiate,NN,6
substitute,VB,4
substitute,JJ,3.5
substitute,NN,3
subtle,JJ,4
subtraction,NN,3.18006273182446
subtraction,JJ,3.18006273182446
subtraction,VB,3.18006273182446
suburb,NN,4
suburban,JJ,4
suburban,NN,4
subway,NN,1
succeed,VB,2
success,NN,2
successful,JJ,1
successfully,RB,2
succession,NN,2
successive,JJ,4
successor,NN,2
such,DT,2
such,JJ,2
such,PRP,2
sucked,VBN,4
sucking,VBG,4
sucking,NN,4
sudden,JJ,2
suddenly,RB,3
sue,NNP,4
sue,VB,4
sued,VBN,4
suffer,VB,3
suffered,VBD,3
suffering,NN,4
suffering,VBG,4
suffering,JJ,4
sufficient,JJ,3
sufficiently,RB,4
suffocate,VB,6
sugar,NN,1
suggest,VB,2
suggested,JJ,2
suggested,VBN,2
suggestion,NN,1
suggestions,NNS,1
suit,NN,2
suit,VB,2
suit,RB,2
suitable,JJ,2
suitcase,NN,2
suite,NN,2
suites,NNS,2
sulfur,JJ,4
sulfur,NN,4
sullen,JJ,6
sullen,NNP,6
sum,VB,1
sum,JJ,1
sum,NNP,1
summarize,VB,3
summarize,NN,3
summary,NN,2
summer,NN,1
summer,JJ,1
summit,NNP,3
summon,NN,6
summon,VB,6
sun,NNP,1
sun,JJ,1
sunday,NNP,1
sunday,JJ,1
sunflower,NNP,2
sunflower,DT,2
sunflower,IN,2
sunflower,VB,2
sunflower,JJ,2
sung,NN,1
sung,VBN,1
sunglasses,NNS,2
sunglasses,VB,2
sunk,VB,2.5
sunlight,NN,2
sunny,JJ,1
sunrise,NN,3
sunrise,VB,3
sunrise,JJ,3
sunroof,NN,6
sunset,NN,3
sunset,VB,3
sunset,JJ,3
sunset,RB,3
sunset,DT,3
sunshine,NN,1
super,NN,1
super,JJ,1
super,VB,1
superb,JJ,4
superb,NN,4
superb,VB,4
superbly,RB,6
superbly,JJ,6
superficial,JJ,4.38347045396527
superficial,NN,6
superficial,VB,6
superhero,NNP,2
superhero,JJ,2
superintendent,NN,4
superintendent,JJ,4
superintendent,VB,4
superintendent,RB,4
superior,NN,3
superior,JJ,3
supermarket,NN,1
supernatural,NN,4
supernatural,JJ,4
supernatural,VB,4
supersede,NNP,6
supersede,VB,6
superstar,NN,2
superstar,JJ,2
superstar,VB,2
superstition,NN,3
superstition,VB,3
supervise,VB,4
supervise,NN,4
supervise,JJ,4
supervise,RB,4
supervision,NN,4
supervisor,NN,4
supper,NN,2
supplement,VB,4
supplement,NN,4
supplied,VBN,3.5
supplied,JJ,3.5
supplier,NN,4
suppliers,NNS,4
supplies,NNS,3.5
supplies,VB,3.5
supply,JJ,3.5
supply,NN,3
supply,VB,4
support,NN,2
support,VB,3
supported,VBN,2.5
supported,JJ,2.5
supporters,NNS,3
supporting,JJ,2.5
supporting,VBG,2.5
supportive,JJ,3
supports,VB,2.5
supports,NNS,2.5
suppose,VB,3
supposed,VBN,3
supposed,JJ,3
supposedly,NN,3
supposedly,RB,3
suppress,VB,4
suppress,NN,4
suppress,JJ,4
supreme,NN,1.98347709896932
supreme,JJ,3.87393757363172
sure,RB,2
sure,JJ,1
sure,NN,1.5
surely,RB,3
surf,JJ,1.5
surf,NN,1
surf,VB,2
surface,VB,3
surface,NN,3
surfing,NN,2
surfing,JJ,2
surfing,VB,2
surge,VB,4
surge,NN,4
surgeon,NN,3
surgery,NN,3
surgical,NN,6
surgical,JJ,3.43461192952645
surplus,NNP,2.8003513327733
surplus,JJ,5.69260821749
surprise,NN,1
surprise,RB,2
surprise,JJ,2
surprise,VB,3
surprised,VBN,2
surprised,JJ,2
surprisingly,RB,3
surrender,VB,4
surrender,NN,4
surround,NN,3
surround,JJ,3
surround,IN,3
surround,VB,3
surroundings,NNS,4
surroundings,VB,4
surveillance,NN,4
survey,VB,1
survey,NN,1
survival,NN,3
survive,VB,2
survivor,NN,3
survivor,JJ,3
survivor,VB,3
suspect,VB,4
suspect,NN,3
suspect,JJ,3.5
suspend,VB,4
suspenders,NNS,4
suspension,NN,3.15688537949541
suspicion,NN,3
suspicious,JJ,4
suspiciously,RB,4
sustain,VB,4
sustainable,JJ,4
sustainable,NN,4
sustainable,VB,4
swallow,NN,2
swallow,VB,2
swamp,NNP,5.72682873342079
swamp,JJ,6
swamp,VB,6
swan,JJ,4
swan,NNP,4
swan,VB,4
swap,NN,6
swap,VB,6
swap,JJ,6
swarm,NN,3
swarm,JJ,3
swarm,VB,3
sway,NNP,6
sway,JJ,6
sway,VB,6
swear,VB,3
sweat,VB,2
sweat,NN,3
sweat,JJ,2.5
sweater,NN,2
sweatshirt,NN,3
sweatshirt,VB,3
sweaty,NN,6
sweaty,JJ,6
sweaty,VB,6
sweaty,RB,6
swedish,JJ,4.79684216107247
swedish,NNP,5.19298620968169
sweep,NN,4
sweep,VB,4
sweet,JJ,1
sweet,NN,2
sweetheart,NN,2
swelling,VBG,3
swelling,JJ,3
sweltering,JJ,6
sweltering,VB,6
sweltering,NN,6
swept,VBN,4
swept,JJ,4
swift,NNP,4
swift,JJ,4
swim,NN,1
swim,VB,1
swim,JJ,1
swimmer,NN,3
swimmer,VB,3
swimmer,JJ,3
swimming,VB,1
swimming,NN,1
swimming,JJ,1
swimsuit,NN,2
swing,VB,4
swing,NN,4
swiss,NNP,5.39315351249635
swiss,JJ,5.00098760300461
switch,NN,3
switch,VB,3
switch,JJ,3
swivel,NN,6
swivel,JJ,6
swivel,VB,6
sword,NN,3
sword,JJ,3
sword,VB,3
sworn,VBN,3
sworn,JJ,3
sycamore,NNP,6
syllabus,NNP,5.9566949936572
symbol,NN,2
symbolic,JJ,4
symmetrical,JJ,5.43211926905686
symmetrical,NN,6
symmetrical,VB,6
sympathetic,JJ,4
sympathetically,RB,6
sympathize,VB,4
sympathy,NN,3
symphony,NN,2
symptom,NN,3
symptom,JJ,3
symptom,VB,3
symptomatic,NN,3
symptomatic,JJ,3
synagogue,NN,5.86712438157124
synagogue,JJ,6
synagogue,VB,6
sync,NN,6
sync,VB,6
sync,JJ,6
syndrome,NN,3
synergy,NN,6
synopsis,NN,6
synthesis,NN,2.89325820166568
synthesis,VB,6
synthesis,JJ,6
synthetic,NN,6
synthetic,JJ,3.68496409177284
syrian,JJ,5.53415455940444
syringe,NN,6
syringe,JJ,6
syringe,VB,6
syrup,NN,5.46589567566562
syrup,JJ,6
syrup,VB,6
syrup,RB,6
system,NN,2
systematic,JJ,3
systematically,NN,2
systematically,RB,2
systematically,VB,2
systematically,JJ,2
systemic,NN,2
systemic,JJ,2
systemic,VB,2
systems,NNS,2
systems,JJ,2
tab,NN,4.46010370583587
table,NN,1
table,JJ,1
tablecloth,NN,4
tables,NNS,1
tablespoon,NNP,2
tablespoon,RB,2
tablespoon,IN,2
tablespoon,CD,2
tablespoon,JJ,2
tablespoon,DT,2
tablespoon,VB,2
tablet,NN,3
tablet,JJ,3
tablet,IN,3
tablet,VB,3
tablet,RB,3
tablet,DT,3
tachometer,NN,6
tachometer,JJ,6
tackle,NN,4
tackle,VB,4
taco,NNP,6
taco,VB,6
taco,IN,6
taco,JJ,6
tactful,NN,6
tactful,JJ,6
tactfully,RB,6
tactfully,VB,6
tactic,NN,6
tactical,NN,6
tactical,JJ,5.04391415208032
tactless,JJ,6
tadpole,NNP,6
tadpole,DT,6
tadpole,JJ,6
tag,NN,4
tag,VB,4
tags,NNS,4
tags,VB,4
tahini,NNP,6
tail,JJ,4
tail,NN,4
taillight,NNP,6
tailor,NN,4
tailor,VB,4
tailor,JJ,4
take,NN,3
take,VB,1
take,JJ,2
takeaway,NN,3
taken,VBN,2
takeout,NN,6
takeout,VB,6
takeover,NN,6
takeover,JJ,6
takes,VB,2
taking,VBG,2
taking,NN,2
taking,JJ,2
tale,NN,3
tale,JJ,3
talent,NN,2
talk,NN,3
talk,VB,1
talk,JJ,2
talking,VBG,2
talking,NN,2
talking,JJ,2
tall,JJ,1
talon,NN,6
tambourine,NNP,6
tame,VB,4
tame,JJ,4
tamil,JJ,6
tamil,NNP,5.45364797413042
tan,NNP,4
tan,JJ,4
tangential,NN,5.86905498617377
tangential,JJ,5.86905498617377
tangential,VB,5.86905498617377
tangerine,NNP,6
tangerine,JJ,6
tangible,JJ,4.59049162817575
tangle,NN,6
tangle,VB,6
tangy,JJ,6
tangy,NN,6
tank,NN,3
tank,JJ,3
tanker,NN,3
tannery,NNP,6
tap,VB,4
tap,NN,2
tape,VB,3
tape,NNP,2
tape,JJ,2.5
tapestry,NN,6
tapestry,JJ,6
tapestry,VB,6
target,VB,2
target,NN,2
target,JJ,2
tariff,JJ,6
tariff,NN,3.02426023347672
tarp,NNP,6
tarp,JJ,6
tart,NNP,6
tart,RB,6
tart,VB,6
tart,JJ,6
task,NN,2
tassel,NNP,6
tassel,JJ,6
tassel,VB,6
taste,VB,3
taste,NN,3
tasty,JJ,3
tasty,NN,3
tattoo,NNP,4
tattoo,JJ,4
tattoo,VB,4
taught,VBN,1
taunt,NNP,4
taunt,VB,4
tavern,NNP,5.81768953900777
tavern,VB,6
tavern,JJ,6
tax,JJ,3
tax,NN,3
tax,VB,3
taxation,NN,3
taxes,VB,3
taxes,NNS,3
taxi,NN,1
taxpayer,NN,3.14528038720212
tea,NNP,1
teach,VB,1
teacher,NN,1
teachers,NNS,1
teaching,NN,3
teaching,VBG,3
team,NN,1
team,VB,1
team,JJ,1
teammate,NN,3
teammate,JJ,3
teammate,VB,3
teams,NNS,1
teamwork,VB,3
teamwork,NN,3
teamwork,JJ,3
teamwork,CC,3
tear,VB,3
tear,JJ,2.5
tear,NN,2
tears,NNS,2.5
teaspoon,NNP,4
teaspoon,CD,4
teaspoon,RB,4
teaspoon,JJ,4
teaspoon,VB,4
tech,NN,3.87492439623595
tech,JJ,6
technical,NN,4
technical,JJ,4
technically,RB,4
technically,NN,4
technician,NN,5.1558448386033
technician,JJ,6
technician,VB,6
technique,NN,3
techniques,NNS,3
technological,JJ,3
technologies,NNS,1
technology,JJ,1
technology,NN,1
tectonic,JJ,6
tectonic,NN,6
tectonic,VB,6
teddy,NNP,6
tedious,NN,6
tedious,JJ,5.79190906899502
teen,NN,3
teen,JJ,3
teenage,JJ,2
teenage,NN,2
teenage,VB,2
teenager,NN,2
teenager,JJ,2
teens,NNS,3
teens,VB,3
teens,JJ,3
teeth,NN,1
tel,NN,2.44714542881803
tel,JJ,6
tel,VB,6
telegraph,NNP,3
telegraph,VB,3
telemetry,NN,6
telemetry,VB,6
telephone,NN,1
telephone,JJ,1.5
telephone,VB,2
telescope,NNP,4
telescope,VB,4
television,NN,1
television,JJ,1
tell,NN,1
tell,VB,1
tell,JJ,1
temp,NN,5.74729390797892
temp,VB,6
temp,JJ,6
temper,NN,3
temperament,JJ,6
temperament,NN,5.38111205072986
temperament,VB,6
temperature,JJ,2
temperature,NN,2
template,NN,5.24272864066604
template,JJ,6
template,VB,6
temple,NNP,1
tempo,NN,5.9858760428182
tempo,JJ,6
tempo,RP,6
tempo,CD,6
tempo,VB,6
temporarily,RB,4
temporary,JJ,3
temptation,NN,4
ten,CD,1
ten,JJ,1
tenacious,NN,1
tenacious,JJ,1
tenancy,NNP,1
tenancy,VB,1
tenancy,JJ,1
tenant,NN,1
tenant,JJ,1
tend,VB,3
tendency,NN,3
tender,JJ,4
tender,VB,4
tender,NNP,4
tenderize,VB,3
tenderly,NN,4
tenderly,RB,4
tenderly,JJ,4
tenderness,NN,4
tenderness,VB,4
tenderness,JJ,4
tendon,NNP,5.91954396792407
tendon,VB,6
tendon,CD,6
tendon,JJ,6
tendon,IN,6
tenement,NN,1
tenement,JJ,1
tennis,NNP,1
tenor,NN,1
tenor,VB,1
tenor,CD,1
tenor,JJ,1
tenor,IN,1
tense,JJ,3
tense,NN,3
tensely,RB,1
tension,NN,3
tent,NN,3
tentacle,NN,6
tentacle,JJ,6
tentative,NN,3
tentative,JJ,3
tenth,NN,1
tenth,JJ,1
tenure,JJ,1
tenure,NN,1
term,NN,3
term,JJ,3
term,RB,3
term,VB,3
terminal,NN,3
terminal,JJ,3
terminate,VB,4.44292371673662
termination,NN,3.19316666706433
termite,JJ,6
termite,NNP,6
termite,VB,6
terms,NNS,3
terms,VB,3
terrace,NN,4
terrain,JJ,6
terrain,NN,4.58638741005579
terrain,VB,6
terrain,RP,6
terrarium,NN,6
terrible,JJ,1
terribly,RB,3
terrific,JJ,3
terrific,NN,3
terrified,JJ,3
terrified,VBN,3
territorial,JJ,3.6164954251659
territory,NN,4
terror,NN,3
terrorism,NN,3
terse,NNP,6
terse,JJ,6
terse,CD,6
terse,RB,6
terse,VB,6
test,NN,1
test,VB,4
test,JJ,2.5
testament,NN,3.5758149682409
testament,JJ,6
testify,VB,4
testimony,NN,4
testing,JJ,2.5
testing,NN,2.5
testing,VB,2.5
tests,VB,2.5
tests,NNS,2.5
text,NN,2
text,VB,2
textbook,NN,2
textbook,VB,2
textbook,JJ,2
textile,JJ,6
textile,NN,3.66974524630215
texture,NN,2
thai,NNP,5.13741031514423
thai,IN,6
thai,VB,6
thai,PRP,6
thai,JJ,6
thai,RB,6
thai,DT,6
thai,RP,6
thai,CD,6
than,IN,1
than,JJ,1
than,RB,1
than,CC,1
thank,VB,1
thankful,NN,3
thankful,JJ,3
thankful,DT,3
thankfully,RB,1
thankfully,IN,1
thankfully,NN,1
thanks,VB,1
thanks,NNS,1
thanksgiving,NNP,5.61746892260354
that,DT,1
that,RB,4
that,PRP,1
that,IN,1.75
that,NN,1.75
that,CC,1
thatch,JJ,6
thatch,NN,6
thatch,VB,6
thatch,DT,6
thatch,RP,6
the,DT,1
the,NN,1
the,VB,1
the,JJ,1
theater,NN,1
theatre,NN,1
thee,VB,1
thee,NN,1
thee,DT,1
thee,PRP,1
thee,RB,1
thee,JJ,1
theft,NN,3
their,PRP,1
their,PRP$,1
them,PRP,1
theme,NN,4
themselves,PRP,2
then,JJ,1
then,NN,1
then,RB,1
theological,JJ,3.76491826857196
theology,NN,3.45624031813523
theorem,NN,3.46536988116571
theorem,PRP,6
theorem,VB,6
theorem,JJ,6
theoretical,JJ,2.28582171482268
theory,NN,3
theory,VB,3
therapeutic,NN,6
therapeutic,JJ,3.71254890820164
therapist,NN,4
therapy,NN,4
there,RB,1
there,DT,1
thereafter,RB,4
thereby,RB,2.27521327659114
therefore,RB,2
therefore,CC,2
thereof,NN,6
thereof,RB,1.86475352783577
thereof,RP,6
thereof,DT,6
thereof,IN,6
thereof,PRP,6
thereof,CD,6
thereof,VB,6
thermal,NN,4.83013447170257
thermal,JJ,2.75232555618648
thermal,DT,6
thermal,VB,6
thermal,PRP,6
thermometer,JJ,4
thermometer,NN,4
thermometer,DT,4
thermostat,NN,6
thermostat,DT,6
thermostat,JJ,6
thermostat,PRP,6
thermostat,VB,6
these,DT,1
these,PRP,1
thesis,DT,4
thesis,NN,4
thesis,VB,4
thesis,PRP,4
thesis,JJ,4
thesis,CD,4
they,PRP,1
they,NN,1
thick,JJ,1
thick,NN,1
thick,RB,1
thicket,NN,6
thicket,JJ,6
thickness,NN,4
thickness,JJ,4
thickness,CD,4
thickness,PRP,4
thickness,VB,4
thickness,IN,4
thickness,DT,4
thief,NNP,2
thieves,NNS,2
thigh,NN,4
thimble,NNP,6
thimble,JJ,6
thin,NN,1
thin,JJ,1
thin,VB,1
thin,RB,1
thing,NN,1
things,NNS,1
think,VB,1
think,NN,1
thinking,VBG,1
thinking,NN,1
third,RB,2
third,JJ,2
third,NN,2
third,CD,2
thirsty,NN,2
thirsty,JJ,2
thirsty,PRP,2
thirsty,VB,2
thirsty,IN,2
thirteen,IN,1
thirteen,JJ,1
thirteen,CD,1
thirteen,NN,1
thirteen,VB,1
thirty,NN,1
thirty,JJ,1
thirty,CD,1
thirty,RB,1
thirty,IN,1
this,NN,1
this,DT,1
this,JJ,1
this,PRP,1
thorn,NNP,6
thorn,RP,6
thorn,JJ,6
thorn,VB,6
thorough,JJ,3
thoroughly,NN,4
thoroughly,RB,4
those,DT,1
those,PRP,1
thou,NN,6
thou,PRP,2.57751806675875
thou,IN,6
thou,JJ,6
thou,VB,6
thou,CC,6
though,IN,3
though,NN,3
though,RB,4
though,CC,2
thought,NN,2
thought,VBN,2
thought,JJ,2
thoughtful,JJ,4
thoughtfully,RB,2
thoughts,NNS,2
thousand,NN,2
thousand,CD,2
thousand,JJ,2
thousands,NNS,2
thousands,CD,2
thread,NN,4
threat,JJ,3
threat,NN,3
threaten,VB,4
threatened,VBN,4
threatened,JJ,4
three,JJ,1
three,CD,1
three,NN,1
thresher,NNP,6
threshing,VB,6
threshing,NN,6
threshing,JJ,6
threshold,RB,6
threshold,NN,3.43196313153926
threshold,VB,6
threshold,PRP,6
threshold,IN,6
threshold,CD,6
threshold,JJ,6
threw,VB,1.5
thrift,NN,5.76696358181361
thrifty,CD,6
thrifty,JJ,6
thrifty,NN,6
thrifty,RB,6
thrill,NNP,4
thrill,VB,4
thrilling,VB,4
thrilling,NN,4
thrilling,JJ,4
thrive,VB,5.85963957943033
thriving,JJ,5.85963957943033
thriving,VBG,5.85963957943033
throat,NN,4
throat,JJ,4
throne,NN,4.00162636288262
throne,CD,6
throne,VB,6
throttling,NN,6
throttling,VB,6
through,IN,1
through,RB,3
through,RP,2
through,JJ,2
throughout,IN,3
throw,VB,2
throw,NN,1
thrown,VBN,1.5
thrust,VB,5.11866436741255
thrust,NN,4.07622158786722
thumb,NN,3
thumbnail,NN,6
thumbnail,JJ,6
thumbnail,DT,6
thunder,NNP,3
thunderbolt,NNP,6
thunderstorm,NN,2
thunderstorm,JJ,2
thunderstorm,VB,2
thursday,NNP,1
thursday,JJ,1
thus,RB,3
thwart,VB,6
thwart,NNP,6
thyme,NNP,6
thyme,DT,6
thyme,JJ,6
thyme,CD,6
thyme,PRP,6
thyme,VB,6
tick,NN,3
tick,VB,3
ticket,NN,1
ticket,JJ,1
tickets,NNS,1
tidal,JJ,4.94943646418495
tidal,NNP,6
tidal,VB,6
tide,NN,3
tide,VB,3
tie,JJ,2.5
tie,VB,3
tie,NN,2
tied,VBN,2.5
tied,JJ,2.5
tier,JJ,5.4603928540805
tiger,NNP,1
tiger,JJ,1
tight,JJ,1
tight,RB,4
tighten,VB,3
tightly,RB,3
tights,NNS,2
tights,VB,2
tile,NNP,3
till,IN,2
till,JJ,2.5
till,CC,3
timber,NNP,2.70872175237875
time,NN,1
time,JJ,2.5
time,VB,4
time,RB,2.5
timer,NN,2.5
timer,JJ,2.5
times,NNS,4
times,CC,4
times,RB,4
times,IN,4
timid,JJ,6
tin,NNP,3
tinder,NNP,6
tinder,VB,6
tinder,IN,6
tinder,RP,6
tinfoil,NNP,6
tinfoil,JJ,6
tiny,JJ,3
tip,NN,2
tip,VB,4
tips,NNS,3
tiptoe,NN,4
tiptoe,VB,4
tiptoe,DT,4
tiptoe,PRP,4
tiptoe,JJ,4
tire,NN,3
tire,JJ,3
tire,VB,3
tired,JJ,1
tired,VB,1
tirelessly,RB,6
tissue,NN,3
tissue,JJ,3
titan,NNP,6
titan,DT,6
titan,IN,6
titanium,NNP,4.91436248188971
title,NN,2
title,JJ,2
titles,NNS,2
to,TO,1
toad,NNP,6
toast,NN,2
toaster,NN,2
tobacco,NN,3
tobacco,JJ,3
today,JJ,1
today,RB,1
today,NN,1
toddler,NNP,6
toddler,JJ,6
toe,VB,2
toe,NN,2
tofu,NNP,6
tofu,VB,6
together,NN,1
together,RB,1
together,JJ,1
together,RP,1
toilet,NN,1
token,JJ,6
token,NN,5.65016477411732
told,VBN,1
tolerance,NN,3.66244784383676
tolerate,NN,4
tolerate,RP,4
tolerate,CD,4
tolerate,DT,4
tolerate,RB,4
tolerate,IN,4
tolerate,VB,4
tolerate,JJ,4
toll,NNP,4
toll,JJ,4
tollbooth,NNP,6
tomato,NNP,1
tomato,RP,1
tomato,VB,1
tomato,JJ,1
tomb,NNP,4
tomb,JJ,4
tomorrow,NNP,1
tomorrow,RB,1
ton,NN,4
ton,JJ,4
tone,NN,2
tongs,NNS,6
tongs,VB,6
tongue,NNP,3
tongue,JJ,3
tonight,RB,1
tonight,NN,2
tonsil,NNP,6
tonsil,JJ,6
too,NN,1
too,RB,1
too,JJ,1
took,VB,2
tool,JJ,1
tool,NN,1
toolbox,NN,6
toolkit,NN,6
toolkit,VB,6
tools,NNS,1
tooth,NN,1
tooth,JJ,1
toothache,NN,2
toothache,VB,2
top,RB,2
top,JJ,3
top,NN,1
top,VB,2
topic,NN,1
topics,NNS,1
topography,NN,5.02357159965839
topography,JJ,6
topping,VBG,2
torch,NNP,4
torch,JJ,4
torch,VB,4
torch,IN,4
torch,RB,4
tore,VB,2.5
torment,NN,4.35329539868028
torment,VB,4.35329539868028
torment,JJ,4.35329539868028
torment,CC,4.35329539868028
torn,JJ,2.5
torn,VBN,2.5
tornado,NN,3
tornado,JJ,3
tornado,VB,3
torrential,NN,4.35329539868028
torrential,JJ,4.35329539868028
torrid,NNP,6
torrid,JJ,6
torso,NNP,6
torso,RP,6
torso,VB,6
tortilla,NNP,6
tortoise,JJ,6
tortoise,NNP,6
tortoise,IN,6
tortoise,VB,6
torture,NN,4
torture,JJ,4
torture,VB,4
toss,NN,3
toss,VB,3
toss,IN,3
toss,JJ,3
total,VB,3
total,JJ,3
total,NN,3
totally,RB,3
touch,JJ,2
touch,NN,1
touch,VB,3
touch,RB,2
touchdown,NN,6
touchdown,VB,6
touchdown,IN,6
touchdown,DT,6
tough,JJ,4
tough,VB,4
tour,VB,3
tour,NNP,2
tourism,NN,3
tourist,NNP,2
tournament,NN,3
tournament,VB,3
tournament,JJ,3
tours,NNP,2.5
tours,VB,2.5
tow,RB,6
tow,NN,6
tow,IN,6
tow,PRP,6
tow,RP,6
tow,VB,6
tow,JJ,6
toward,IN,2
towards,IN,2
towel,NNP,1
tower,NN,1
tower,VB,1
town,NN,1
town,JJ,1
townhouse,NN,6
township,NN,1
toxic,NN,4
toxic,JJ,4
toy,NNP,1
toy,JJ,1
toys,VB,1
toys,NNS,1
trace,NN,3
trace,VB,4
trachea,NNP,6
track,VB,4
track,JJ,3
track,NN,2
tracker,NN,3
tracking,VB,3
tracking,NN,3
tracks,NNS,3
tracks,VB,3
tract,NN,3.18006273182446
traction,NN,3.18006273182446
traction,VB,3.18006273182446
traction,JJ,3.18006273182446
tractor,NN,3.18006273182446
trade,NN,2
trade,VB,4
trade,JJ,3
trademark,NN,4.53194582609736
trademarks,NNS,4.53194582609736
trademarks,VB,4.53194582609736
traders,NNS,4
trading,JJ,3
trading,NN,3
trading,VB,3
tradition,NN,2
tradition,JJ,2
traditional,JJ,2
traditionally,RB,3
traffic,NN,2
traffic,JJ,2
trafficking,NN,6
trafficking,JJ,6
tragedy,NN,3
tragic,JJ,3
tragic,NN,3
tragically,RB,3
tragically,NN,3
tragically,JJ,3
trail,VB,4
trail,JJ,3.5
trail,NN,3
trailer,NN,4
train,NN,1
train,VB,2
trainee,NN,4
trainee,VB,4
trainee,JJ,4
trainer,NN,4
trainer,JJ,4
training,NN,2
training,VB,2
trait,NN,4
trait,JJ,4
trait,VB,4
traitor,NN,4
traitor,VB,4
tram,NNP,2
tram,JJ,2
tram,VB,2
trample,NN,4
trample,VB,4
trample,IN,4
trampoline,NNP,6
tranquil,NNP,6
tranquil,VB,6
tranquil,JJ,6
tranquil,DT,6
transaction,NN,2.5
transactions,NNS,2.5
transcend,NN,6
transcend,IN,6
transcend,VB,6
transcend,JJ,6
transcript,NN,4
transfer,VB,3
transfer,NN,4
transform,VB,3
transformation,NN,3
transit,NN,3.19647643521413
transition,NN,4
translate,VB,3
translation,NN,4
translator,NN,4
transmission,NN,4
transmission,JJ,4
transmit,NN,4
transmit,VB,4
transmit,PRP,4
transmit,JJ,4
transparency,NN,2.88716323093868
transparent,JJ,4
transplant,NN,2.5
transplant,VB,2.5
transplant,JJ,2.5
transport,NN,3
transport,JJ,3.5
transport,VB,4
transportation,NN,3
transportation,JJ,3
trap,NN,2
trapdoor,NN,6
trash,NN,3
trash,VB,3
trash,JJ,3
trauma,NN,4.03232043039379
trauma,JJ,6
trauma,DT,6
trauma,VB,6
traumatic,NN,6
traumatic,JJ,5.09558763077716
travel,NN,2
travel,VB,1
travel,JJ,1.5
traveler,NN,2
tray,NN,4
treacherous,JJ,6
treadmill,NNP,6
treadmill,VB,6
treason,NNP,5.64073037735871
treason,VB,6
treason,CD,6
treason,JJ,6
treason,RB,6
treasure,NN,2
treasurer,NNP,2.62478815161924
treasury,NNP,2.25438362564431
treasury,JJ,6
treat,NN,3
treat,VB,4
treatment,NN,3
treatment,JJ,3
treaty,NN,4
treaty,JJ,4
tree,NN,1
tree,JJ,1
trees,NNS,1
trek,NNP,4
tremendous,JJ,3
tremendously,RB,4
trench,NNP,4.95456247596033
trench,JJ,6
trench,VB,6
trend,NN,3
trend,VB,3
trending,NN,3
trending,VBG,3
trending,JJ,3
trends,NNS,3
trespass,NN,5.8101642866663
trial,JJ,4
trial,NN,4
triangle,NN,4
tribal,JJ,3.90243117081124
tribal,NN,6
tribal,VB,6
tribe,NN,4
tribunal,NNP,3.80139166635205
tribune,NN,4.89524418196471
tribute,NN,4.14891130732177
trick,NN,2
trick,VB,4
tricky,JJ,4
tricycle,NN,6
tricycle,JJ,6
tried,VBN,1.5
tried,JJ,1.5
trigger,NN,3
trigger,VB,3
trigger,JJ,3
trillion,CD,6
trillion,NN,6
trillion,JJ,6
trilogy,NN,6
trim,JJ,3
trim,NN,3
trim,VB,3
trimester,NN,6
trimester,RB,6
trimester,JJ,6
trinket,NN,6
trio,NN,4
trio,JJ,4
trio,RP,4
trio,VB,4
trio,CD,4
trip,JJ,2.5
trip,NN,1
trip,VB,4
triple,NN,6
triple,JJ,5.27931752900362
triple,RB,6
triple,VB,6
tripod,NN,6
tripod,VB,6
tripod,JJ,6
triumph,NN,3
trivial,JJ,4
troll,NNP,6
troll,DT,6
troll,RB,6
troll,JJ,6
troll,VB,6
trolley,NN,4
trolley,JJ,4
trombone,NN,6
trombone,CD,6
troop,NN,4
trophy,NN,4
tropical,NN,3
tropical,JJ,3
trouble,NN,2
trouble,VB,3
trough,NN,5.36871652410148
trouser,NNP,6
trouser,JJ,6
trousers,NNS,1
trout,NN,4.39843954345736
trout,JJ,6
trout,VB,6
trout,RP,6
trowel,NN,6
trowel,VB,6
truancy,NNP,6
truck,NN,1
truck,JJ,1
true,NN,1
true,JJ,1
true,RB,1
truly,RB,2
trumpet,NNP,3
trumpet,JJ,3
trumpet,RB,3
trumpet,VB,3
trunk,NN,4
trust,NN,4
trust,VB,2
trustworthy,JJ,3
trustworthy,NN,3
trustworthy,VB,3
truth,NN,2
truthfully,RB,2
truthfully,NN,2
try,VB,2
try,NN,1
trying,VBG,1.5
trying,JJ,1.5
tsunami,NNP,6
tsunami,JJ,6
tub,NN,4
tuba,NNP,4
tuba,JJ,4
tuba,VB,4
tube,NN,1
tuesday,NNP,1
tug,VB,4
tug,NNP,4
tugboat,NNP,6
tugboat,VB,6
tuition,NN,4
tuition,JJ,4
tulip,NNP,4
tulip,VB,4
tulip,JJ,4
tumbleweed,NN,6
tumbleweed,VB,6
tumor,NN,4
tumor,JJ,4
tundra,NNP,6
tundra,VB,6
tune,NNP,2
tune,VB,2
tunic,NN,6
tunic,JJ,6
tunic,VB,6
tunnel,VB,4
tunnel,NN,4
turban,NNP,6
turban,JJ,6
turbine,JJ,6
turbine,NNP,4.22080146400521
turbo,NNP,6
turbo,RP,6
turbo,IN,6
turbo,JJ,6
turbo,VB,6
turbocharger,NN,6
turbulence,NN,3
turbulent,JJ,4
turbulent,NN,4
turbulent,VB,4
turf,JJ,6
turf,NN,6
turkey,NNP,1
turkish,JJ,3.86375527276152
turmeric,NN,6
turmeric,JJ,6
turmeric,VB,6
turn,JJ,1
turn,VB,1
turn,NN,1
turn,RB,1
turnaround,NN,6
turned,VBN,1
turned,JJ,1
turned,NN,1
turnip,NN,6
turnip,VB,6
turnip,JJ,6
turnip,CD,6
turnover,NN,4.17610844373102
turnover,JJ,6
turnpike,NN,6
turquoise,NNP,6
turquoise,JJ,6
turquoise,VB,6
turquoise,IN,6
turquoise,RB,6
turret,NNP,6
turret,VB,6
turret,JJ,6
turtle,NNP,3
turtle,JJ,3
tusk,NNP,6
tusk,JJ,6
tutor,NN,4
tutor,VB,4
tutor,JJ,4
tutor,RP,4
tutorial,NN,6
tutorial,JJ,6
tutorial,VB,6
tweet,VB,6
tweet,NN,6
tweet,CD,6
tweezers,NNS,6
twelve,NN,1
twelve,CD,1
twelve,JJ,1
twentieth,NN,5.13342040301818
twentieth,JJ,3.76480615461038
twenty,CD,1
twenty,NN,1
twenty,JJ,1
twice,RB,2
twice,JJ,2
twig,NN,6
twig,VB,6
twig,JJ,6
twilight,NN,6
twilight,VB,6
twilight,JJ,6
twilight,DT,6
twilight,PRP,6
twilight,CC,6
twilight,CD,6
twilight,RB,6
twin,NN,3
twin,JJ,3
twist,NN,3
twist,VB,3
twitch,NN,6
twitch,VB,6
twitch,DT,6
twitch,JJ,6
two,CD,1
two,NN,1
two,JJ,1
type,NN,1
type,JJ,2
type,VB,3
types,NNS,2
typewriter,NN,5.79478927886532
typhoon,NN,6
typhoon,IN,6
typical,JJ,3
typically,RB,3
ubiquitous,NN,6
ubiquitous,JJ,6
udder,NN,6
udder,VB,6
udder,JJ,6
ugly,JJ,1
ukrainian,NNP,5.69356918105832
ukrainian,JJ,6
ulcer,NNP,5.46331419493205
ulcer,VB,6
ulcer,IN,6
ulcer,JJ,6
ultimate,JJ,4
ultimate,NN,4
ultimately,RB,4
ultra,JJ,5.14568786538912
ultra,NN,6
umbrella,NN,1
umpire,NNP,6
umpire,CD,6
umpire,RB,6
umpire,IN,6
umpire,JJ,6
umpire,VB,6
unable,JJ,3
unacceptable,NN,4
unacceptable,JJ,4
unanimous,JJ,4.00986880634451
unanimously,RB,4.87774869053894
unarmed,NN,2
unarmed,JJ,2
unarmed,VB,2
unaware,JJ,4
unbelievable,JJ,3
uncanny,JJ,6
uncertain,JJ,2
uncertain,NN,2
uncertainty,NN,3
unchanged,JJ,4
uncle,NN,1
unclear,JJ,3
uncomfortable,JJ,2
uncommon,JJ,4
uncommon,RB,4
unconditionally,RB,6
unconditionally,JJ,6
unconscious,NN,4
unconscious,JJ,4
uncontrollably,RB,2.5
undeniable,JJ,3
under,NN,1
under,JJ,1
under,IN,1
under,RP,1
undercover,NN,6
undercover,JJ,6
undercover,IN,6
undercover,RB,6
underestimate,VB,4
underestimate,RB,4
underestimate,NN,4
underestimate,JJ,4
undergo,VB,3
undergraduate,JJ,4
undergraduate,NN,4
undergraduate,VB,4
underground,RB,4
underground,NN,4
underground,JJ,4
underlying,VBG,1
underlying,JJ,1
undermine,VB,5.29938851097943
underneath,IN,3
underneath,RB,4
underpass,NN,6
underpin,JJ,6
underpin,IN,6
underpin,VB,6
underpinning,NN,6
underpinning,JJ,6
underpinning,VBG,6
understand,VB,2
understandable,JJ,4
understanding,JJ,4
understanding,NN,4
understanding,VBG,4
understood,JJ,2
understood,VBN,2
undertake,VB,4
undertaken,VBN,4
undertow,NN,6
undertow,JJ,6
underwater,JJ,2
underwater,RB,4
underwater,NN,3
underway,NN,6
underway,JJ,6
underway,RB,6
underway,VB,6
underway,IN,6
underwear,NN,4
undoubtedly,RB,4
undoubtedly,NN,4
uneasiness,NN,1
uneasy,JJ,2
unemployed,JJ,3
unemployed,NN,3
unemployed,VB,3
unemployment,NN,3
unexpected,JJ,3
unexpectedly,RB,3
unfair,JJ,2
unfinished,JJ,1
unfinished,NN,1
unfinished,VB,1
unfortunate,JJ,3
unfortunately,RB,2
unfriendly,JJ,3
unfurnished,NN,3
unfurnished,JJ,3
unhappy,JJ,2
unhealthy,NN,2
unhealthy,JJ,2
unhealthy,VB,2
unicorn,NN,6
unicorn,JJ,6
unified,VB,3
unified,JJ,3
uniform,NN,2
uniform,JJ,2
uniformly,RB,2
uniformly,NN,2
uniformly,JJ,2
unify,NN,3
unify,JJ,3
unify,VB,3
unintentionally,RB,4
union,JJ,3
union,NN,3
unique,JJ,3
unit,NN,2
unit,JJ,2
unite,VB,3
unite,NNP,3
unite,IN,3
unite,JJ,3
unite,RB,3
united,VB,4
united,NN,4
united,JJ,4
units,NNS,2
unity,NN,2.77902585275501
universal,NN,4
universal,JJ,4
universally,RB,4.87130717161955
universe,NNP,3
university,NN,2
university,JJ,2
unix,NNP,6
unkempt,JJ,6
unkind,JJ,4
unkind,NNP,4
unkind,VB,4
unknown,JJ,2
unknown,NN,2
unlawful,JJ,2
unleash,NN,4
unleash,VB,4
unleash,JJ,4
unless,IN,3
unless,CC,3
unlike,IN,4
unlike,JJ,2
unlimited,JJ,4
unload,VB,4
unlock,VB,4
unlock,JJ,4
unlock,NN,4
unlock,RB,4
unlock,RP,4
unnecessarily,RB,5.98181807398994
unnecessary,JJ,2
unpaid,JJ,3
unpleasant,JJ,2
unpopular,JJ,4
unprecedented,JJ,4.94836937018331
unreasonable,JJ,4
unreasonable,NN,4
unrelated,JJ,3
unreliable,NN,4
unreliable,JJ,4
unruly,JJ,6
unstable,JJ,4.36865352773936
unsuccessful,JJ,4
unsure,JJ,4
unsure,NN,4
unsure,VB,4
until,IN,1
until,CC,3
unto,NN,4
unto,IN,4
unto,VB,4
unto,JJ,4
unto,RP,4
unto,RB,4
unusual,JJ,2
unveil,VB,5.24596271470322
unwanted,JJ,3
unwavering,VB,6
unwavering,JJ,6
unwilling,JJ,4
unwillingly,RB,6
unwillingly,JJ,6
up,NN,1.5
up,RB,2
up,IN,1
up,RP,1.5
up,JJ,1.5
up,VB,1.5
upcoming,VB,6
upcoming,NN,6
upcoming,JJ,6
update,VB,3
update,NN,4
updated,VBN,3.5
updates,NNS,3.5
updates,VB,3.5
upgrade,NN,4
upgrade,JJ,4
upgrade,VB,4
uphold,VB,1.5
uphold,NN,1.5
uphold,RP,1.5
uphold,RB,1.5
uphold,JJ,1.5
upholstery,NN,6
upholstery,JJ,6
upholstery,RB,6
upkeep,NN,1
upkeep,IN,1
upkeep,JJ,1
upkeep,VB,1
upload,NN,3
upload,IN,3
upload,RB,3
upload,JJ,3
upload,VB,3
upon,RP,2
upon,IN,2
upon,JJ,2
upon,RB,2
upper,NN,3
upper,JJ,3
upper,RB,3
upright,RB,4
upright,JJ,4
uprising,NN,5.94451895710718
uproot,RB,2
uproot,VB,2
ups,NNS,1.5
upscale,JJ,6
upscale,NN,6
upset,NN,3
upset,VB,4
upset,JJ,2
upside,JJ,6
upside,NN,6
upside,RB,6
upstairs,NN,3
upstairs,JJ,3
upstairs,RB,2
upward,RB,3
upward,JJ,3
uranium,NN,3.87941732483876
uranium,JJ,6
uranium,VB,6
uranium,PRP,6
urban,JJ,4
urban,NN,4
urbanization,NN,4
urge,NN,3
urge,VB,4
urgent,NNP,3
urgent,JJ,3
urgently,RB,4
urine,JJ,6
urine,NNP,3.69445915539763
urine,VB,6
urn,NNP,6
urn,RP,6
urn,IN,6
urn,JJ,6
urn,VB,6
us,PRP,1
usa,NNP,2.07757279453743
usage,NN,3
usb,NNP,6
usb,JJ,6
usd,NNP,6
usd,VB,6
use,VB,1
use,JJ,1.5
use,NN,2
used,JJ,2
used,VBN,2
used,NN,2
useful,JJ,2
usefully,RB,1.5
useless,JJ,3
user,NN,4
users,NNS,4
uses,NNS,1.5
uses,VB,1.5
using,JJ,1.5
using,VBG,1.5
usr,NNP,6
usr,IN,6
usr,JJ,6
usual,JJ,2
usual,RB,2
usually,RB,1
utensil,NNP,6
utensil,JJ,6
utilities,NNS,4
utility,JJ,4
utility,NN,4
utilize,VB,4
utilize,NN,4
utilize,JJ,4
utter,NN,4
utter,JJ,4
utter,VB,4
utterly,RB,4
vacant,JJ,4
vacation,NN,1
vaccination,NN,5.43089437329172
vaccination,VB,6
vaccination,JJ,6
vaccine,NN,4
vacuum,NN,3.36098186388487
vacuum,VB,6
vague,JJ,3
vaguely,RB,5.70962657924816
vaguely,JJ,6
vain,JJ,3
valentine,NNP,4
valiant,NN,6
valiant,JJ,6
valiant,VB,6
valid,JJ,4
validate,JJ,4
validate,VB,4
validate,NN,4
validate,RB,4
validity,NN,4
valley,NN,2
valuable,NN,3
valuable,JJ,3
valuation,NN,3.40177624677232
value,VB,4
value,NN,2
value,JJ,3
values,NNS,3
values,VB,3
valve,NNP,2.79448592746742
valve,JJ,6
valve,RB,6
valve,CD,6
valve,IN,6
valve,VB,6
vampire,NN,6
vampire,VB,6
vampire,JJ,6
van,NNP,3
vanilla,NNP,6
vanilla,JJ,6
vanilla,VB,6
vanish,NNP,4
vanish,VB,4
vanish,JJ,4
vanity,NNP,4
vapor,RB,6
vapor,VB,6
vapor,JJ,6
vapor,NNP,3.93040731063498
vapor,IN,6
var,NNP,5.75349624952856
var,VB,6
var,JJ,6
var,RB,6
var,IN,6
variable,NN,3.61045875678225
variable,JJ,2.45521179101326
variables,NNS,2.00754214406605
variant,NN,3
variant,JJ,3
variant,VB,3
variation,NN,4
variation,JJ,4
variation,VB,4
variety,NNP,3
various,JJ,3
varnish,NNP,6
varnish,JJ,6
varnish,VB,6
varsity,NN,6
varsity,JJ,6
vary,VB,3
vase,NNP,1
vase,JJ,1
vase,VB,1
vast,JJ,3
vastly,RB,3
vault,NNP,5.62543839865255
vault,VB,6
veal,NNP,6
veal,VB,6
veal,JJ,6
vector,NN,3.12577357064798
vegan,NNP,6
vegan,IN,6
vegan,JJ,6
vegetable,NN,1
vegetarian,NN,3
vegetarian,JJ,3
vegetarian,VB,3
vegetation,NN,3.515516164801
vegetation,VB,6
vegetation,JJ,6
vehicle,JJ,3
vehicle,NN,3
vehicles,NNS,3
veil,NNP,5.24596271470322
vein,NNP,3
velocity,NN,2.32361249460091
velvet,NNP,6
velvet,RB,6
velvet,VB,6
velvet,JJ,6
vendor,NN,4.29968516252318
veneer,NNP,6
veneer,JJ,6
veneer,VB,6
venison,NNP,6
vent,NNP,5.63082296533836
vent,JJ,6
vent,VB,6
ventilator,NN,6
ventilator,JJ,6
ventilator,VB,6
venture,NN,4
venture,JJ,4
venture,VB,4
venue,JJ,4
venue,NN,4
venue,RB,4
venue,IN,4
venue,VB,4
venus,NNP,6
veranda,NNP,6
verb,NN,2
verb,JJ,2
verb,DT,2
verb,VB,2
verb,IN,2
verb,RB,2
verbal,JJ,4
verbally,RB,4
verdict,NN,3.45352773258106
verge,NNP,5.95307643671428
verification,NN,4.21298953406605
verification,VB,6
verified,VBN,4.47419444488616
verified,NN,4.47419444488616
verified,JJ,4.47419444488616
verify,VB,4.58813270378893
verify,NN,6
verify,RB,6
verify,JJ,6
verify,IN,6
versatile,IN,6
versatile,NN,6
versatile,RB,6
versatile,VB,6
versatile,JJ,6
verse,NNP,4
verse,VB,4
verse,JJ,4
verse,RB,4
version,NN,4
versions,NNS,4
versus,CC,4
versus,NN,4
versus,IN,4
versus,JJ,4
versus,VB,4
versus,RB,4
vertical,NN,5.85136669647735
vertical,JJ,2.4248929500814
vertical,VB,6
vertical,RB,6
vertical,IN,6
very,JJ,4
very,RB,1
vessel,NNP,3
vest,NNP,3.52879405961351
vest,JJ,3.52879405961351
vest,VB,3.52879405961351
vest,RB,3.52879405961351
veteran,NNP,4
veteran,JJ,4
veterinarian,JJ,6
veterinarian,NNP,6
veterinary,NN,5.11321304816676
veterinary,JJ,5.4002256556872
veterinary,VB,6
veto,JJ,6
veto,VB,6
veto,NNP,5.40792331127776
vhs,NNP,6
via,IN,3
via,NNP,3
viable,JJ,4.3423993926546
viaduct,NN,6
vibe,NNP,6
vibe,JJ,6
vibrant,JJ,6
vibrate,NN,4
vibrate,RB,4
vibrate,VB,4
vibrate,JJ,4
vice,NN,3
vice,RB,3
vice,JJ,3
vicinity,NN,3.54698626717223
vicinity,JJ,6
vicious,JJ,5.21579820974004
viciously,RB,5.21579820974004
victim,NN,3
victoria,NNP,3.25887255829282
victorian,JJ,5.06541200035868
victorian,NNP,6
victory,NN,3
video,JJ,1
video,NN,1
videos,NNS,1
vietnamese,NNP,5.79601844286177
vietnamese,JJ,5.53449300237236
view,NN,2
view,VB,3
view,JJ,2.5
viewed,VBN,2.5
viewer,NN,4
viewer,IN,4
viewer,JJ,4
viewing,NN,2.5
viewing,VBG,2.5
viewpoint,NN,3
views,VB,2.5
views,NNS,2.5
vigilant,JJ,6
vigilant,NN,6
vigorous,JJ,4
vigorously,RB,4
vile,NNP,6
vile,JJ,6
vile,IN,6
vile,VB,6
vile,RB,6
villa,JJ,4
villa,NNP,4
village,NN,2
villager,NN,4
villain,NN,6
villain,VB,6
villain,JJ,6
vindictive,JJ,6
vindictive,NN,6
vindictive,VB,6
vine,NNP,5.59819674549652
vine,JJ,6
vinegar,NNP,4
vinegar,JJ,4
vinegar,VB,4
vinegar,RB,4
vineyard,NNP,6
vineyard,JJ,6
vineyard,VB,6
vintage,NN,6
vintage,JJ,6
vinyl,NNP,5.60054723144513
vinyl,JJ,6
vinyl,VB,6
vinyl,RB,6
violate,VB,4
violation,NN,2.47782329838058
violence,NN,3
violent,JJ,2
violet,NNP,4.59713987746244
violin,NNP,2
violinist,NNP,2
violinist,JJ,2
viper,NNP,6
viper,JJ,6
viral,JJ,4.86452840039271
viral,NN,6
viral,VB,6
virgin,NNP,3.81814180627286
virgin,JJ,6
virtual,JJ,3
virtually,RB,4
virtually,JJ,4
virtue,NN,4
virtuous,NN,6
virtuous,JJ,5.77468156093706
virus,NN,3
visa,NNP,3
viscosity,NN,4.3107766256648
viscosity,JJ,6
visibility,JJ,4.71140694274002
visibility,NN,4.71140694274002
visible,JJ,3
visibly,RB,4
visibly,JJ,4
vision,NN,3
vision,JJ,3
visit,NN,1
visit,VB,1
visitor,NN,2
visitors,NNS,2
vista,NNP,5.67765694822567
visual,JJ,3
vital,JJ,4
vitamin,NN,4
vitamin,VB,4
vitamin,JJ,4
vitamin,IN,4
vivacious,JJ,6
vivid,JJ,3
vividly,RB,3
vocabulary,NN,2
vocal,JJ,4.79144999365828
vocal,NN,6
vocalist,NN,4
vocalist,JJ,4
vocational,NN,4.70886828534821
vocational,JJ,3.59079428585112
vocational,VB,6
vodka,NN,6
vogue,NNP,5.9972536623665
voice,NN,2
voice,VB,2
voice,JJ,2
void,VB,6
void,JJ,5.38710334135315
void,NN,3.99630743395581
vol,NNP,1.55228210119024
vol,JJ,6
vol,VB,6
vol,RB,6
volatile,JJ,4.54638910089083
volcanic,NN,6
volcanic,JJ,5.05662059226453
volcanic,VB,6
volcano,NNP,3
volcano,JJ,3
volleyball,NN,1
volleyball,VB,1
volt,JJ,6
volt,NN,5.86935182718362
volt,VB,6
voltage,NN,2.5837979090253
voltage,JJ,6
voltage,RB,6
voltage,VB,6
volume,JJ,3
volume,NN,3
voluntarily,RB,4.47082717315835
voluntary,JJ,3.03392125807731
voluntary,NN,5.87311878123043
volunteer,VB,3
volunteer,NNP,4
vomit,NN,4
vomit,VB,4
voracious,JJ,6
vote,JJ,2
vote,NN,1
vote,VB,3
voter,NN,4
votes,VB,2
votes,NNS,2
voucher,NNP,6
voucher,JJ,6
voucher,VB,6
vow,NN,4
vow,IN,4
vow,JJ,4
vow,VB,4
vow,RB,4
voyage,NN,3
vulgar,JJ,5.8851501197419
vulgar,NNP,6
vulgar,CC,6
vulgar,RB,6
vulgar,IN,6
vulgar,VB,6
vulnerability,NN,5.03371076876992
vulnerable,JJ,3.98088326161557
vulture,NN,6
vulture,JJ,6
wade,NNP,5.31333049473579
wade,VB,6
waffle,NN,6
waffle,VB,6
waffle,JJ,6
wage,NN,4
wage,JJ,4
wage,VB,4
wagon,NN,3
waist,NN,4
wait,NN,4
wait,VB,1
wait,JJ,2.5
waiting,VBG,2.5
waiting,NN,2.5
waiting,JJ,2.5
wake,NN,1
wake,VB,3
walk,VB,1
walk,NN,1
walking,NN,2
walking,VBG,2
walking,JJ,2
wall,NN,1
wall,RB,1
wall,JJ,1
wall,VB,1
wallet,NN,2
wallpaper,NN,6
walnut,NNP,4
walrus,NNP,6
walrus,JJ,6
wander,VB,2
wander,NNP,2
wanderlust,NN,6
want,NN,4
want,VB,1
wanted,VBN,2.5
wanted,JJ,2.5
wants,VBZ,2.5
wants,NN,2.5
war,JJ,1
war,NN,1
ward,NN,3
ward,VB,3
wardrobe,NN,3
wardrobe,JJ,3
warehouse,NN,3.93812761006819
warfare,NN,3.85110180708566
warm,JJ,1
warm,NN,2
warm,VB,3
warmly,RB,3
warmly,NN,3
warmly,JJ,3
warmth,NN,3
warmup,NN,6
warn,VB,3
warn,JJ,3
warning,VB,3
warning,NN,3
warning,JJ,3
warp,JJ,6
warp,NN,6
warp,VB,6
warp,IN,6
warp,RB,6
warrant,NN,1
warrant,VB,1
warranty,NN,3
warrior,JJ,3
warrior,NNP,3
warrior,VB,3
wars,NNS,1
warship,NN,4
wary,JJ,6
was,VBD,1
was,NN,1
wash,VB,1
wash,NN,1
washbasin,NNP,6
wasp,NN,4
wasp,JJ,4
waste,VB,3
waste,JJ,3
waste,NN,3
watch,VB,1
watch,NN,1
watchdog,NN,6
watches,NNS,1
watches,VB,1
water,NN,1
water,JJ,2.5
water,VB,4
waterfall,NN,3
waterfall,VB,3
waterfall,JJ,3
watermelon,NN,6
watermelon,VB,6
watershed,VBN,6
watershed,JJ,6
watershed,NN,4.93259199282496
waterway,NN,5.73872259863009
waterway,JJ,6
waterway,VB,6
watt,NNP,5.53884891540067
watt,JJ,6
watt,VB,6
wattage,NN,6
wattage,JJ,6
wave,NN,2
wave,VB,3
wave,JJ,2.5
wavelength,NN,4.42764842812118
wavelength,IN,6
wavelength,JJ,6
wavelength,DT,6
wavelength,RP,6
wavelength,PRP,6
wavelength,RB,6
wavelength,VB,6
way,JJ,1
way,RB,1
way,NN,1
ways,NNS,1
we,PRP,1
we,VB,1
we,NN,1
weak,JJ,2
weakness,NN,3
wealth,NN,2
wealthy,JJ,4
weapon,NN,3
wear,VB,1
wear,NN,1
wear,JJ,1
wearable,NN,1
wearable,JJ,1
weary,JJ,4
weasel,NNP,6
weasel,VB,6
weasel,JJ,6
weather,JJ,1
weather,VB,1
weather,NN,1
weave,NN,4
weave,VB,4
weave,JJ,4
weave,PRP,4
weave,IN,4
web,NN,2
wedding,NN,2
wednesday,NNP,1
weed,NN,4
weed,JJ,4
weed,VB,4
week,JJ,1
week,NN,1
weekday,NNP,2
weekday,JJ,2
weekday,VB,2
weekend,NN,1
weekly,NN,2
weekly,JJ,2
weekly,RB,2
weeks,NNS,1
weeks,JJ,1
weep,NN,2
weep,VB,2
weigh,VB,2
weight,VB,2
weight,NN,2
weightlifting,NN,6
weightlifting,VB,6
weir,NNP,5.93280800911259
weir,JJ,6
weir,IN,6
weir,VB,6
weir,RB,6
weird,NN,3
weird,JJ,3
welcome,JJ,3
welcome,NN,4
welcome,VB,1
welcome,UH,1
welder,NNP,5.05578990219635
welder,JJ,5.05578990219635
welfare,JJ,4
welfare,NN,4
well,RB,1
well,NN,1
well,JJ,1
well,VB,1
wellness,NN,1
wellness,JJ,1
welsh,NNP,4.50943337714848
welsh,VB,6
welsh,JJ,6
went,VBD,2
were,RB,1
were,VBD,1
west,NN,2
west,JJ,2
west,RB,2
western,JJ,4
western,NNP,4
wet,VB,2
wet,JJ,2
wet,NN,2
wetland,CC,3
wetland,NNP,3
wetland,VB,3
wetland,JJ,3
whale,NN,3
whale,JJ,3
whale,VB,3
whale,RB,3
wharf,JJ,6
wharf,IN,6
wharf,NN,5.40833319820322
wharf,VB,6
wharf,RB,6
what,NN,1
what,WP,1
what,DT,1
whatever,RB,2.5
whatever,WDT,2
whatever,NN,2.5
whatever,PRP,3
whatsoever,RB,4.306364057601
wheat,JJ,4
wheat,NN,4
wheel,NN,1
wheelbarrow,RB,6
wheelbarrow,NN,6
wheelbarrow,JJ,6
wheelchair,NN,2
wheelchair,RB,2
wheelchair,JJ,2
wheelchair,VB,2
wheeze,NNP,6
wheeze,VB,6
when,WRB,1
when,JJ,1
when,VB,1
when,CC,1
whenever,RB,3
whenever,CC,3
where,WRB,1
where,NN,1
where,CC,1
whereas,IN,4
whereas,CC,4
whereby,RB,3.29047419412808
wherein,NN,6
wherein,RB,3.72709271067234
wherein,IN,6
wherein,VB,6
wherein,JJ,6
wherever,WRB,3
wherever,CC,3
whether,CC,3
whether,NN,3
whether,IN,3
which,WDT,1
which,PRP,1
whichever,WDT,3
whichever,JJ,3.5
whichever,PRP,4
while,IN,2.5
while,JJ,2.5
while,NN,3
while,CC,2
whilst,NN,1
whilst,IN,1
whilst,VB,1
whilst,RB,1
whilst,JJ,1
whilst,RP,1
whilst,DT,1
whimsical,JJ,6
whimsical,NN,6
whip,NN,4
whip,VB,4
whisk,VB,6
whisk,RB,6
whisk,NN,6
whisk,DT,6
whisker,NNP,6
whisker,VB,6
whisker,JJ,6
whiskey,NNP,4
whisper,VB,4
whisper,NN,3
whistle,NN,3
whistle,VB,4
whistle,JJ,3.5
white,JJ,1
white,NN,1
who,WP,1
whoa,NN,1
whoa,JJ,1
whoa,VB,1
whoever,NN,3
whoever,WP,3
whole,NN,3
whole,JJ,2
whole,RB,2.5
whole,RP,2.5
wholeheartedly,RB,6
wholeheartedly,JJ,6
wholesale,JJ,3.39200542221901
wholesaler,NN,3.39200542221901
wholesaler,JJ,3.39200542221901
wholesaler,VB,3.39200542221901
wholesome,NN,6
wholesome,JJ,5.77348792118174
wholesome,VB,6
wholesome,PRP,6
wholly,RB,2.98027009394385
whom,WP,2
whose,PRP,1
whose,WDT,1
why,WRB,1
wicked,JJ,4.62024466210954
wide,JJ,2
wide,RB,2
widely,RB,2
widespread,JJ,3
widget,NN,6
widget,VB,6
widget,JJ,6
widow,NN,4
widower,NN,4
widower,JJ,4
widower,VB,4
widower,IN,4
width,NN,4
width,IN,4
width,JJ,4
width,VB,4
width,DT,4
wife,NN,1
wig,NNP,6
wig,JJ,6
wig,VB,6
wild,NN,2
wild,JJ,2
wild,RB,2
wilderness,NN,4
wildfire,NN,6
wildfire,JJ,6
wildfire,VB,6
wildlife,NN,3
wildly,RB,3
will,VB,2.5
will,NN,4
will,MD,1
william,NNP,1.46683456613927
willingly,RB,4
willingly,NN,4
willingly,JJ,4
willingness,NN,3
willow,NNP,5.27200431580213
willow,VB,6
willow,JJ,6
wilt,VB,6
wilt,NNP,6
wilt,JJ,6
wilt,PRP,6
win,JJ,2.5
win,VB,1
win,NNP,4
wind,JJ,2.5
wind,VB,4
wind,NN,1
windfall,IN,6
windfall,NN,6
windfall,JJ,6
windfall,VB,6
windmill,NN,6
windmill,VB,6
windmill,JJ,6
window,NN,1
windowpane,NN,6
windows,NNS,1
windowsill,JJ,6
windowsill,NNP,6
windshield,NN,4
windy,NN,2
windy,JJ,2
windy,VB,2
wine,NN,2
wineglass,NNP,6
wing,NN,3
wing,JJ,3
wink,VB,4
wink,NNP,4
wink,JJ,4
winner,NN,2
winning,JJ,2.5
winning,NN,2.5
winning,VBG,2.5
winter,NN,1
wipe,VB,4
wiper,NN,4
wiper,IN,4
wiper,JJ,4
wire,JJ,3.5
wire,NN,3
wire,VB,4
wireless,NN,4.25109561502796
wireless,IN,6
wireless,VB,6
wireless,JJ,6
wireless,CC,6
wisdom,NN,2
wise,NN,2
wise,JJ,2
wisely,RB,2
wish,VB,2
wish,NN,1
wistful,JJ,6
wistful,NN,6
witch,NNP,5.16717505169484
with,IN,1
with,JJ,1
with,NN,1
withdraw,VB,4
withdrawal,NN,4
withdrawn,VBN,4
withdrew,VB,4
withhold,VB,5.7105742674355
withhold,NN,6
withhold,JJ,6
withhold,RB,6
within,IN,2
within,RB,2
without,IN,2
withstand,VB,5.1200235125474
witness,NNP,4
witness,VB,3
witty,NN,4
witty,IN,4
witty,RB,4
witty,VB,4
witty,JJ,4
wives,NNS,1
wizard,NNP,3
wizard,JJ,3
wizard,VB,3
wizard,RB,3
wok,NN,6
wok,JJ,6
wok,VB,6
wolf,NN,4
wolves,NNS,4
wolves,VB,4
woman,NN,1
woman,JJ,1
women,NNS,1
won,VBN,2.5
won,NN,2.5
wonder,VB,2
wonder,NN,3
wonder,JJ,2.5
wonderful,JJ,1
wonderfully,RB,2.5
wood,NNP,2
wood,JJ,2
wooden,NNP,2
wooden,JJ,2
woodpecker,NNP,6
woody,NN,6
woody,JJ,6
woody,VB,6
wool,NNP,2
wool,JJ,2
word,JJ,1
word,NN,1
words,NNS,1
wore,VB,1
work,VB,1
work,NN,1
work,JJ,1
worked,VBN,1
workers,NNS,1
workforce,NN,4.87522282052915
workforce,VB,6
workforce,JJ,6
working,JJ,3
working,NN,3
working,VBG,3
workload,NN,5.60840519377957
workload,VB,6
workload,JJ,6
workout,NN,3
workplace,NN,3
workplace,JJ,3
works,NN,1
works,JJ,1
works,VBZ,1
workshop,NN,3
workshop,JJ,3
workshop,VB,3
workshop,RP,3
world,NN,1
world,RB,1
world,JJ,1
worldwide,NN,3
worldwide,JJ,4
worldwide,RB,2
worm,NN,4
worn,JJ,3
worn,VBN,3
worried,JJ,2
worried,VB,2
worry,VB,2
worry,NN,1
worse,JJR,2
worse,RB,2
worse,NN,4
worship,VB,4
worship,NN,4
worst,RB,4
worst,JJS,2
worst,NN,3
worth,NNP,3
worth,JJ,3
worth,IN,3
worthless,JJ,4
worthwhile,JJ,3
worthwhile,NN,3
worthwhile,VB,3
worthwhile,IN,3
worthy,JJ,3
would,VB,1
would,JJ,1
would,MD,1
wound,NN,3
wound,VB,4
wrap,NN,3
wrap,VB,3
wrath,NN,5.24516553647443
wreath,NN,6
wreck,NN,4
wreck,VB,4
wreckage,NN,4
wrench,JJ,6
wrench,NN,6
wrench,VB,6
wrestling,VB,6
wrestling,NN,6
wretched,JJ,5.57648117298345
wrinkle,VB,6
wrinkle,NN,6
wrinkle,JJ,6
wrist,NN,3
wristwatch,VB,3
wristwatch,NNP,3
write,VB,1
write,NN,1
writer,NN,1
writing,VBG,2
writing,NN,2
writing,JJ,2
written,VBN,3
written,JJ,3
wrong,JJ,1
wrong,NN,1.5
wrong,RB,2
wrongly,RB,4
wrongly,JJ,4
wrote,VBD,1
yacht,NN,4
yam,NNP,6
yam,VB,6
yam,JJ,6
yang,NNP,4.9789701059564
yang,VB,6
yang,JJ,6
yard,JJ,1
yard,NN,1
yarn,VB,6
yarn,JJ,6
yarn,NNP,4.7916073262111
yarn,RB,6
yarn,CD,6
yawn,NNP,4
yawn,VB,4
yeah,NN,2
yeah,RB,2
year,CD,1
year,JJ,1
year,NN,1
year,RB,1
yearly,JJ,1
yearly,RB,1
yearn,NNP,4
yearn,VB,4
years,NNS,1
yeast,NN,4.64584099810314
yell,VB,4
yell,NN,3
yellow,NN,1
yellow,JJ,1
yes,NN,1
yes,RB,1
yesterday,RB,1
yesterday,NN,1
yet,CC,3
yet,RB,1
yet,JJ,2
yield,NN,4
yield,VB,4
yield,JJ,4
yoga,NN,3
yoga,JJ,3
yoga,VB,3
yogurt,NNP,1
yogurt,RB,1
yogurt,VB,1
yogurt,JJ,1
york,NNP,1.00003962198735
york,JJ,5.69590941673019
you,NN,1
you,PRP,1
you,JJ,1
you,VB,1
you,RP,1
young,NN,1
young,JJ,1
your,PRP,1
your,JJ,1
your,PRP$,1
yourself,JJ,1
yourself,PRP,1
yourselves,PRP,5.55365239511054
youth,NN,2
yuan,NNP,5.54575493801302
yuan,JJ,6
yuan,VB,6
zealand,JJ,6
zealand,NNP,2.96711177053359
zealous,JJ,5.14863660098551
zealous,NN,5.14863660098551
zebra,DT,4
zebra,NNP,4
zero,CD,2.85967010547768
zero,NN,4.58631182828439
zero,JJ,5.68879201348121
zero,VB,6
zest,JJ,6
zest,NN,6
zest,RB,6
zest,VB,6
zinc,NN,3.35585057591446
zinc,JJ,6
zinc,VB,6
zip,NN,4
zip,VB,4
zipper,NNP,4
zombie,NNP,6
zombie,JJ,6
zone,NN,2
zoo,NN,1
zoom,NNP,4
zoom,JJ,4
zoom,VB,4
zucchini,NNS,6
zucchini,VB,6
